# Blender 5.0.1
# www.blender.org
mtllib Spaceship.mtl
o Spaceship
v 1.015424 0.180973 8.409907
v 0.630213 -0.488561 8.482572
v 0.387332 -1.228161 8.546851
v 0.387353 -1.481960 9.407256
v 0.269661 -1.481988 9.161468
v 0.387354 -1.671645 9.430175
v 0.269662 -1.671513 9.182981
v 0.631097 -1.715061 8.499566
v 1.428287 0.291749 8.655147
v 1.428287 0.907233 8.506433
v 1.787949 1.283125 3.514395
v 1.516428 0.176249 8.329652
v 1.083998 -1.812693 9.705054
v 1.095715 -1.239206 9.519855
v 1.516428 -1.054351 8.555896
v 1.491812 -1.844112 8.721078
v 1.098117 0.906362 8.651626
v 0.919214 1.254818 4.314533
v 2.400910 0.222146 6.477657
v 1.516428 -0.489777 8.444007
v 0.631097 -1.812783 8.472535
v 0.833718 -1.832555 7.334602
v 4.438686 0.972388 -1.371685
v 2.285145 -0.954215 6.658081
v 1.841404 -1.820452 7.334602
v 1.556565 1.283125 1.065659
v 1.348553 -0.863131 0.721464
v 1.967180 -0.616064 -2.223207
v 2.154169 -0.799836 0.721465
v 4.409597 -0.472316 -1.371685
v 2.144249 -0.615964 -2.994030
v 1.090096 0.291086 8.803870
v 1.670395 -2.239388 5.565692
v 1.671598 -2.188792 4.532938
v 1.549178 -2.196556 4.532932
v 1.549295 -2.234251 5.562474
v 1.315768 0.039702 7.981920
v 1.315884 -0.214216 8.082311
v 1.060911 -0.213717 8.267362
v 1.136334 0.029241 8.134067
v 0.642400 -1.054786 8.574841
v 0.672014 -1.231390 9.730954
v 0.672073 -1.798448 9.911599
v 1.012434 0.680163 8.093949
v 0.854230 1.057718 4.540065
v 1.027817 0.303410 8.425864
v 0.631083 -1.228196 8.548415
v 0.631116 -1.481904 9.401063
v 0.631118 -1.671920 9.426890
v 2.192694 1.081062 -2.993912
v 3.905338 -0.212540 -0.830782
v 3.912521 0.151898 -0.838573
v 2.629517 0.226151 -1.852809
v 2.614781 -0.194829 -1.838291
v 1.966896 0.250254 -2.200614
v 4.855564 -0.350239 4.901658
v 2.034411 -0.600859 6.146197
v 2.034810 -0.237707 5.809512
v 3.398026 -0.010012 4.089871
v 3.418574 -0.227373 4.224204
v 4.806249 0.297237 4.615835
v 0.997842 -1.033237 1.885002
v 0.716685 -1.703353 6.455685
v 0.643638 -1.634674 2.937091
v 0.439542 -1.941665 5.666935
v 1.755983 -1.346670 4.194183
v 1.752981 -1.747264 6.778678
v 1.450552 -1.361243 4.194174
v 1.450842 -1.737617 6.772640
v 4.074152 0.349113 -0.508049
v 4.056898 -0.209589 -0.497403
v 4.308876 -0.207103 2.171129
v 4.300643 0.224495 2.140633
v 1.104939 0.119201 8.409310
v 0.790056 -0.427859 8.461810
v 1.396414 0.116314 8.346894
v 1.396583 -0.428589 8.447284
v 1.597146 -0.887753 8.378087
v 2.337832 -0.740052 6.656096
v 1.598398 -0.520865 8.286569
v 2.448828 -0.166289 6.514211
v 4.444000 0.120078 4.948765
v 4.497332 -0.261885 5.119779
v 4.250831 -0.318322 -1.488575
v 2.283035 -0.349311 -2.898106
v 4.267330 0.303517 -1.491769
v 3.965966 0.843225 -1.366486
v 2.576842 0.911804 -2.372957
v 2.576472 0.784670 -2.370595
v 3.960062 0.701433 -1.368110
v 2.314762 0.425096 -2.901974
v 4.690660 -0.267760 2.566053
v 4.451066 -0.287580 -0.744571
v 4.677691 0.270030 2.535051
v 4.480280 0.432367 -0.746978
v 2.449736 0.969829 -2.807565
v 4.177351 0.886236 -1.559719
v 2.449350 0.754830 -2.805216
v 4.171433 0.639766 -1.561353
v 3.769570 1.992470 -6.573008
v 3.769570 2.154011 -6.573008
v 3.150765 2.154011 -6.924491
v 3.126419 1.839275 -6.924491
v 4.266608 1.992470 -4.242541
v 3.287391 1.839276 -3.521660
v 3.349514 2.154011 -3.521660
v 4.266608 2.154011 -4.242541
v 2.124412 1.839275 -6.924491
v 2.124412 2.154011 -6.924491
v 2.124412 2.154011 -3.521660
v 2.124412 1.839276 -3.521660
v 2.824779 1.997310 -9.688254
v 2.830899 2.152464 -9.847337
v 2.276424 2.152464 -9.847337
v 2.276424 1.997310 -9.688254
v 2.458744 1.327135 -3.941023
v 2.458744 1.457267 -6.243907
v 2.105199 1.457267 -6.243907
v 2.105199 1.327135 -3.941023
v 2.549347 1.564868 -3.941023
v 2.030013 1.564868 -3.941023
v 2.030013 1.564867 -6.318408
v 2.549347 1.564867 -6.318408
v 0.998510 1.745181 -2.460046
v 0.998510 1.327135 -2.460046
v 0.998510 1.745182 -4.216112
v 0.998510 1.327135 -4.216112
v 0.876414 2.393348 -3.864262
v 0.876414 2.393348 -3.215924
v 0.749464 2.393348 -3.215924
v 0.749464 2.393348 -3.864262
v 0.673121 0.896671 -2.573671
v 0.673121 0.896672 -3.560502
v 0.789006 1.327135 -3.829178
v 0.789006 1.327135 -2.573671
v 0.715145 1.745181 -4.024026
v 0.715145 1.745181 -2.652132
v 0.910732 1.745181 -2.652132
v 0.910732 1.745181 -4.024026
v 2.198502 1.894853 -6.924491
v 2.198502 2.152465 -6.924491
v 3.070723 2.152465 -6.924491
v 3.057838 1.894853 -6.924491
v 5.020840 2.772663 2.036730
v 5.020838 2.772664 -2.153193
v 6.338130 1.905001 -1.991777
v 7.591531 0.837175 0.795169
v 3.542100 2.772666 -9.910419
v 7.591533 0.837173 5.650162
v 6.444033 1.813460 5.650162
v 7.591529 0.837177 -3.589960
v 6.943205 1.376556 -4.056985
v 1.605195 2.772664 -2.604585
v 1.606480 2.772666 -9.910415
v 7.591532 0.261722 1.728639
v 7.591532 0.261721 4.696340
v 6.206229 1.734504 -1.993110
v 4.977682 2.044166 -2.153194
v 4.917437 2.066223 2.449214
v 7.433155 0.690940 0.794111
v 3.542100 2.039805 -9.910419
v 6.306985 1.647074 5.651204
v 7.412736 0.716756 5.650162
v 7.452119 0.672763 -3.588783
v 6.804116 1.211876 -4.054846
v 1.257244 2.039805 -9.910415
v 1.255958 2.039802 -2.190938
v 7.449677 0.261721 4.696340
v 7.449676 0.261722 1.728639
v 3.210829 2.643609 -8.822181
v 3.213876 2.165418 -8.825629
v 3.476938 2.172387 -8.347791
v 3.484961 2.648781 -8.349885
v 2.765056 2.505214 -2.445039
v 2.684591 2.287832 -2.166383
v 1.761376 2.281719 -2.908299
v 1.883277 2.504648 -3.181026
v 2.231030 2.645097 -8.776643
v 2.200927 2.166902 -8.777230
v 3.352371 2.622650 -0.079965
v 1.664691 2.621557 -2.377108
v 1.435931 2.191829 -2.104383
v 3.256845 2.203614 0.198686
v 3.539916 2.645287 -9.909310
v 3.868289 2.645303 -8.215575
v 3.860938 2.168912 -8.211202
v 3.544261 2.167103 -9.911601
v 2.099159 2.167103 -9.910756
v 2.129451 2.645287 -9.910161
v 5.152644 2.533612 -2.089306
v 5.523776 2.789496 -3.986091
v 6.334212 2.320132 -3.833981
v 6.258488 1.881618 -1.899851
v 6.196835 1.795478 -1.977903
v 6.293605 2.249597 -3.923335
v 5.460968 2.596087 -4.072712
v 5.028869 2.140948 -2.131333
v 3.162847 2.912512 -2.957013
v 2.349213 2.912512 -2.957013
v 2.050594 3.381261 -4.120609
v 3.476081 3.381261 -4.120609
v 3.280689 2.766239 -2.908944
v 2.162081 2.766239 -2.908944
v 2.162081 2.837982 -2.908944
v 3.280689 2.837982 -2.908944
v 1.823350 2.766239 -4.120609
v 1.823350 3.210256 -4.120609
v 2.302440 2.899018 -9.246083
v 3.224229 2.899018 -9.246083
v 3.224229 3.075211 -9.061540
v 2.302440 3.075211 -9.061540
v 3.426352 2.766241 -9.731772
v 3.426352 2.766240 -8.210822
v 3.426352 3.232373 -8.210814
v 3.426352 3.246899 -9.372661
v 2.050592 3.381261 -5.673224
v 3.476079 3.381261 -5.673224
v 1.823348 2.766239 -5.673225
v 1.823348 3.214839 -5.673237
v 3.703325 2.766239 -4.120609
v 3.703325 3.210256 -4.120609
v 3.266065 3.381262 -9.149739
v 3.266065 3.381261 -8.210822
v 2.260604 3.381262 -9.149739
v 2.100318 3.246899 -9.372661
v 3.703323 2.766241 -7.549310
v 3.703323 2.766241 -7.185133
v 3.703323 3.224880 -7.185105
v 3.703323 3.229574 -7.549316
v 2.715454 3.738563 -8.566680
v 2.715454 3.738563 -8.936000
v 2.811214 3.738563 -8.936000
v 2.811214 3.738563 -8.566672
v 2.100318 2.766240 -8.210822
v 2.100318 2.766241 -9.731772
v 2.100318 3.232373 -8.210814
v 3.476079 3.381262 -7.185133
v 3.476079 3.381262 -7.549311
v 2.260604 3.381261 -8.210822
v 2.050592 3.381262 -7.549311
v 1.823348 2.766241 -7.549310
v 1.823348 3.229574 -7.549316
v 3.340169 2.835283 -9.680192
v 2.186503 2.835283 -9.680192
v 3.340169 3.177856 -9.424243
v 2.186503 3.177856 -9.424243
v 2.050592 3.381262 -7.185133
v 1.823348 2.766241 -7.185133
v 1.823348 3.224880 -7.185105
v 3.703323 2.766239 -5.673225
v 3.703323 3.214839 -5.673237
v 2.289597 3.272525 -5.703937
v 2.288305 3.271943 -7.167202
v 3.238362 3.271943 -7.167202
v 3.237072 3.272527 -5.703937
v 2.263643 3.228086 -5.704744
v 2.261827 3.235899 -7.167986
v 3.264842 3.235899 -7.167986
v 3.263025 3.228086 -5.704744
v 3.642586 3.123713 -5.793883
v 3.429710 3.404635 -6.031857
v 2.113497 3.404635 -6.031857
v 1.900621 3.123713 -5.793883
v 3.642586 3.153708 -5.722037
v 1.900621 3.153708 -5.722037
v 2.113497 3.434632 -5.960010
v 3.429710 3.434632 -5.960010
v 5.955903 2.013090 -2.329357
v 6.102405 2.324401 -1.928981
v 5.692820 2.583460 -1.928981
v 5.474319 2.317687 -2.329357
v 5.812706 2.103660 0.188979
v 5.617517 2.227115 0.188979
v 5.747882 2.400934 -0.021485
v 5.910198 2.290094 -0.021485
v 2.872201 3.381263 -9.041465
v 2.654466 3.381263 -9.041465
v 2.654466 3.381263 -8.319108
v 2.872201 3.381263 -8.319102
v 3.642586 3.123713 -6.164342
v 3.429710 3.404635 -6.402316
v 2.113497 3.404635 -6.402316
v 1.900621 3.123713 -6.164342
v 3.642586 3.153708 -6.092496
v 1.900621 3.153708 -6.092496
v 2.113497 3.434632 -6.330468
v 3.429710 3.434632 -6.330468
v 3.642586 3.123713 -6.526815
v 3.429710 3.404635 -6.764789
v 2.113497 3.404635 -6.764789
v 1.900621 3.123713 -6.526815
v 3.642586 3.153708 -6.454969
v 1.900621 3.153708 -6.454969
v 2.113497 3.434632 -6.692944
v 3.429710 3.434632 -6.692944
v 3.642586 3.123713 -6.882647
v 3.429710 3.404635 -7.120620
v 2.113497 3.404635 -7.120620
v 1.900621 3.123713 -6.882647
v 3.642586 3.153709 -6.810802
v 1.900621 3.153709 -6.810802
v 2.113497 3.434632 -7.048774
v 3.429710 3.434632 -7.048774
v 6.498775 1.655270 0.360946
v 7.466653 0.822387 0.360945
v 6.987776 1.982785 0.807421
v 7.717600 1.354753 0.807421
v 6.498775 1.655270 5.641965
v 7.466653 0.822386 5.641965
v 6.869880 1.845779 4.755055
v 7.599704 1.217748 4.755055
v 7.089368 1.895363 0.807421
v 7.616010 1.442175 0.807421
v 7.331924 0.938324 0.360945
v 6.633504 1.539332 0.360946
v 6.633504 1.539333 5.641965
v 7.331924 0.938323 5.641965
v 7.498112 1.305170 4.755055
v 6.971472 1.758357 4.755055
v 7.466653 0.822386 3.384620
v 6.498775 1.655270 3.384620
v 7.658652 1.286250 3.164403
v 6.928829 1.914282 3.164403
v 7.030419 1.826860 3.164403
v 7.557060 1.373672 3.164403
v 7.299369 0.949978 0.615473
v 6.649881 1.508879 0.615473
v 6.962648 1.684691 1.021136
v 6.909476 1.622900 3.073588
v 7.373414 1.223671 3.073587
v 7.426585 1.285462 1.021136
v 6.990089 1.813182 3.050744
v 7.544053 1.336483 3.050744
v 7.560596 1.355706 3.010095
v 7.006631 1.832406 3.010095
v 6.823423 1.619503 2.909152
v 7.377387 1.142803 2.909151
v 7.374742 1.139729 2.783453
v 6.820778 1.616429 2.783454
v 6.998129 1.822526 2.824228
v 7.552094 1.345825 2.824227
v 7.568635 1.365049 2.783579
v 7.014671 1.841749 2.783579
v 6.831462 1.628845 2.682635
v 7.385426 1.152145 2.682635
v 7.382782 1.149072 2.556937
v 6.828817 1.625772 2.556937
v 7.005497 1.831087 2.621833
v 7.559461 1.354387 2.621833
v 7.576003 1.373610 2.581184
v 7.022038 1.850310 2.581184
v 6.838830 1.637407 2.480241
v 7.392794 1.160707 2.480241
v 7.390149 1.157633 2.354543
v 6.836185 1.634333 2.354543
v 7.009986 1.836305 2.412876
v 7.563951 1.359605 2.412876
v 7.580492 1.378828 2.372227
v 7.026529 1.855528 2.372227
v 6.843320 1.642624 2.271283
v 7.397285 1.165925 2.271283
v 7.394639 1.162851 2.145586
v 6.840674 1.639551 2.145586
v 7.013284 1.840137 2.209434
v 7.567248 1.363437 2.209434
v 7.583790 1.382660 2.168785
v 7.029826 1.859360 2.168785
v 6.846618 1.646457 2.067841
v 7.400581 1.169757 2.067841
v 7.397937 1.166683 1.942143
v 6.843973 1.643383 1.942143
v 3.769570 -1.992469 -6.573008
v 3.126419 -1.839275 -6.924491
v 3.150765 -2.154010 -6.924491
v 3.769570 -2.154011 -6.573008
v 4.266608 -1.992469 -4.242541
v 4.266608 -2.154010 -4.242541
v 3.349514 -2.154010 -3.521660
v 3.287391 -1.839275 -3.521660
v 2.124412 -1.839275 -6.924491
v 2.124412 -1.839275 -3.521660
v 2.124412 -2.154010 -3.521660
v 2.124412 -2.154010 -6.924491
v 2.824779 -1.997310 -9.688254
v 2.276424 -1.997310 -9.688254
v 2.276424 -2.152464 -9.847337
v 2.830899 -2.152464 -9.847337
v 2.458744 -1.327134 -3.941023
v 2.105199 -1.327134 -3.941023
v 2.105199 -1.457266 -6.243907
v 2.458744 -1.457266 -6.243907
v 2.030013 -1.564867 -3.941023
v 2.549347 -1.564867 -3.941023
v 2.030013 -1.564867 -6.318408
v 2.549347 -1.564867 -6.318408
v 0.998510 -1.745181 -2.460046
v 0.998510 -1.327134 -2.460046
v 0.998510 -1.745180 -4.216112
v 0.998510 -1.327134 -4.216112
v 0.876414 -2.393347 -3.864262
v 0.749464 -2.393347 -3.864262
v 0.749464 -2.393347 -3.215924
v 0.876414 -2.393347 -3.215924
v 0.673121 -0.896671 -2.573671
v 0.673121 -0.896671 -3.560502
v 0.789006 -1.327134 -2.573671
v 0.789006 -1.327134 -3.829178
v 0.910732 -1.745181 -4.024026
v 0.910732 -1.745181 -2.652132
v 0.715145 -1.745181 -4.024026
v 0.715145 -1.745181 -2.652132
v 2.198502 -2.152463 -6.924491
v 2.198502 -1.894853 -6.924491
v 3.057838 -1.894853 -6.924491
v 3.070723 -2.152463 -6.924491
v 5.020840 -2.772662 2.036729
v 7.591531 -0.837175 0.795169
v 6.338130 -1.905000 -1.991777
v 5.020838 -2.772663 -2.153194
v 3.542100 -2.772666 -9.910419
v 6.444033 -1.813460 5.650162
v 7.591533 -0.837173 5.650162
v 7.591529 -0.837176 -3.589960
v 6.943205 -1.376555 -4.056985
v 1.605195 -2.772663 -2.604586
v 1.606480 -2.772666 -9.910415
v 7.591532 -0.261722 4.696339
v 7.591532 -0.261722 1.728639
v 6.206229 -1.734504 -1.993110
v 7.433155 -0.690940 0.794111
v 4.917437 -2.066223 2.449214
v 4.977682 -2.044166 -2.153194
v 3.542100 -2.039805 -9.910419
v 6.306985 -1.647074 5.651204
v 7.412736 -0.716756 5.650162
v 6.804116 -1.211875 -4.054846
v 7.452119 -0.672762 -3.588783
v 1.255958 -2.039802 -2.190938
v 1.257244 -2.039805 -9.910415
v 7.449677 -0.261722 4.696339
v 7.449676 -0.261722 1.728639
v 3.210829 -2.643609 -8.822181
v 3.484961 -2.648781 -8.349885
v 3.476938 -2.172387 -8.347791
v 3.213876 -2.165418 -8.825629
v 2.765056 -2.505213 -2.445039
v 1.883277 -2.504647 -3.181026
v 1.761376 -2.281718 -2.908299
v 2.684591 -2.287831 -2.166383
v 2.231030 -2.645097 -8.776643
v 2.200927 -2.166902 -8.777230
v 1.664691 -2.621556 -2.377108
v 3.352371 -2.622649 -0.079966
v 1.435931 -2.191828 -2.104383
v 3.256845 -2.203614 0.198686
v 3.868289 -2.645303 -8.215575
v 3.539916 -2.645286 -9.909310
v 3.860938 -2.168912 -8.211202
v 3.544261 -2.167104 -9.911601
v 2.099159 -2.167104 -9.910756
v 2.129451 -2.645286 -9.910161
v 5.152644 -2.533611 -2.089306
v 6.258488 -1.881617 -1.899851
v 6.334212 -2.320130 -3.833981
v 5.523776 -2.789495 -3.986091
v 6.196835 -1.795477 -1.977903
v 6.293605 -2.249596 -3.923335
v 5.460968 -2.596086 -4.072712
v 5.028869 -2.140947 -2.131333
v 3.162847 -2.912510 -2.957013
v 3.476081 -3.381260 -4.120608
v 2.050594 -3.381260 -4.120608
v 2.349213 -2.912510 -2.957013
v 3.280689 -2.766238 -2.908945
v 3.280689 -2.837981 -2.908945
v 2.162081 -2.837981 -2.908945
v 2.162081 -2.766238 -2.908945
v 1.823350 -3.210255 -4.120608
v 1.823350 -2.766238 -4.120609
v 2.302440 -2.899017 -9.246083
v 2.302440 -3.075211 -9.061540
v 3.224229 -3.075211 -9.061540
v 3.224229 -2.899017 -9.246083
v 3.426352 -2.766241 -9.731772
v 3.426352 -3.246899 -9.372661
v 3.426352 -3.232374 -8.210814
v 3.426352 -2.766240 -8.210822
v 3.476079 -3.381260 -5.673223
v 2.050592 -3.381260 -5.673223
v 1.823348 -3.214839 -5.673236
v 1.823348 -2.766239 -5.673225
v 3.703325 -2.766238 -4.120609
v 3.703325 -3.210255 -4.120608
v 3.266065 -3.381262 -9.149739
v 3.266065 -3.381261 -8.210822
v 2.100318 -3.246899 -9.372661
v 2.260604 -3.381262 -9.149739
v 3.703323 -2.766239 -7.549310
v 3.703323 -3.229573 -7.549315
v 3.703323 -3.224880 -7.185104
v 3.703323 -2.766239 -7.185133
v 2.715454 -3.738563 -8.566680
v 2.811214 -3.738563 -8.566672
v 2.811214 -3.738563 -8.936000
v 2.715454 -3.738563 -8.936000
v 2.100318 -2.766240 -8.210822
v 2.100318 -3.232374 -8.210814
v 2.100318 -2.766241 -9.731772
v 3.476079 -3.381260 -7.549310
v 3.476079 -3.381260 -7.185133
v 2.260604 -3.381261 -8.210822
v 2.050592 -3.381260 -7.549310
v 1.823348 -2.766239 -7.549310
v 1.823348 -3.229573 -7.549315
v 2.186503 -2.835283 -9.680192
v 3.340169 -2.835283 -9.680192
v 3.340169 -3.177856 -9.424243
v 2.186503 -3.177856 -9.424243
v 2.050592 -3.381260 -7.185133
v 1.823348 -2.766239 -7.185133
v 1.823348 -3.224880 -7.185104
v 3.703323 -2.766239 -5.673225
v 3.703323 -3.214839 -5.673236
v 2.289597 -3.272525 -5.703936
v 3.237072 -3.272527 -5.703936
v 3.238362 -3.271942 -7.167202
v 2.288305 -3.271942 -7.167202
v 2.263643 -3.228086 -5.704743
v 2.261827 -3.235899 -7.167985
v 3.264842 -3.235899 -7.167985
v 3.263025 -3.228086 -5.704743
v 3.642586 -3.123712 -5.793883
v 1.900621 -3.123712 -5.793883
v 2.113497 -3.404635 -6.031857
v 3.429710 -3.404635 -6.031857
v 3.642586 -3.153708 -5.722037
v 3.429710 -3.434632 -5.960009
v 2.113497 -3.434632 -5.960009
v 1.900621 -3.153708 -5.722037
v 5.955903 -2.013090 -2.329357
v 5.474319 -2.317687 -2.329357
v 5.692820 -2.583460 -1.928981
v 6.102405 -2.324401 -1.928981
v 5.812706 -2.103660 0.188979
v 5.910198 -2.290094 -0.021485
v 5.747882 -2.400934 -0.021485
v 5.617517 -2.227115 0.188979
v 2.654466 -3.381263 -9.041465
v 2.872201 -3.381263 -9.041465
v 2.654466 -3.381263 -8.319108
v 2.872201 -3.381263 -8.319102
v 3.642586 -3.123712 -6.164342
v 1.900621 -3.123712 -6.164342
v 2.113497 -3.404635 -6.402315
v 3.429710 -3.404635 -6.402315
v 3.642586 -3.153708 -6.092496
v 3.429710 -3.434632 -6.330467
v 2.113497 -3.434632 -6.330467
v 1.900621 -3.153708 -6.092496
v 3.642586 -3.123712 -6.526815
v 1.900621 -3.123712 -6.526815
v 2.113497 -3.404634 -6.764788
v 3.429710 -3.404634 -6.764788
v 3.642586 -3.153708 -6.454969
v 3.429710 -3.434632 -6.692943
v 2.113497 -3.434632 -6.692943
v 1.900621 -3.153708 -6.454969
v 3.642586 -3.123712 -6.882647
v 1.900621 -3.123712 -6.882647
v 2.113497 -3.404634 -7.120619
v 3.429710 -3.404634 -7.120619
v 3.642586 -3.153708 -6.810802
v 3.429710 -3.434632 -7.048773
v 2.113497 -3.434632 -7.048773
v 1.900621 -3.153708 -6.810802
v 6.962648 -1.684691 1.021135
v 7.426585 -1.285462 1.021135
v 7.299369 -0.949978 0.615473
v 6.649881 -1.508878 0.615473
v 6.633504 -1.539333 5.641965
v 7.331924 -0.938324 5.641965
v 7.498112 -1.305170 4.755055
v 6.971472 -1.758358 4.755055
v 7.466653 -0.822386 0.360945
v 7.717600 -1.354753 0.807421
v 7.658652 -1.286251 3.164403
v 7.466653 -0.822386 3.384620
v 6.909476 -1.622901 3.073587
v 7.373414 -1.223672 3.073587
v 6.987776 -1.982784 0.807421
v 6.498775 -1.655270 0.360945
v 6.498775 -1.655270 3.384620
v 6.928829 -1.914282 3.164402
v 7.616010 -1.442175 0.807421
v 7.331924 -0.938324 0.360945
v 6.633504 -1.539332 0.360945
v 7.089368 -1.895363 0.807421
v 7.466653 -0.822387 5.641965
v 7.599704 -1.217748 4.755055
v 6.869880 -1.845780 4.755055
v 6.498775 -1.655270 5.641965
v 7.030419 -1.826860 3.164402
v 7.557060 -1.373673 3.164402
v 6.990089 -1.813183 3.050744
v 7.544053 -1.336483 3.050744
v 7.560596 -1.355706 3.010095
v 7.006631 -1.832406 3.010095
v 6.823423 -1.619503 2.909151
v 7.377387 -1.142803 2.909151
v 7.374742 -1.139729 2.783453
v 6.820778 -1.616429 2.783453
v 6.998129 -1.822525 2.824227
v 7.552094 -1.345825 2.824227
v 7.568635 -1.365049 2.783579
v 7.014671 -1.841749 2.783579
v 6.831462 -1.628845 2.682635
v 7.385426 -1.152145 2.682635
v 7.382782 -1.149072 2.556937
v 6.828817 -1.625772 2.556937
v 7.005497 -1.831087 2.621833
v 7.559461 -1.354387 2.621833
v 7.576003 -1.373610 2.581184
v 7.022038 -1.850310 2.581184
v 6.838830 -1.637407 2.480241
v 7.392794 -1.160707 2.480241
v 7.390149 -1.157633 2.354542
v 6.836185 -1.634333 2.354542
v 7.009986 -1.836305 2.412876
v 7.563951 -1.359605 2.412876
v 7.580492 -1.378828 2.372227
v 7.026529 -1.855528 2.372227
v 6.843320 -1.642624 2.271283
v 7.397285 -1.165925 2.271283
v 7.394639 -1.162851 2.145586
v 6.840674 -1.639551 2.145586
v 7.013284 -1.840137 2.209434
v 7.567248 -1.363437 2.209434
v 7.583790 -1.382660 2.168785
v 7.029826 -1.859360 2.168785
v 6.846618 -1.646457 2.067840
v 7.400581 -1.169757 2.067840
v 7.397937 -1.166683 1.942143
v 6.843973 -1.643383 1.942143
v 0.316936 -1.307620 8.391664
v 0.432094 -0.586591 9.699660
v 0.301517 2.113792 3.262669
v 0.301300 1.892596 6.675667
v 0.787293 1.986643 3.050108
v 0.960818 1.530960 7.076954
v 0.632211 1.682464 7.061792
v 0.573273 2.313261 2.917599
v 0.605799 1.986643 -0.621924
v 0.573273 2.313261 0.375151
v 0.305958 1.269809 8.317920
v 0.290051 1.021526 8.727967
v 0.767558 0.522753 2.799108
v 0.960818 0.525941 7.388597
v 0.605799 0.310487 -0.847859
v 0.276743 0.653180 8.889556
v 0.336134 1.552428 7.024308
v 0.462964 1.150226 8.991069
v 0.477260 1.445402 8.524642
v 0.462964 0.243792 9.384414
v 1.932792 1.634423 0.679754
v 1.880841 1.634423 -0.199835
v 1.877680 0.520455 -0.446445
v 1.933146 0.520455 1.116170
v 0.697452 1.903402 0.134808
v 0.766633 1.903402 2.411658
v 0.696571 0.522753 -0.035974
v 0.339856 1.151002 9.001918
v 0.355459 1.440839 8.524392
v 0.338719 0.382743 9.310170
v 0.406526 2.279471 3.071476
v 0.406549 1.683223 7.051835
v 0.336456 2.054675 3.168024
v 0.283678 2.313261 1.761849
v 0.283678 2.313261 2.594003
v 0.491054 1.821755 2.907901
v 0.491054 2.360194 2.696941
v 0.491054 2.382528 1.798046
v 0.491054 1.841575 2.110223
v 0.579311 3.030243 1.781497
v 0.310281 3.030243 1.781497
v 0.310281 3.036588 1.526131
v 0.579311 3.036588 1.526131
v 0.310127 2.353754 2.696781
v 0.310127 1.821755 2.907901
v 0.309940 1.942946 -1.969722
v 0.309940 2.513658 -1.838568
v 0.654766 2.544213 -0.972392
v 0.654766 2.532295 -0.492747
v 0.654766 2.977117 -0.481726
v 0.654766 2.989033 -0.961340
v 0.226375 2.487820 -1.059488
v 0.222860 2.758118 -0.776468
v 0.383372 2.511133 -1.838630
v 0.383372 2.449346 -0.494828
v 1.241753 2.871827 1.274222
v 1.241753 2.441280 1.529363
v 1.241753 2.877915 1.029196
v 0.468322 3.097440 -1.175425
v 0.383372 1.942946 -1.969722
v 0.383372 1.906634 -0.508259
v 0.223053 2.756059 -0.487198
v 1.499400 2.706666 -0.033875
v 1.499400 2.684562 0.855768
v 1.498633 2.771511 0.852453
v 1.498633 2.793480 -0.031735
v 0.491054 2.430975 -0.151835
v 1.241753 2.450542 1.156561
v 1.241753 2.483019 -0.150522
v 0.579311 3.080141 -0.479145
v 0.491054 1.898106 -0.165022
v 0.254268 2.972912 -0.138360
v 1.241753 2.906965 -0.140019
v 0.579311 3.077880 -0.135752
v 0.258132 2.808283 1.695749
v 0.254268 2.931620 1.523522
v 0.257979 2.490084 1.853293
v 0.310087 3.097440 -1.175425
v 0.310281 3.080141 -0.479145
v 0.310281 3.077880 -0.135752
v 0.392792 3.294926 0.991109
v 0.392792 3.318849 0.028308
v 0.496800 3.318849 0.028308
v 0.496800 3.294926 0.991109
v 1.241753 2.568126 0.958147
v 1.241753 2.592844 -0.036703
v 1.241753 2.804140 0.942779
v 1.241753 2.828332 -0.030868
v 0.501555 -1.149755 -3.781561
v 0.501555 0.490096 -3.781561
v 0.501555 1.667523 -0.061147
v 0.501555 -1.268600 -0.061147
v 0.501555 -2.033579 -3.781561
v 0.501555 -2.033580 -1.186760
v 0.501555 2.197523 -3.781561
v 0.501555 2.197522 -1.186759
v 0.157489 0.970291 -5.744652
v 0.157489 1.876423 -5.744652
v 0.157489 -1.877046 -5.744652
v 0.157489 -1.306288 -5.744652
v 0.000000 0.176248 8.329652
v 0.000000 -0.489779 8.444009
v 0.000000 -1.713491 8.475814
v 0.000000 -1.814821 8.450866
v 0.000000 -0.860587 0.721464
v 0.000000 -0.616067 -2.223212
v 0.000000 1.058833 5.042974
v 0.000000 0.681188 8.617152
v 0.000000 1.283125 1.384330
v 0.000000 1.254444 4.792155
v 0.000000 -1.482050 9.168321
v 0.000000 -1.671208 9.186616
v 0.000000 0.896672 -3.560502
v 0.000000 1.327135 -2.573670
v 0.000000 1.327134 -3.829179
v 0.000000 -1.327134 -4.216112
v 0.000000 -1.307620 8.391664
v 0.000000 2.113315 3.262566
v 0.000000 1.893811 6.681489
v 0.000000 1.986643 -0.621924
v 0.000000 0.310487 -0.847859
v 0.000000 2.313260 2.917599
v 0.000000 2.279470 3.071477
v 0.000000 2.054662 3.168080
v 0.000000 2.353754 2.696782
v 0.000000 2.513659 -1.838568
v 0.000000 2.756058 -0.487197
v 0.000000 2.972913 -0.138360
v 0.000000 2.931621 1.523522
v 0.000000 2.808282 1.695750
v 0.000000 2.490084 1.853293
v 0.000000 -1.149755 -3.781561
v 0.000000 0.490096 -3.781561
v 0.000000 1.667523 -0.061147
v 0.000000 2.197523 -3.781561
v 0.000000 2.197522 -1.186761
v 0.000000 1.876422 -5.744651
v 0.000000 -1.306288 -5.744651
v -1.015424 0.180973 8.409907
v -0.630213 -0.488561 8.482572
v -0.387332 -1.228161 8.546851
v -0.269661 -1.481988 9.161468
v -0.387353 -1.481960 9.407258
v -0.387354 -1.671645 9.430177
v -0.269662 -1.671513 9.182981
v -0.631097 -1.715061 8.499566
v 0.000000 -1.713475 8.476071
v -1.428287 0.291749 8.655147
v -1.516428 0.176249 8.329652
v -1.787949 1.283125 3.514395
v -1.428287 0.907233 8.506433
v -1.083998 -1.812693 9.705054
v -1.491812 -1.844112 8.721078
v -1.516428 -1.054351 8.555896
v -1.095715 -1.239206 9.519855
v -0.919214 1.254818 4.314533
v -1.098117 0.906362 8.651626
v -1.516428 -0.489777 8.444007
v -2.400910 0.222146 6.477657
v -0.631097 -1.812783 8.472535
v 0.000000 -1.830786 7.334603
v -0.833718 -1.832555 7.334602
v -4.438686 0.972388 -1.371685
v -1.841405 -1.820452 7.334602
v -2.285145 -0.954215 6.658081
v -1.556565 1.283125 1.065659
v -1.348553 -0.863131 0.721464
v -1.967180 -0.616064 -2.223207
v -2.154169 -0.799836 0.721465
v -2.144249 -0.615964 -2.994030
v -4.409597 -0.472316 -1.371685
v -1.090096 0.291086 8.803870
v -1.670395 -2.239388 5.565692
v -1.549295 -2.234251 5.562475
v -1.549178 -2.196556 4.532932
v -1.671598 -2.188792 4.532938
v -1.315768 0.039702 7.981920
v -1.136334 0.029241 8.134067
v -1.060911 -0.213717 8.267362
v -1.315884 -0.214216 8.082311
v -0.642400 -1.054786 8.574841
v -0.672014 -1.231390 9.730954
v -0.672073 -1.798448 9.911599
v -1.012434 0.680163 8.093949
v -0.854230 1.057718 4.540066
v 0.000000 0.302773 8.946624
v -1.027817 0.303410 8.425864
v 0.000000 -1.054353 8.555898
v 0.000000 -1.228105 8.544366
v -0.631083 -1.228196 8.548415
v -0.631116 -1.481904 9.401063
v -0.631118 -1.671920 9.426890
v -2.192694 1.081062 -2.993912
v -3.905338 -0.212540 -0.830782
v -2.614781 -0.194829 -1.838291
v -2.629517 0.226151 -1.852809
v -3.912521 0.151898 -0.838573
v -1.966896 0.250254 -2.200614
v 0.000000 0.250252 -2.200615
v -4.855564 -0.350239 4.901658
v -2.034411 -0.600859 6.146197
v -3.418573 -0.227373 4.224204
v -3.398026 -0.010012 4.089871
v -2.034809 -0.237707 5.809512
v -4.806249 0.297237 4.615835
v -0.716686 -1.703353 6.455685
v -0.997842 -1.033237 1.885002
v 0.000000 -1.031543 1.884958
v -0.439542 -1.941665 5.666935
v -0.643638 -1.634674 2.937091
v 0.000000 -1.633279 2.937049
v -1.752981 -1.747264 6.778678
v -1.755983 -1.346670 4.194184
v -1.450552 -1.361243 4.194174
v -1.450842 -1.737617 6.772640
v -4.074152 0.349113 -0.508049
v -4.300644 0.224495 2.140633
v -4.308877 -0.207103 2.171129
v -4.056898 -0.209589 -0.497403
v -0.790057 -0.427859 8.461810
v -1.104939 0.119201 8.409310
v -1.396414 0.116314 8.346894
v -1.396583 -0.428589 8.447284
v -2.337832 -0.740052 6.656096
v -1.597146 -0.887753 8.378087
v -1.598398 -0.520865 8.286569
v -2.448828 -0.166289 6.514211
v -4.444000 0.120078 4.948765
v -4.497332 -0.261885 5.119779
v -2.283035 -0.349311 -2.898106
v -4.250831 -0.318322 -1.488575
v -4.267331 0.303517 -1.491769
v -3.965966 0.843225 -1.366486
v -3.960061 0.701433 -1.368110
v -2.576471 0.784670 -2.370595
v -2.576842 0.911804 -2.372957
v -2.314762 0.425096 -2.901974
v -4.451067 -0.287580 -0.744571
v -4.690660 -0.267760 2.566053
v -4.677691 0.270030 2.535050
v -4.480280 0.432367 -0.746978
v -4.177351 0.886236 -1.559719
v -2.449736 0.969829 -2.807565
v -2.449350 0.754830 -2.805216
v -4.171434 0.639766 -1.561353
v 0.000000 -1.940557 5.667008
v 0.000000 -1.702232 6.455760
v -3.769570 1.992470 -6.573008
v -3.126419 1.839275 -6.924491
v -3.150765 2.154011 -6.924491
v -3.769570 2.154011 -6.573008
v -4.266608 1.992470 -4.242541
v -4.266608 2.154011 -4.242541
v -3.349514 2.154011 -3.521660
v -3.287391 1.839276 -3.521660
v -2.124412 1.839275 -6.924491
v -2.124412 1.839276 -3.521660
v -2.124412 2.154011 -3.521660
v -2.124412 2.154011 -6.924491
v -2.824779 1.997310 -9.688254
v -2.276424 1.997310 -9.688254
v -2.276424 2.152464 -9.847337
v -2.830899 2.152464 -9.847337
v -2.458744 1.327135 -3.941023
v -2.105198 1.327135 -3.941023
v -2.105198 1.457267 -6.243907
v -2.458744 1.457267 -6.243907
v -2.030013 1.564868 -3.941023
v -2.549346 1.564868 -3.941023
v -2.030013 1.564867 -6.318408
v -2.549346 1.564867 -6.318408
v -0.998510 1.745181 -2.460046
v -0.998510 1.327135 -2.460046
v -0.998510 1.745182 -4.216112
v -0.998510 1.327135 -4.216112
v -0.876414 2.393348 -3.864262
v -0.749464 2.393348 -3.864262
v -0.749464 2.393348 -3.215924
v -0.876414 2.393348 -3.215924
v 0.000000 1.327135 -4.216112
v 0.000000 1.745181 -4.216112
v -0.673121 0.896671 -2.573671
v 0.000000 0.896672 -2.573670
v -0.673121 0.896672 -3.560502
v 0.000000 1.327135 -2.460046
v -0.789006 1.327135 -2.573671
v -0.789006 1.327135 -3.829178
v -0.910732 1.745181 -4.024026
v -0.910732 1.745181 -2.652132
v -0.715145 1.745181 -4.024026
v -0.715145 1.745181 -2.652132
v -2.198502 2.152465 -6.924491
v -2.198502 1.894853 -6.924491
v -3.057838 1.894853 -6.924491
v -3.070722 2.152465 -6.924491
v -5.020840 2.772663 2.036730
v -7.591531 0.837175 0.795169
v -6.338130 1.905001 -1.991777
v -5.020839 2.772664 -2.153193
v -3.542100 2.772666 -9.910419
v -6.444034 1.813460 5.650162
v -7.591533 0.837173 5.650162
v -7.591529 0.837177 -3.589960
v -6.943206 1.376556 -4.056985
v -1.605195 2.772664 -2.604585
v -1.606480 2.772666 -9.910415
v -7.591532 0.261721 4.696340
v -7.591532 0.261722 1.728639
v -6.206229 1.734504 -1.993110
v -7.433155 0.690940 0.794111
v -4.917437 2.066223 2.449214
v -4.977683 2.044166 -2.153194
v -3.542100 2.039805 -9.910419
v -6.306986 1.647074 5.651204
v -7.412736 0.716756 5.650162
v -6.804116 1.211876 -4.054846
v -7.452120 0.672763 -3.588783
v -1.255958 2.039802 -2.190938
v -1.257244 2.039805 -9.910415
v -7.449677 0.261721 4.696340
v -7.449677 0.261722 1.728639
v -3.210829 2.643609 -8.822181
v -3.484961 2.648781 -8.349885
v -3.476938 2.172387 -8.347791
v -3.213876 2.165418 -8.825629
v -2.765056 2.505214 -2.445039
v -1.883277 2.504648 -3.181026
v -1.761376 2.281719 -2.908298
v -2.684591 2.287832 -2.166383
v -2.231030 2.645097 -8.776643
v -2.200926 2.166902 -8.777230
v -1.664691 2.621557 -2.377108
v -3.352371 2.622650 -0.079965
v -1.435931 2.191829 -2.104383
v -3.256845 2.203614 0.198686
v -3.868289 2.645303 -8.215575
v -3.539916 2.645287 -9.909310
v -3.860938 2.168912 -8.211202
v -3.544261 2.167103 -9.911601
v -2.099159 2.167103 -9.910756
v -2.129451 2.645287 -9.910161
v -5.152644 2.533612 -2.089306
v -6.258489 1.881618 -1.899851
v -6.334213 2.320131 -3.833981
v -5.523777 2.789496 -3.986091
v -6.196835 1.795478 -1.977903
v -6.293605 2.249597 -3.923335
v -5.460968 2.596087 -4.072712
v -5.028869 2.140948 -2.131333
v -3.162846 2.912512 -2.957013
v -3.476081 3.381261 -4.120609
v -2.050594 3.381261 -4.120609
v -2.349212 2.912512 -2.957013
v -3.280689 2.766239 -2.908944
v -3.280689 2.837982 -2.908944
v -2.162081 2.837982 -2.908944
v -2.162081 2.766239 -2.908944
v -1.823350 3.210256 -4.120609
v -1.823350 2.766239 -4.120609
v -2.302440 2.899018 -9.246083
v -2.302440 3.075211 -9.061540
v -3.224229 3.075211 -9.061540
v -3.224229 2.899018 -9.246083
v -3.426351 2.766241 -9.731772
v -3.426351 3.246899 -9.372661
v -3.426351 3.232373 -8.210814
v -3.426351 2.766240 -8.210822
v -3.476079 3.381261 -5.673224
v -2.050592 3.381261 -5.673224
v -1.823348 3.214839 -5.673237
v -1.823348 2.766239 -5.673225
v -3.703325 2.766239 -4.120609
v -3.703325 3.210256 -4.120609
v -3.266064 3.381262 -9.149739
v -3.266064 3.381261 -8.210822
v -2.100317 3.246899 -9.372661
v -2.260604 3.381262 -9.149739
v -3.703323 2.766241 -7.549310
v -3.703323 3.229574 -7.549316
v -3.703323 3.224880 -7.185105
v -3.703323 2.766241 -7.185133
v -2.715454 3.738563 -8.566680
v -2.811213 3.738563 -8.566672
v -2.811213 3.738563 -8.936000
v -2.715454 3.738563 -8.936000
v -2.100317 2.766240 -8.210822
v -2.100317 3.232373 -8.210814
v -2.100317 2.766241 -9.731772
v -3.476079 3.381262 -7.549311
v -3.476079 3.381262 -7.185133
v -2.260604 3.381261 -8.210822
v -2.050592 3.381262 -7.549311
v -1.823348 2.766241 -7.549310
v -1.823348 3.229574 -7.549316
v -2.186503 2.835283 -9.680192
v -3.340169 2.835283 -9.680192
v -3.340169 3.177856 -9.424243
v -2.186503 3.177856 -9.424243
v -2.050592 3.381262 -7.185133
v -1.823348 2.766241 -7.185133
v -1.823348 3.224880 -7.185105
v -3.703323 2.766239 -5.673225
v -3.703323 3.214839 -5.673237
v -2.289597 3.272525 -5.703937
v -3.237072 3.272527 -5.703937
v -3.238362 3.271943 -7.167202
v -2.288305 3.271943 -7.167202
v -2.263642 3.228086 -5.704744
v -2.261827 3.235899 -7.167986
v -3.264842 3.235899 -7.167986
v -3.263025 3.228086 -5.704744
v -3.642586 3.123713 -5.793883
v -1.900621 3.123713 -5.793883
v -2.113497 3.404635 -6.031857
v -3.429710 3.404635 -6.031857
v -3.642586 3.153708 -5.722037
v -3.429710 3.434632 -5.960010
v -2.113497 3.434632 -5.960010
v -1.900621 3.153708 -5.722037
v -5.955904 2.013090 -2.329357
v -5.474320 2.317687 -2.329357
v -5.692820 2.583460 -1.928981
v -6.102406 2.324401 -1.928981
v -5.812706 2.103660 0.188979
v -5.910199 2.290094 -0.021485
v -5.747883 2.400934 -0.021485
v -5.617517 2.227115 0.188979
v -2.654466 3.381263 -9.041465
v -2.872200 3.381263 -9.041465
v -2.654466 3.381263 -8.319108
v -2.872200 3.381263 -8.319102
v -3.642586 3.123713 -6.164342
v -1.900621 3.123713 -6.164342
v -2.113497 3.404635 -6.402316
v -3.429710 3.404635 -6.402316
v -3.642586 3.153708 -6.092496
v -3.429710 3.434632 -6.330468
v -2.113497 3.434632 -6.330468
v -1.900621 3.153708 -6.092496
v -3.642586 3.123713 -6.526815
v -1.900621 3.123713 -6.526815
v -2.113497 3.404635 -6.764789
v -3.429710 3.404635 -6.764789
v -3.642586 3.153708 -6.454969
v -3.429710 3.434632 -6.692944
v -2.113497 3.434632 -6.692944
v -1.900621 3.153708 -6.454969
v -3.642586 3.123713 -6.882647
v -1.900621 3.123713 -6.882647
v -2.113497 3.404635 -7.120620
v -3.429710 3.404635 -7.120620
v -3.642586 3.153709 -6.810802
v -3.429710 3.434632 -7.048774
v -2.113497 3.434632 -7.048774
v -1.900621 3.153709 -6.810802
v -6.962648 1.684691 1.021136
v -7.426585 1.285462 1.021136
v -7.299369 0.949978 0.615473
v -6.649882 1.508879 0.615473
v -6.633504 1.539333 5.641965
v -7.331925 0.938323 5.641965
v -7.498112 1.305170 4.755055
v -6.971472 1.758357 4.755055
v -7.466653 0.822387 0.360945
v -7.717600 1.354753 0.807421
v -7.658652 1.286250 3.164403
v -7.466653 0.822386 3.384620
v -6.909477 1.622900 3.073588
v -7.373414 1.223671 3.073588
v -6.987777 1.982785 0.807421
v -6.498775 1.655270 0.360946
v -6.498775 1.655270 3.384620
v -6.928829 1.914282 3.164403
v -7.616010 1.442175 0.807421
v -7.331925 0.938324 0.360945
v -6.633504 1.539332 0.360946
v -7.089368 1.895363 0.807421
v -7.466653 0.822386 5.641965
v -7.599704 1.217748 4.755055
v -6.869880 1.845779 4.755055
v -6.498775 1.655270 5.641965
v -7.030420 1.826860 3.164403
v -7.557061 1.373672 3.164403
v -6.990089 1.813182 3.050744
v -7.544053 1.336483 3.050744
v -7.560596 1.355706 3.010095
v -7.006631 1.832406 3.010095
v -6.823423 1.619503 2.909152
v -7.377387 1.142803 2.909152
v -7.374742 1.139729 2.783454
v -6.820778 1.616429 2.783454
v -6.998129 1.822526 2.824228
v -7.552094 1.345825 2.824228
v -7.568635 1.365049 2.783579
v -7.014671 1.841749 2.783579
v -6.831462 1.628845 2.682635
v -7.385427 1.152145 2.682635
v -7.382782 1.149072 2.556937
v -6.828817 1.625772 2.556937
v -7.005497 1.831087 2.621833
v -7.559461 1.354387 2.621833
v -7.576003 1.373610 2.581184
v -7.022039 1.850310 2.581184
v -6.838830 1.637407 2.480241
v -7.392795 1.160707 2.480241
v -7.390149 1.157633 2.354543
v -6.836185 1.634333 2.354543
v -7.009986 1.836305 2.412876
v -7.563951 1.359605 2.412876
v -7.580492 1.378828 2.372227
v -7.026529 1.855528 2.372227
v -6.843320 1.642624 2.271283
v -7.397285 1.165925 2.271283
v -7.394639 1.162851 2.145586
v -6.840675 1.639551 2.145586
v -7.013284 1.840137 2.209434
v -7.567248 1.363437 2.209434
v -7.583790 1.382660 2.168785
v -7.029826 1.859360 2.168785
v -6.846618 1.646457 2.067841
v -7.400581 1.169757 2.067841
v -7.397937 1.166683 1.942143
v -6.843973 1.643383 1.942143
v 0.000000 1.745181 -2.460046
v -3.769570 -1.992469 -6.573008
v -3.769570 -2.154011 -6.573008
v -3.150765 -2.154010 -6.924491
v -3.126419 -1.839275 -6.924491
v -4.266608 -1.992469 -4.242541
v -3.287391 -1.839275 -3.521660
v -3.349514 -2.154010 -3.521660
v -4.266608 -2.154010 -4.242541
v -2.124412 -1.839275 -6.924491
v -2.124412 -2.154010 -6.924491
v -2.124412 -2.154010 -3.521660
v -2.124412 -1.839275 -3.521660
v -2.824779 -1.997310 -9.688254
v -2.830899 -2.152464 -9.847337
v -2.276424 -2.152464 -9.847337
v -2.276424 -1.997310 -9.688254
v -2.458744 -1.327134 -3.941023
v -2.458744 -1.457266 -6.243907
v -2.105198 -1.457266 -6.243907
v -2.105198 -1.327134 -3.941023
v -2.549346 -1.564867 -3.941023
v -2.030013 -1.564867 -3.941023
v -2.030013 -1.564867 -6.318408
v -2.549346 -1.564867 -6.318408
v -0.998510 -1.745181 -2.460046
v -0.998510 -1.327134 -2.460046
v -0.998510 -1.745180 -4.216112
v -0.998510 -1.327134 -4.216112
v -0.876414 -2.393347 -3.864262
v -0.876414 -2.393347 -3.215924
v -0.749464 -2.393347 -3.215924
v -0.749464 -2.393347 -3.864262
v 0.000000 -1.745180 -4.216112
v -0.673121 -0.896671 -2.573671
v -0.673121 -0.896671 -3.560502
v 0.000000 -0.896671 -3.560502
v 0.000000 -0.896671 -2.573670
v 0.000000 -1.327134 -2.460046
v 0.000000 -1.745181 -2.460045
v -0.789006 -1.327134 -3.829178
v -0.789006 -1.327134 -2.573671
v 0.000000 -1.327134 -2.573670
v -0.910732 -1.745181 -2.652132
v -0.910732 -1.745181 -4.024026
v -0.715145 -1.745181 -4.024026
v -0.715145 -1.745181 -2.652132
v -2.198502 -1.894853 -6.924491
v -2.198502 -2.152463 -6.924491
v -3.070722 -2.152463 -6.924491
v -3.057838 -1.894853 -6.924491
v -5.020840 -2.772662 2.036729
v -5.020839 -2.772663 -2.153194
v -6.338130 -1.905000 -1.991777
v -7.591531 -0.837175 0.795169
v -3.542100 -2.772666 -9.910419
v -7.591533 -0.837173 5.650162
v -6.444034 -1.813460 5.650162
v -7.591529 -0.837176 -3.589960
v -6.943206 -1.376555 -4.056985
v -1.605195 -2.772663 -2.604585
v -1.606480 -2.772666 -9.910415
v -7.591532 -0.261722 1.728639
v -7.591532 -0.261722 4.696339
v -6.206229 -1.734504 -1.993110
v -4.977683 -2.044166 -2.153194
v -4.917437 -2.066223 2.449213
v -7.433155 -0.690940 0.794111
v -3.542100 -2.039805 -9.910419
v -6.306986 -1.647074 5.651204
v -7.412736 -0.716756 5.650162
v -7.452120 -0.672762 -3.588783
v -6.804116 -1.211875 -4.054846
v -1.257244 -2.039805 -9.910415
v -1.255958 -2.039802 -2.190938
v -7.449677 -0.261722 4.696339
v -7.449677 -0.261722 1.728639
v -3.210829 -2.643609 -8.822181
v -3.213876 -2.165418 -8.825629
v -3.476938 -2.172387 -8.347791
v -3.484961 -2.648781 -8.349885
v -2.765056 -2.505213 -2.445039
v -2.684591 -2.287831 -2.166383
v -1.761376 -2.281718 -2.908298
v -1.883277 -2.504647 -3.181026
v -2.231030 -2.645097 -8.776643
v -2.200926 -2.166902 -8.777230
v -3.352371 -2.622649 -0.079966
v -1.664691 -2.621556 -2.377108
v -1.435931 -2.191828 -2.104383
v -3.256845 -2.203614 0.198686
v -3.539916 -2.645286 -9.909310
v -3.868289 -2.645303 -8.215575
v -3.860938 -2.168912 -8.211202
v -3.544261 -2.167104 -9.911601
v -2.099159 -2.167104 -9.910756
v -2.129451 -2.645286 -9.910161
v -5.152644 -2.533611 -2.089306
v -5.523777 -2.789495 -3.986091
v -6.334213 -2.320130 -3.833981
v -6.258489 -1.881617 -1.899851
v -6.196835 -1.795477 -1.977903
v -6.293605 -2.249596 -3.923335
v -5.460968 -2.596086 -4.072712
v -5.028869 -2.140947 -2.131333
v -3.162846 -2.912510 -2.957013
v -2.349212 -2.912510 -2.957013
v -2.050594 -3.381260 -4.120608
v -3.476081 -3.381260 -4.120608
v -3.280689 -2.766238 -2.908944
v -2.162081 -2.766238 -2.908944
v -2.162081 -2.837981 -2.908944
v -3.280689 -2.837981 -2.908944
v -1.823350 -2.766238 -4.120609
v -1.823350 -3.210255 -4.120608
v -2.302440 -2.899017 -9.246083
v -3.224229 -2.899017 -9.246083
v -3.224229 -3.075211 -9.061540
v -2.302440 -3.075211 -9.061540
v -3.426351 -2.766241 -9.731772
v -3.426351 -2.766240 -8.210822
v -3.426351 -3.232374 -8.210814
v -3.426351 -3.246899 -9.372661
v -2.050592 -3.381260 -5.673223
v -3.476079 -3.381260 -5.673223
v -1.823348 -2.766239 -5.673225
v -1.823348 -3.214839 -5.673236
v -3.703325 -2.766238 -4.120609
v -3.703325 -3.210255 -4.120608
v -3.266064 -3.381262 -9.149739
v -3.266064 -3.381261 -8.210822
v -2.260604 -3.381262 -9.149739
v -2.100317 -3.246899 -9.372661
v -3.703323 -2.766239 -7.549310
v -3.703323 -2.766239 -7.185133
v -3.703323 -3.224880 -7.185104
v -3.703323 -3.229573 -7.549315
v -2.715454 -3.738563 -8.566680
v -2.715454 -3.738563 -8.936000
v -2.811213 -3.738563 -8.936000
v -2.811213 -3.738563 -8.566672
v -2.100317 -2.766240 -8.210822
v -2.100317 -2.766241 -9.731772
v -2.100317 -3.232374 -8.210814
v -3.476079 -3.381260 -7.185133
v -3.476079 -3.381260 -7.549310
v -2.260604 -3.381261 -8.210822
v -2.050592 -3.381260 -7.549310
v -1.823348 -2.766239 -7.549310
v -1.823348 -3.229573 -7.549315
v -3.340169 -2.835283 -9.680192
v -2.186503 -2.835283 -9.680192
v -3.340169 -3.177856 -9.424243
v -2.186503 -3.177856 -9.424243
v -2.050592 -3.381260 -7.185133
v -1.823348 -2.766239 -7.185133
v -1.823348 -3.224880 -7.185104
v -3.703323 -2.766239 -5.673225
v -3.703323 -3.214839 -5.673236
v -2.289597 -3.272525 -5.703936
v -2.288305 -3.271942 -7.167202
v -3.238362 -3.271942 -7.167202
v -3.237072 -3.272527 -5.703936
v -2.263642 -3.228086 -5.704743
v -2.261827 -3.235899 -7.167985
v -3.264842 -3.235899 -7.167985
v -3.263025 -3.228086 -5.704743
v -3.642586 -3.123712 -5.793883
v -3.429710 -3.404635 -6.031857
v -2.113497 -3.404635 -6.031857
v -1.900621 -3.123712 -5.793883
v -3.642586 -3.153708 -5.722037
v -1.900621 -3.153708 -5.722037
v -2.113497 -3.434632 -5.960009
v -3.429710 -3.434632 -5.960009
v -5.955904 -2.013090 -2.329357
v -6.102406 -2.324401 -1.928981
v -5.692820 -2.583460 -1.928981
v -5.474320 -2.317687 -2.329357
v -5.812706 -2.103660 0.188979
v -5.617517 -2.227115 0.188979
v -5.747883 -2.400934 -0.021485
v -5.910199 -2.290094 -0.021485
v -2.872200 -3.381263 -9.041465
v -2.654466 -3.381263 -9.041465
v -2.654466 -3.381263 -8.319108
v -2.872200 -3.381263 -8.319102
v -3.642586 -3.123712 -6.164342
v -3.429710 -3.404635 -6.402315
v -2.113497 -3.404635 -6.402315
v -1.900621 -3.123712 -6.164342
v -3.642586 -3.153708 -6.092496
v -1.900621 -3.153708 -6.092496
v -2.113497 -3.434632 -6.330467
v -3.429710 -3.434632 -6.330467
v -3.642586 -3.123712 -6.526815
v -3.429710 -3.404634 -6.764788
v -2.113497 -3.404634 -6.764788
v -1.900621 -3.123712 -6.526815
v -3.642586 -3.153708 -6.454969
v -1.900621 -3.153708 -6.454969
v -2.113497 -3.434632 -6.692943
v -3.429710 -3.434632 -6.692943
v -3.642586 -3.123712 -6.882647
v -3.429710 -3.404634 -7.120619
v -2.113497 -3.404634 -7.120619
v -1.900621 -3.123712 -6.882647
v -3.642586 -3.153708 -6.810802
v -1.900621 -3.153708 -6.810802
v -2.113497 -3.434632 -7.048773
v -3.429710 -3.434632 -7.048773
v -6.962648 -1.684691 1.021135
v -6.649882 -1.508878 0.615473
v -7.299369 -0.949978 0.615473
v -7.426585 -1.285462 1.021135
v -6.633504 -1.539333 5.641965
v -6.971472 -1.758358 4.755055
v -7.498112 -1.305170 4.755055
v -7.331925 -0.938324 5.641965
v -7.466653 -0.822386 0.360945
v -7.466653 -0.822386 3.384620
v -7.658652 -1.286251 3.164403
v -7.717600 -1.354753 0.807421
v -7.373414 -1.223672 3.073588
v -6.909477 -1.622901 3.073587
v -6.987777 -1.982784 0.807421
v -6.928829 -1.914282 3.164403
v -6.498775 -1.655270 3.384620
v -6.498775 -1.655270 0.360945
v -7.616010 -1.442175 0.807421
v -7.331925 -0.938324 0.360945
v -6.633504 -1.539332 0.360945
v -7.089368 -1.895363 0.807421
v -7.599704 -1.217748 4.755055
v -7.466653 -0.822387 5.641965
v -6.498775 -1.655270 5.641965
v -6.869880 -1.845780 4.755055
v -7.030420 -1.826860 3.164403
v -7.557061 -1.373673 3.164403
v -6.990089 -1.813183 3.050744
v -7.006631 -1.832406 3.010095
v -7.560596 -1.355706 3.010095
v -7.544053 -1.336483 3.050744
v -6.823423 -1.619503 2.909151
v -7.377387 -1.142803 2.909151
v -7.374742 -1.139729 2.783454
v -6.820778 -1.616429 2.783453
v -6.998129 -1.822525 2.824227
v -7.014671 -1.841749 2.783579
v -7.568635 -1.365049 2.783579
v -7.552094 -1.345825 2.824228
v -6.831462 -1.628845 2.682635
v -7.385427 -1.152145 2.682635
v -7.382782 -1.149072 2.556937
v -6.828817 -1.625772 2.556937
v -7.005497 -1.831087 2.621833
v -7.022039 -1.850310 2.581184
v -7.576003 -1.373610 2.581184
v -7.559461 -1.354387 2.621833
v -6.838830 -1.637407 2.480241
v -7.392795 -1.160707 2.480241
v -7.390149 -1.157633 2.354542
v -6.836185 -1.634333 2.354542
v -7.009986 -1.836305 2.412876
v -7.026529 -1.855528 2.372227
v -7.580492 -1.378828 2.372227
v -7.563951 -1.359605 2.412876
v -6.843320 -1.642624 2.271283
v -7.397285 -1.165925 2.271283
v -7.394639 -1.162851 2.145586
v -6.840675 -1.639551 2.145586
v -7.013284 -1.840137 2.209434
v -7.029826 -1.859360 2.168785
v -7.583790 -1.382660 2.168785
v -7.567248 -1.363437 2.209434
v -6.846618 -1.646457 2.067840
v -7.400581 -1.169757 2.067840
v -7.397937 -1.166683 1.942143
v -6.843973 -1.643383 1.942143
v 0.000000 -1.327134 -3.829179
v -0.316936 -1.307620 8.391664
v -0.432094 -0.586591 9.699660
v 0.000000 -0.585685 9.683854
v -0.301517 2.113792 3.262669
v -0.301300 1.892596 6.675667
v -0.787293 1.986643 3.050108
v -0.573273 2.313260 2.917599
v -0.632211 1.682464 7.061792
v -0.960818 1.530960 7.076954
v -0.605799 1.986643 -0.621924
v 0.000000 2.313261 0.375151
v -0.573273 2.313260 0.375151
v 0.000000 1.022686 8.725406
v -0.290051 1.021526 8.727967
v -0.305958 1.269809 8.317920
v 0.000000 1.272502 8.312778
v -0.767558 0.522753 2.799108
v -0.960818 0.525941 7.388597
v -0.605799 0.310487 -0.847859
v 0.000000 0.652117 8.890121
v -0.276743 0.653180 8.889556
v -0.336134 1.552428 7.024308
v 0.000000 1.551553 7.035007
v -0.477260 1.445402 8.524642
v -0.462964 1.150226 8.991069
v -0.462964 0.243792 9.384416
v -1.932792 1.634423 0.679754
v -1.933146 0.520455 1.116170
v -1.877680 0.520455 -0.446445
v -1.880841 1.634423 -0.199835
v 0.000000 0.243792 9.384414
v -0.766633 1.903402 2.411658
v -0.697452 1.903402 0.134808
v -0.696571 0.522753 -0.035974
v -0.355459 1.440839 8.524392
v -0.339856 1.151002 9.001918
v -0.338719 0.382743 9.310170
v 0.000000 0.382743 9.310170
v -0.406526 2.279471 3.071476
v -0.406549 1.683223 7.051835
v -0.336456 2.054675 3.168024
v 0.000000 2.313261 1.761849
v -0.283678 2.313260 1.761849
v -0.283678 2.313261 2.594003
v 0.000000 2.313261 2.594004
v -0.491054 1.821755 2.907901
v -0.491054 1.841575 2.110223
v -0.491054 2.382528 1.798046
v -0.491054 2.360194 2.696941
v -0.579311 3.030243 1.781497
v -0.579311 3.036588 1.526131
v -0.310281 3.036588 1.526131
v -0.310281 3.030243 1.781497
v 0.000000 1.821755 2.907902
v -0.310127 1.821755 2.907901
v -0.310127 2.353754 2.696781
v -0.309940 2.513658 -1.838568
v -0.309940 1.942946 -1.969722
v 0.000000 1.942946 -1.969722
v -0.654766 2.544213 -0.972392
v -0.654766 2.989033 -0.961340
v -0.654766 2.977117 -0.481726
v -0.654766 2.532295 -0.492747
v 0.000000 2.487820 -1.059489
v 0.000000 2.748912 -0.776696
v -0.222860 2.758118 -0.776468
v -0.226375 2.487820 -1.059488
v -0.383372 2.511133 -1.838630
v -0.383372 2.449346 -0.494828
v -1.241753 2.441280 1.529363
v -1.241753 2.871827 1.274222
v -1.241753 2.877915 1.029196
v -0.468322 3.097440 -1.175425
v -0.383372 1.906634 -0.508259
v -0.383372 1.942946 -1.969722
v -0.223053 2.756059 -0.487198
v -1.499400 2.706666 -0.033875
v -1.498633 2.793480 -0.031735
v -1.498633 2.771511 0.852453
v -1.499400 2.684562 0.855768
v -0.491054 2.430975 -0.151835
v -1.241753 2.483019 -0.150522
v -1.241753 2.450542 1.156561
v -0.579311 3.080141 -0.479145
v -0.491054 1.898106 -0.165022
v -0.254268 2.972912 -0.138360
v -1.241753 2.906965 -0.140019
v -0.579311 3.077880 -0.135752
v -0.258132 2.808283 1.695749
v -0.254268 2.931620 1.523522
v -0.257979 2.490084 1.853293
v -0.310087 3.097440 -1.175425
v -0.310281 3.080141 -0.479145
v -0.310281 3.077880 -0.135752
v -0.392792 3.294926 0.991109
v -0.496800 3.294926 0.991109
v -0.496800 3.318849 0.028308
v -0.392792 3.318849 0.028308
v -1.241753 2.592844 -0.036703
v -1.241753 2.568126 0.958147
v -1.241753 2.804140 0.942779
v -1.241753 2.828332 -0.030868
v -0.501555 -1.149755 -3.781561
v -0.501555 0.490096 -3.781561
v 0.000000 -1.268600 -0.061147
v -0.501555 -1.268600 -0.061147
v -0.501555 1.667523 -0.061147
v -0.501555 -2.033579 -3.781561
v -0.501555 -2.033580 -1.186760
v 0.000000 -2.033581 -1.186761
v 0.000000 -2.033579 -3.781561
v -0.501555 2.197522 -1.186759
v -0.501555 2.197523 -3.781561
v -0.157489 0.970291 -5.744652
v 0.000000 0.970291 -5.744651
v -0.157489 1.876423 -5.744652
v -0.157489 -1.306288 -5.744652
v -0.157489 -1.877046 -5.744652
v 0.000000 -1.877046 -5.744651
vn -0.0000 0.1709 0.9853
vn -0.0001 0.1492 0.9888
vn 0.0297 0.1544 0.9876
vn -0.5089 0.8257 0.2436
vn -0.9014 0.0508 0.4301
vn -0.9012 0.0501 0.4306
vn -0.9017 0.0519 0.4293
vn -0.0072 -0.9983 0.0571
vn -0.0527 -0.9980 0.0346
vn 0.0031 -0.9980 0.0634
vn -0.0000 -0.9980 0.0630
vn 0.9863 0.0847 0.1416
vn 0.9885 0.0899 0.1213
vn 0.9686 0.0584 0.2416
vn 0.9523 0.0901 0.2916
vn 0.9034 0.1246 0.4102
vn 0.9168 0.1128 0.3831
vn 0.0280 0.9965 0.0792
vn 0.0162 0.9991 0.0383
vn 0.0267 0.9965 0.0794
vn 0.8992 0.0740 0.4313
vn 0.8974 0.0842 0.4331
vn 0.8826 0.1411 0.4484
vn -0.0349 -0.9992 0.0182
vn -0.0000 -0.9999 0.0161
vn -0.0035 -1.0000 0.0042
vn 0.4744 0.8554 0.2081
vn 0.4359 0.8722 0.2221
vn 0.4798 0.8528 0.2061
vn 0.9353 0.0414 0.3515
vn 0.9252 -0.1998 0.3226
vn 0.9082 -0.2853 0.3062
vn -0.0124 0.9997 0.0219
vn -0.0050 1.0000 0.0080
vn 0.0603 -0.9951 -0.0777
vn -0.0000 -0.9965 -0.0834
vn -0.2609 -0.9641 -0.0502
vn 0.1120 -0.9917 -0.0625
vn -0.0054 -0.9989 -0.0468
vn 0.0984 -0.9939 -0.0494
vn 0.3927 0.2161 0.8939
vn 0.3926 0.2160 0.8940
vn -0.0333 -0.9983 -0.0480
vn 0.0555 -0.9978 -0.0375
vn -0.0410 -0.9980 -0.0489
vn 0.0021 -0.9883 -0.1524
vn 0.0239 -0.9905 -0.1353
vn 0.0331 -0.9882 -0.1498
vn 0.0748 -0.9500 0.3032
vn 0.0808 -0.9523 0.2942
vn 0.0465 -0.9374 0.3452
vn 0.5881 0.2718 0.7617
vn 0.5875 0.2712 0.7624
vn 0.6086 0.2920 0.7378
vn 0.0271 0.9835 0.1789
vn 0.0613 0.9848 0.1628
vn 0.0036 0.9818 0.1899
vn 0.4357 0.2705 0.8585
vn 0.4365 0.2712 0.8579
vn 0.4335 0.2689 0.8601
vn -0.0292 -0.9995 0.0108
vn -0.0337 -0.9994 0.0094
vn 0.0540 0.9930 0.1053
vn -0.0000 0.9947 0.1027
vn -0.0000 0.9944 0.1060
vn 0.0340 -0.9991 -0.0245
vn -0.0000 1.0000 0.0090
vn -0.0000 1.0000 0.0084
vn 0.3524 0.6298 0.6922
vn -0.0000 0.6530 0.7573
vn -0.0000 0.6537 0.7568
vn -0.0000 -0.0805 0.9968
vn -0.0064 -0.0662 0.9978
vn -0.0255 -0.1352 0.9905
vn -0.9987 0.0500 0.0122
vn -0.9945 0.0603 0.0852
vn -0.9949 0.0628 0.0785
vn -0.9815 -0.1836 0.0548
vn -0.9967 -0.0307 0.0749
vn -0.9944 0.1050 0.0105
vn -0.0382 -0.2746 0.9608
vn -0.0000 -0.2310 0.9729
vn -0.0000 -0.2255 0.9743
vn -0.0000 0.8049 0.5934
vn 0.3496 0.6326 0.6911
vn 0.3504 0.6053 0.7148
vn -0.8789 0.4678 0.0930
vn -0.9880 0.1391 0.0677
vn -0.9892 0.0877 0.1176
vn -0.9856 0.0673 0.1553
vn -0.9820 0.0510 0.1821
vn -0.9833 0.0781 0.1645
vn 0.2517 0.7363 0.6281
vn -0.0000 -0.9953 0.0965
vn 0.0644 0.3840 0.9211
vn 0.0807 0.9962 -0.0316
vn 0.0935 0.9955 -0.0164
vn 0.0993 0.9950 -0.0094
vn 0.6173 -0.0459 -0.7854
vn 0.6153 -0.0321 -0.7876
vn 0.6149 -0.0290 -0.7881
vn -0.9730 0.0121 -0.2307
vn -0.9771 0.0645 -0.2026
vn -0.9757 0.0765 -0.2051
vn -0.0000 0.0261 -0.9997
vn 0.9985 -0.0299 -0.0458
vn 0.2304 -0.9731 0.0026
vn 0.6753 0.4394 0.5923
vn 0.6432 0.5171 0.5648
vn 0.6412 0.5213 0.5631
vn 0.0531 0.9927 0.1087
vn -0.0019 -0.9894 -0.1451
vn 0.0416 -0.9886 -0.1449
vn 0.0056 -0.9891 -0.1475
vn -0.0017 -0.9894 -0.1452
vn -0.0000 -0.9894 -0.1453
vn 0.7372 -0.6750 -0.0285
vn 0.8331 -0.5524 -0.0281
vn 0.8391 -0.5432 -0.0280
vn -0.0017 -0.8680 -0.4966
vn -0.0000 -0.8680 -0.4966
vn -0.0015 -0.8679 -0.4967
vn 0.0330 -0.9882 -0.1493
vn 0.0683 -0.9871 -0.1446
vn -0.0090 -0.9857 -0.1680
vn 0.9929 -0.1184 -0.0151
vn 0.9939 -0.1100 -0.0096
vn 0.9923 -0.1225 -0.0178
vn 0.0226 -0.3736 -0.9273
vn 0.0184 -0.3746 -0.9270
vn 0.0179 -0.3747 -0.9270
vn -0.9915 -0.1296 -0.0111
vn -0.9900 -0.1398 -0.0177
vn -0.9892 -0.1449 -0.0210
vn -0.0378 -0.9251 0.3777
vn -0.0476 -0.9254 0.3761
vn -0.0371 -0.9251 0.3779
vn -0.0000 0.1796 0.9837
vn 0.0127 0.1564 0.9876
vn 0.0642 0.1449 0.9874
vn 0.0102 0.2106 0.9775
vn -0.9806 0.1144 -0.1593
vn -0.0000 0.9595 -0.2816
vn -0.0768 0.9503 -0.3017
vn 0.0104 0.9551 -0.2962
vn 0.9956 0.0068 -0.0931
vn 0.9958 -0.0278 -0.0874
vn 0.9957 -0.0324 -0.0867
vn 0.0929 0.1667 0.9816
vn 0.0954 0.0125 0.9954
vn 0.0663 0.0771 0.9948
vn 0.8158 -0.3148 0.4852
vn 0.8900 -0.2733 0.3649
vn 0.7135 -0.3525 0.6055
vn 0.1384 -0.9644 0.2254
vn 0.1144 -0.9606 0.2532
vn 0.0583 -0.9469 0.3161
vn -0.9731 0.0590 0.2225
vn -0.9731 0.0588 0.2227
vn -0.9697 0.0440 0.2402
vn 0.1741 0.7777 0.6041
vn 0.1465 0.7595 0.6338
vn 0.0188 0.6590 0.7519
vn 0.8933 0.0741 0.4434
vn 0.8971 0.0766 0.4350
vn 0.5985 0.1233 0.7916
vn 0.5488 0.3450 0.7614
vn 0.5322 0.3627 0.7650
vn 0.5432 0.3521 0.7622
vn 0.5175 0.3413 0.7846
vn 0.5913 -0.2557 0.7649
vn 0.1166 0.9630 0.2431
vn 0.0391 0.9657 0.2568
vn 0.1773 0.9711 0.1596
vn 0.9674 0.1667 0.1908
vn 0.9787 0.0562 0.1973
vn 0.9792 0.0460 0.1977
vn 0.2712 -0.9605 -0.0620
vn 0.1984 -0.9801 -0.0088
vn 0.2272 -0.9734 -0.0307
vn 0.1311 -0.9912 -0.0172
vn -0.6146 0.2622 0.7440
vn -0.6167 0.3529 0.7036
vn -0.6138 0.2496 0.7490
vn -0.0789 0.9875 0.1368
vn 0.5934 -0.0139 -0.8048
vn 0.5735 -0.0214 -0.8190
vn 0.5794 -0.0199 -0.8148
vn 0.6084 -0.0113 -0.7936
vn 0.6128 -0.0099 -0.7902
vn 0.5861 -0.0152 -0.8101
vn 0.5861 -0.0167 -0.8101
vn 0.5861 -0.0168 -0.8101
vn 0.4961 -0.0219 -0.8680
vn 0.5290 -0.0174 -0.8484
vn 0.1093 0.9802 -0.1650
vn 0.1012 0.9870 -0.1249
vn 0.1117 0.9778 -0.1775
vn -0.8818 0.0169 -0.4712
vn -0.8830 0.0132 -0.4692
vn -0.8806 0.0209 -0.4735
vn 0.0877 -0.9782 -0.1885
vn 0.0915 -0.9742 -0.2065
vn 0.0927 -0.9728 -0.2123
vn 0.9551 -0.0424 -0.2932
vn 0.9550 -0.0413 -0.2938
vn 0.9549 -0.0406 -0.2942
vn 0.9987 -0.0308 -0.0412
vn 0.9976 -0.0100 -0.0690
vn 0.9965 0.0501 -0.0668
vn 0.9966 0.0521 -0.0641
vn 0.9979 -0.0173 -0.0630
vn 0.9970 -0.0089 -0.0770
vn 0.9967 -0.0127 -0.0806
vn 0.1822 0.9831 -0.0182
vn 0.1761 0.9842 -0.0186
vn 0.1756 0.9843 -0.0186
vn 0.7208 -0.0290 -0.6925
vn 0.7202 -0.0280 -0.6932
vn 0.7170 -0.0229 -0.6967
vn 0.1798 -0.9819 -0.0595
vn 0.1678 -0.9840 -0.0604
vn 0.1807 -0.9817 -0.0594
vn 0.5176 -0.0114 0.8556
vn 0.5216 -0.0081 0.8531
vn 0.5097 -0.0178 0.8602
vn -0.0002 0.9586 0.2848
vn 0.0055 0.9590 0.2833
vn -0.0017 0.9585 0.2852
vn 0.0089 0.9261 0.3771
vn -0.0000 0.9246 0.3809
vn -0.0000 0.9272 0.3745
vn 0.0219 0.1081 0.9939
vn -0.0000 0.1010 0.9949
vn -0.0000 0.0880 0.9961
vn 0.0184 0.1262 0.9918
vn 0.0202 0.1284 0.9915
vn 0.0251 0.1346 0.9906
vn -0.0376 -0.9988 0.0328
vn -0.0005 -0.9989 0.0465
vn -0.0292 -0.1487 0.9884
vn 0.5854 -0.0064 -0.8107
vn 0.5861 -0.0072 -0.8102
vn 0.5852 -0.0065 -0.8109
vn 0.5857 -0.0013 -0.8105
vn 0.5882 -0.0043 -0.8087
vn 0.5825 -0.0035 -0.8128
vn 0.5850 -0.0009 -0.8110
vn 0.0614 -0.9865 -0.1519
vn 0.0602 -0.9869 -0.1495
vn 0.0601 -0.9870 -0.1494
vn 0.9598 -0.0071 -0.2805
vn 0.9597 -0.0054 -0.2811
vn 0.9596 -0.0048 -0.2813
vn 0.1460 0.9829 -0.1118
vn 0.1573 0.9783 -0.1349
vn 0.1451 0.9833 -0.1100
vn -0.6752 0.0297 -0.7370
vn -0.6734 0.0257 -0.7389
vn -0.6713 0.0210 -0.7409
vn -0.0000 -0.9937 -0.1119
vn -0.0029 -0.9937 -0.1120
vn -0.0000 -0.9894 -0.1450
vn -0.0000 -0.9572 0.2896
vn -0.0020 -0.9572 0.2894
vn -0.0015 -0.9571 0.2897
vn -0.0000 -0.9982 0.0594
vn 0.4921 -0.0091 -0.8705
vn 0.4872 -0.0325 -0.8727
vn 0.4939 -0.0000 -0.8695
vn 0.6159 -0.0185 0.7876
vn 0.6023 -0.1092 0.7907
vn 0.6006 -0.1186 0.7907
vn 0.2208 -0.9752 -0.0141
vn 0.1560 -0.9874 -0.0249
vn 0.2375 -0.9713 -0.0112
vn -1.0000 -0.0000 -0.0000
vn 0.9780 -0.0000 -0.2086
vn -0.0000 -0.7159 -0.6982
vn -0.0000 -0.0000 1.0000
vn -0.0462 -0.9973 -0.0564
vn -0.0000 -0.9984 -0.0564
vn -0.0000 -0.8368 0.5475
vn -0.9456 0.3253 -0.0000
vn -0.0000 -0.9110 -0.4125
vn 0.3629 -0.9318 -0.0043
vn 0.4051 -0.9141 -0.0172
vn 0.4126 -0.9107 -0.0195
vn -0.0000 -0.5693 -0.8222
vn 0.9296 -0.3680 -0.0194
vn 0.7760 -0.6308 -0.0011
vn 0.7649 -0.6441 -0.0000
vn 0.1722 0.9851 -0.0000
vn 0.0486 0.9988 -0.0000
vn 0.0018 -0.9987 -0.0506
vn 0.0029 -1.0000 -0.0091
vn 0.7847 0.2157 0.5812
vn 0.8188 0.0211 0.5737
vn 0.7765 0.2456 0.5803
vn 0.1089 0.9940 -0.0000
vn -0.7214 -0.6216 -0.3054
vn -0.8791 -0.0288 -0.4757
vn -0.6858 -0.6723 -0.2788
vn 0.0733 -0.9973 -0.0000
vn -0.0000 1.0000 -0.0000
vn -0.0000 -0.0000 -1.0000
vn -0.0000 -1.0000 -0.0000
vn 0.9656 -0.2600 -0.0000
vn -0.0002 0.9834 0.1814
vn -0.9986 0.0529 -0.0000
vn -0.0000 0.6563 0.7545
vn 0.9986 0.0529 -0.0000
vn -0.0000 0.2393 -0.9709
vn -0.9996 -0.0010 -0.0281
vn -0.9993 -0.0263 -0.0267
vn -0.9996 -0.0000 -0.0282
vn 0.9950 -0.0524 -0.0856
vn 0.9895 -0.1194 -0.0813
vn 0.9892 -0.1222 -0.0812
vn -0.0000 -0.9993 -0.0370
vn 0.5849 0.8111 -0.0059
vn 0.6061 0.7954 0.0022
vn 0.5099 0.8600 -0.0185
vn 0.6242 0.7812 0.0113
vn 0.6435 0.7655 -0.0018
vn 0.6815 0.7316 0.0140
vn 0.6428 0.7660 -0.0077
vn 1.0000 -0.0000 -0.0000
vn -0.4700 -0.8827 -0.0021
vn -0.4483 -0.8938 0.0110
vn -0.0655 -0.9963 0.0558
vn 0.0017 -1.0000 0.0025
vn -0.0019 -1.0000 -0.0001
vn -0.0213 -0.9998 0.0045
vn -0.6839 -0.7277 0.0528
vn -0.6872 -0.7100 0.1541
vn -0.6428 -0.7660 0.0078
vn -0.5683 -0.8209 -0.0566
vn 0.0055 -1.0000 0.0016
vn -0.0036 -1.0000 -0.0011
vn -0.9974 -0.0724 -0.0010
vn -0.9988 -0.0485 -0.0038
vn -0.9967 -0.0809 -0.0000
vn 0.1121 -0.0547 -0.9922
vn 0.1165 -0.0127 -0.9931
vn 0.1171 -0.0069 -0.9931
vn 0.8710 -0.0027 -0.4913
vn 0.8700 -0.0050 -0.4930
vn 0.8759 0.0091 -0.4824
vn -0.7274 0.5637 0.3914
vn -0.8248 0.3751 0.4230
vn -0.7110 0.5881 0.3855
vn 0.0033 0.0029 1.0000
vn 0.0003 0.0003 1.0000
vn 0.3644 -0.3186 -0.8750
vn 0.3661 -0.3172 -0.8748
vn 0.3641 -0.3189 -0.8751
vn -0.7165 0.5977 -0.3595
vn -0.7347 0.5738 -0.3619
vn -0.7359 0.5722 -0.3620
vn 0.6812 -0.7321 0.0058
vn 0.7603 -0.6496 0.0002
vn 0.7627 -0.6467 -0.0000
vn -0.3977 0.7780 0.4864
vn -0.3940 0.7876 0.4737
vn -0.3987 0.7754 0.4897
vn -0.0474 0.0050 -0.9989
vn -0.0468 0.0061 -0.9989
vn -0.0477 0.0042 -0.9989
vn -0.9028 0.4301 -0.0002
vn -0.9027 0.4302 -0.0002
vn 0.0615 -0.8963 0.4391
vn 0.4672 -0.7608 0.4505
vn -0.0000 -0.9026 0.4306
vn 0.0768 -0.9011 -0.4269
vn 0.5832 -0.6962 -0.4186
vn 0.6197 -0.6681 -0.4119
vn -0.6200 0.5554 0.5541
vn -0.6821 0.5292 0.5047
vn -0.7288 0.4061 0.5513
vn -0.7095 0.5410 0.4515
vn -0.6054 0.5620 0.5636
vn -0.6702 0.5288 0.5207
vn -0.7129 0.5409 0.4463
vn -0.7234 0.4116 0.5543
vn -0.0987 -0.9903 0.0980
vn -0.0994 -0.9912 0.0873
vn -0.1003 -0.9922 0.0742
vn 0.9127 -0.2480 0.3248
vn 0.9344 -0.1974 0.2964
vn 0.9440 -0.1717 0.2816
vn -0.0731 0.9949 0.0688
vn -0.0735 0.9954 0.0617
vn -0.0724 0.9940 0.0819
vn -0.9001 0.3709 0.2286
vn -0.8338 0.5207 0.1833
vn -0.9038 0.3600 0.2315
vn 0.9801 -0.0490 -0.1923
vn 0.9823 0.0213 -0.1860
vn 0.9798 -0.0537 -0.1926
vn 0.9804 -0.0719 -0.1833
vn 0.9804 -0.0709 -0.1838
vn 0.9831 -0.0067 -0.1828
vn 0.9815 -0.0565 -0.1828
vn -0.0006 -0.0089 -1.0000
vn 0.0001 0.0014 -1.0000
vn -0.0006 -0.0093 -1.0000
vn 0.0002 -0.0031 -1.0000
vn -0.0005 -0.0037 -1.0000
vn 0.0006 -0.0083 -1.0000
vn 0.0001 0.0018 -1.0000
vn -0.0044 -1.0000 0.0076
vn -0.0005 -1.0000 -0.0008
vn 0.0015 -1.0000 0.0004
vn 0.3330 -0.0116 -0.9429
vn 0.3326 -0.0120 -0.9430
vn 0.3305 -0.0138 -0.9437
vn 0.0039 0.9999 -0.0098
vn 0.0004 1.0000 0.0008
vn 0.0177 0.9995 -0.0243
vn 0.0007 1.0000 0.0008
vn -0.0030 1.0000 -0.0013
vn 0.9940 -0.0628 -0.0892
vn 0.9941 -0.0626 -0.0891
vn 0.9940 -0.0629 -0.0893
vn -0.0007 -1.0000 -0.0008
vn -0.0015 -1.0000 -0.0000
vn 0.4667 0.8589 0.2110
vn 0.4638 0.8610 0.2088
vn 0.4610 0.8630 0.2066
vn 0.8469 -0.5248 -0.0857
vn 0.8941 -0.4439 -0.0593
vn 0.8455 -0.5269 -0.0864
vn 0.4440 0.5509 -0.7067
vn 0.3085 0.3365 -0.8897
vn 0.4624 0.5816 -0.6693
vn -0.9387 0.3149 -0.1404
vn -0.9281 0.3508 -0.1250
vn -0.9264 0.3558 -0.1228
vn -0.2692 -0.9310 -0.2465
vn -0.2995 -0.9160 -0.2669
vn -0.2478 -0.9407 -0.2319
vn -0.0000 0.9276 0.3737
vn -0.0000 0.1633 0.9866
vn -0.9631 -0.0000 0.2692
vn -0.9907 -0.0000 0.1359
vn -0.0000 0.7233 -0.6906
vn -0.9925 -0.0000 0.1220
vn 0.9860 -0.0000 0.1670
vn 0.9442 -0.0000 0.3293
vn -0.3045 0.8807 0.3629
vn -0.5174 0.7433 0.4240
vn -0.2674 0.8976 0.3505
vn 0.6531 0.7572 0.0086
vn 0.6763 0.7366 0.0013
vn 0.6501 0.7598 0.0095
vn -0.6001 0.7999 0.0021
vn -0.5921 0.8059 0.0003
vn -0.6013 0.7990 0.0024
vn 0.3943 0.8296 0.3954
vn 0.5297 0.7295 0.4327
vn 0.5413 0.7193 0.4355
vn -0.0000 0.7127 -0.7015
vn -0.0000 0.8565 -0.5162
vn -0.0000 0.5420 0.8404
vn -0.0000 0.1225 0.9925
vn 0.5600 0.8285 0.0044
vn 0.5621 0.8270 0.0063
vn 0.5669 0.8237 0.0106
vn -0.6763 0.7366 0.0013
vn -0.6531 0.7572 0.0086
vn -0.6501 0.7598 0.0095
vn 0.9224 -0.0000 -0.3862
vn -0.9224 -0.0000 -0.3862
vn 0.6406 0.7374 -0.2141
vn 0.5638 0.7957 -0.2215
vn 0.5412 0.8108 -0.2232
vn -0.5638 0.7957 -0.2215
vn -0.6406 0.7374 -0.2141
vn -0.5412 0.8108 -0.2232
vn -0.0000 0.5985 -0.8011
vn -0.0000 0.9894 -0.1453
vn -0.9398 0.2286 -0.2538
vn -0.9388 0.2219 -0.2635
vn -0.9365 0.2099 -0.2809
vn -0.0000 -0.9622 -0.2723
vn 0.9388 0.2219 -0.2635
vn 0.9399 0.2286 -0.2538
vn 0.9365 0.2099 -0.2809
vn -0.5621 0.8270 0.0063
vn -0.5600 0.8285 0.0044
vn -0.5669 0.8237 0.0106
vn 0.9886 -0.0000 0.1504
vn 0.5921 0.8059 0.0003
vn 0.6001 0.7999 0.0021
vn 0.6013 0.7990 0.0024
vn -0.0000 1.0000 -0.0004
vn -0.8625 0.5061 0.0006
vn -0.8073 0.5901 0.0041
vn -0.8059 0.5920 0.0042
vn 0.8073 0.5901 0.0041
vn 0.8625 0.5060 0.0006
vn 0.8059 0.5920 0.0042
vn 0.0327 0.1965 -0.9800
vn -0.0617 0.1307 -0.9895
vn 0.0638 0.1380 -0.9884
vn -0.0989 0.0667 -0.9929
vn -0.0708 0.1056 -0.9919
vn -0.0288 0.9996 0.0064
vn -0.0261 0.9996 0.0056
vn -0.0296 0.9995 0.0066
vn -0.0524 -0.0125 0.9985
vn -0.0360 0.0840 0.9958
vn -0.0408 0.0629 0.9972
vn 0.0281 0.1067 0.9939
vn 0.0339 0.0762 0.9965
vn 0.0705 0.0152 0.9974
vn 0.0370 0.0639 0.9973
vn 0.0261 0.9996 0.0056
vn 0.0288 0.9996 0.0064
vn 0.0296 0.9995 0.0066
vn 0.0838 0.0456 -0.9954
vn 0.0744 0.1046 -0.9917
vn -0.0000 -0.6464 -0.7630
vn -0.0000 0.6464 0.7630
vn -0.8550 0.4786 -0.1998
vn -0.0000 0.9228 -0.3853
vn 0.8550 0.4786 -0.1998
vn 0.4067 0.6431 -0.6489
vn 0.3869 0.5848 0.7130
vn 0.3839 0.5899 0.7104
vn 0.3787 0.5987 0.7058
vn -0.7603 0.6445 0.0814
vn -0.8152 0.5752 0.0678
vn -0.8179 0.5714 0.0671
vn 0.5581 0.8268 0.0706
vn 0.5354 0.8420 0.0657
vn 0.5334 0.8433 0.0653
vn 0.8691 -0.4900 0.0678
vn 0.9099 -0.4066 0.0821
vn 0.8668 -0.4942 0.0671
vn -0.0000 0.2831 -0.9591
vn -0.9857 0.1683 -0.0000
vn -0.0000 0.5695 0.8220
vn -0.0001 0.5695 0.8220
vn 0.9857 0.1683 -0.0000
vn 0.5016 0.5829 -0.6393
vn 0.5980 0.6949 0.3995
vn 0.8941 -0.4479 0.0061
vn 0.9213 -0.3889 0.0064
vn 0.8967 -0.4427 0.0032
vn 0.6518 0.7574 0.0397
vn -0.5663 0.8242 -0.0027
vn -0.5143 0.8574 0.0198
vn -0.5024 0.8644 0.0226
vn 0.4034 0.4688 -0.7858
vn 0.6518 0.7574 0.0383
vn 0.6514 0.7570 0.0506
vn 0.6512 0.7568 0.0567
vn 0.9679 -0.2508 0.0182
vn 0.9281 -0.3721 0.0101
vn -0.4459 0.8951 -0.0037
vn 0.6515 0.7571 0.0475
vn 0.7840 -0.6016 -0.1529
vn 0.6029 -0.7921 -0.0952
vn 0.6577 -0.7453 -0.1093
vn 0.8583 -0.5131 0.0066
vn 0.8128 -0.5740 -0.0991
vn 0.2364 0.2748 -0.9320
vn -0.6350 0.7724 0.0069
vn -0.6881 0.7162 -0.1167
vn -0.6355 0.7720 0.0069
vn -0.7288 0.6670 -0.1551
vn -0.8129 0.5699 -0.1202
vn 0.5534 0.6431 0.5293
vn -0.3162 -0.3674 0.8747
vn 0.4060 0.4719 -0.7826
vn -0.3161 -0.3674 0.8747
vn 0.0159 0.9849 -0.1726
vn -0.0000 -0.5295 -0.8483
vn 0.4921 0.0091 -0.8705
vn 0.4872 0.0325 -0.8727
vn 0.4861 0.0376 -0.8731
vn 0.6159 0.0185 0.7876
vn 0.6023 0.1092 0.7907
vn 0.6180 -0.0000 0.7862
vn 0.2208 0.9752 -0.0141
vn 0.1560 0.9874 -0.0249
vn 0.1339 0.9906 -0.0286
vn -0.0000 0.7159 -0.6982
vn -0.0000 0.9984 -0.0564
vn -0.0462 0.9973 -0.0564
vn -0.0000 0.8368 0.5475
vn -0.9456 -0.3253 -0.0000
vn -0.0000 0.9110 -0.4125
vn 0.4051 0.9141 -0.0172
vn 0.3629 0.9318 -0.0043
vn 0.4126 0.9107 -0.0195
vn -0.0000 0.5693 -0.8222
vn 0.7760 0.6308 -0.0011
vn 0.9296 0.3680 -0.0194
vn 0.7649 0.6441 -0.0000
vn 0.1722 -0.9851 -0.0000
vn 0.0486 -0.9988 -0.0000
vn 0.0018 0.9987 -0.0506
vn 0.0029 1.0000 -0.0091
vn 0.8188 -0.0211 0.5737
vn 0.7847 -0.2157 0.5812
vn 0.7765 -0.2456 0.5803
vn 0.1090 -0.9940 -0.0000
vn -0.8791 0.0288 -0.4757
vn -0.7214 0.6216 -0.3054
vn -0.6858 0.6723 -0.2788
vn 0.0733 0.9973 -0.0000
vn 0.3164 -0.9259 -0.2065
vn 0.9656 0.2600 -0.0000
vn -0.0000 -0.6696 0.7427
vn -0.9986 -0.0529 -0.0000
vn -0.0000 -0.6563 0.7545
vn 0.9986 -0.0529 -0.0000
vn -0.0000 -0.2393 -0.9709
vn -0.9993 0.0263 -0.0267
vn -0.9996 0.0010 -0.0281
vn 0.9950 0.0524 -0.0856
vn 0.9895 0.1194 -0.0813
vn 0.9951 0.0498 -0.0858
vn -0.0000 0.9993 -0.0370
vn 0.5849 -0.8111 -0.0059
vn 0.6061 -0.7954 0.0022
vn 0.6242 -0.7812 0.0113
vn 0.6435 -0.7655 -0.0018
vn 0.6428 -0.7660 -0.0077
vn 0.6383 -0.7696 -0.0136
vn -0.4700 0.8827 -0.0021
vn -0.4483 0.8938 0.0110
vn -0.5683 0.8209 -0.0566
vn 0.0017 1.0000 0.0025
vn -0.0213 0.9998 0.0045
vn -0.0019 1.0000 -0.0001
vn -0.6839 0.7277 0.0528
vn -0.6872 0.7100 0.1541
vn -0.6428 0.7660 0.0078
vn -0.6385 0.7695 0.0134
vn 0.0055 1.0000 0.0016
vn -0.9988 0.0485 -0.0038
vn -0.9974 0.0724 -0.0010
vn -0.9967 0.0809 -0.0000
vn 0.1165 0.0127 -0.9931
vn 0.1121 0.0547 -0.9922
vn 0.1171 0.0069 -0.9931
vn 0.8710 0.0027 -0.4913
vn 0.8700 0.0050 -0.4930
vn 0.8648 0.0168 -0.5018
vn -0.7274 -0.5637 0.3914
vn -0.8248 -0.3751 0.4230
vn -0.8274 -0.3685 0.4237
vn 0.0003 -0.0003 1.0000
vn 0.0033 -0.0029 1.0000
vn 0.3644 0.3186 -0.8750
vn 0.3661 0.3172 -0.8748
vn 0.3664 0.3170 -0.8748
vn -0.7347 -0.5738 -0.3619
vn -0.7165 -0.5977 -0.3595
vn -0.7359 -0.5722 -0.3620
vn 0.7603 0.6496 0.0002
vn 0.6812 0.7321 0.0058
vn 0.7627 0.6467 -0.0000
vn -0.3977 -0.7780 0.4864
vn -0.3940 -0.7876 0.4737
vn -0.3930 -0.7902 0.4703
vn -0.0474 -0.0050 -0.9989
vn -0.0468 -0.0061 -0.9989
vn -0.0464 -0.0069 -0.9989
vn -0.9028 -0.4301 -0.0002
vn -0.9027 -0.4302 -0.0002
vn 0.0615 0.8963 0.4391
vn 0.4672 0.7608 0.4505
vn 0.4996 0.7417 0.4475
vn 0.5832 0.6962 -0.4186
vn 0.0768 0.9011 -0.4269
vn 0.6197 0.6681 -0.4119
vn -0.6821 -0.5292 0.5047
vn -0.6200 -0.5554 0.5541
vn -0.7288 -0.4061 0.5513
vn -0.6054 -0.5620 0.5636
vn -0.7095 -0.5410 0.4515
vn -0.6702 -0.5288 0.5207
vn -0.7234 -0.4116 0.5543
vn -0.0994 0.9912 0.0873
vn -0.0987 0.9903 0.0980
vn -0.1003 0.9922 0.0742
vn 0.9127 0.2480 0.3248
vn 0.9344 0.1974 0.2964
vn 0.9031 0.2677 0.3357
vn -0.0731 -0.9949 0.0688
vn -0.0735 -0.9954 0.0617
vn -0.0739 -0.9958 0.0533
vn -0.8338 -0.5207 0.1833
vn -0.9001 -0.3709 0.2286
vn -0.9038 -0.3600 0.2315
vn 0.9801 0.0490 -0.1923
vn 0.9823 -0.0213 -0.1860
vn 0.9804 0.0709 -0.1838
vn 0.9804 0.0719 -0.1833
vn 0.9815 0.0565 -0.1828
vn 0.9831 0.0067 -0.1828
vn -0.0006 0.0089 -1.0000
vn 0.0001 -0.0014 -1.0000
vn -0.0005 0.0037 -1.0000
vn 0.0002 0.0031 -1.0000
vn 0.0001 -0.0018 -1.0000
vn 0.0006 0.0083 -1.0000
vn -0.0005 1.0000 -0.0007
vn -0.0044 1.0000 0.0076
vn 0.0015 1.0000 0.0004
vn 0.3326 0.0120 -0.9430
vn 0.3330 0.0116 -0.9429
vn 0.3305 0.0138 -0.9437
vn 0.0039 -0.9999 -0.0098
vn 0.0004 -1.0000 0.0008
vn -0.0029 -1.0000 -0.0012
vn 0.0007 -1.0000 0.0008
vn 0.9941 0.0626 -0.0891
vn 0.9940 0.0628 -0.0892
vn 0.9940 0.0629 -0.0893
vn -0.0007 1.0000 -0.0008
vn 0.4667 -0.8589 0.2110
vn 0.4638 -0.8610 0.2088
vn 0.4690 -0.8572 0.2127
vn 0.8469 0.5248 -0.0857
vn 0.8941 0.4439 -0.0593
vn 0.8954 0.4414 -0.0585
vn 0.4440 -0.5509 -0.7067
vn 0.3085 -0.3365 -0.8897
vn 0.2915 -0.3105 -0.9048
vn -0.9281 -0.3508 -0.1250
vn -0.9387 -0.3149 -0.1404
vn -0.9264 -0.3558 -0.1228
vn -0.2995 0.9160 -0.2669
vn -0.2692 0.9310 -0.2465
vn -0.2478 0.9407 -0.2319
vn -0.0000 -0.9276 0.3737
vn -0.0000 -0.1633 0.9866
vn -0.0000 -0.7233 -0.6906
vn -0.3045 -0.8807 0.3629
vn -0.5174 -0.7433 0.4240
vn -0.5429 -0.7214 0.4299
vn 0.6531 -0.7572 0.0086
vn 0.6763 -0.7366 0.0013
vn 0.6806 -0.7327 -0.0000
vn -0.6001 -0.7999 0.0021
vn -0.5921 -0.8059 0.0003
vn -0.5908 -0.8068 -0.0000
vn 0.5297 -0.7295 0.4327
vn 0.3943 -0.8296 0.3954
vn 0.5413 -0.7193 0.4355
vn -0.0000 -0.8565 -0.5162
vn -0.0000 -0.7127 -0.7015
vn -0.0000 -0.5420 0.8404
vn -0.0000 -0.1225 0.9925
vn 0.5600 -0.8285 0.0044
vn 0.5621 -0.8270 0.0063
vn 0.5552 -0.8317 -0.0000
vn -0.6763 -0.7366 0.0013
vn -0.6531 -0.7572 0.0086
vn -0.6806 -0.7327 -0.0000
vn 0.6406 -0.7374 -0.2141
vn 0.5638 -0.7957 -0.2215
vn 0.6652 -0.7162 -0.2112
vn -0.6406 -0.7374 -0.2141
vn -0.5638 -0.7957 -0.2215
vn -0.5412 -0.8108 -0.2232
vn -0.0000 -0.5985 -0.8011
vn -0.9388 -0.2219 -0.2635
vn -0.9398 -0.2286 -0.2538
vn -0.9365 -0.2099 -0.2809
vn -0.0000 0.9622 -0.2723
vn 0.9388 -0.2219 -0.2635
vn 0.9399 -0.2286 -0.2538
vn 0.9418 -0.2432 -0.2322
vn -0.5600 -0.8285 0.0044
vn -0.5621 -0.8270 0.0063
vn -0.5669 -0.8237 0.0106
vn 0.5921 -0.8059 0.0003
vn 0.6001 -0.7999 0.0021
vn 0.5908 -0.8068 -0.0000
vn -0.0000 -1.0000 -0.0004
vn -0.8625 -0.5061 0.0006
vn -0.8073 -0.5901 0.0041
vn -0.8635 -0.5043 0.0006
vn 0.8625 -0.5060 0.0006
vn 0.8073 -0.5901 0.0041
vn 0.8059 -0.5920 0.0042
vn -0.0617 -0.1307 -0.9895
vn 0.0327 -0.1965 -0.9800
vn 0.0638 -0.1380 -0.9884
vn -0.0989 -0.0667 -0.9929
vn -0.0395 -0.1948 -0.9800
vn -0.0261 -0.9996 0.0056
vn -0.0288 -0.9996 0.0064
vn -0.0296 -0.9995 0.0066
vn -0.0360 -0.0840 0.9958
vn -0.0524 0.0125 0.9985
vn -0.0408 -0.0629 0.9972
vn 0.0281 -0.1067 0.9939
vn -0.0206 -0.1082 0.9939
vn 0.0338 -0.0762 0.9965
vn 0.0705 -0.0152 0.9974
vn 0.0261 -0.9996 0.0056
vn 0.0288 -0.9996 0.0064
vn 0.0253 -0.9997 0.0054
vn 0.0838 -0.0456 -0.9954
vn 0.0744 -0.1047 -0.9917
vn -0.0000 0.6464 -0.7630
vn -0.0000 -0.6464 0.7630
vn -0.8550 -0.4786 -0.1998
vn -0.0000 -0.9228 -0.3853
vn 0.8550 -0.4786 -0.1998
vn 0.4067 -0.6431 -0.6489
vn 0.3839 -0.5899 0.7104
vn 0.3869 -0.5848 0.7130
vn 0.3787 -0.5987 0.7058
vn -0.8152 -0.5752 0.0678
vn -0.7603 -0.6445 0.0814
vn -0.8179 -0.5714 0.0671
vn 0.5354 -0.8420 0.0657
vn 0.5581 -0.8268 0.0706
vn 0.5334 -0.8433 0.0653
vn 0.8691 0.4900 0.0678
vn 0.9099 0.4066 0.0821
vn 0.9194 0.3840 0.0857
vn -0.0000 -0.2831 -0.9591
vn -0.9857 -0.1683 -0.0000
vn -0.0000 -0.5695 0.8220
vn -0.0001 -0.5695 0.8220
vn 0.9857 -0.1683 -0.0000
vn 0.5016 -0.5829 -0.6393
vn 0.5980 -0.6949 0.3995
vn 0.9213 0.3889 0.0064
vn 0.8941 0.4479 0.0061
vn 0.8967 0.4427 0.0032
vn 0.6518 -0.7574 0.0397
vn -0.5663 -0.8242 -0.0027
vn -0.5143 -0.8574 0.0198
vn -0.5740 -0.8188 -0.0049
vn 0.4034 -0.4688 -0.7858
vn 0.6518 -0.7574 0.0383
vn 0.6515 -0.7571 0.0475
vn 0.6512 -0.7568 0.0567
vn 0.9679 0.2508 0.0182
vn 0.9281 0.3722 0.0101
vn 0.6514 -0.7570 0.0506
vn -0.4459 -0.8951 -0.0037
vn -0.4326 -0.9015 -0.0082
vn 0.6029 0.7921 -0.0952
vn 0.7840 0.6016 -0.1529
vn 0.6578 0.7453 -0.1093
vn 0.8128 0.5740 -0.0991
vn 0.8584 0.5130 0.0067
vn 0.2364 -0.2748 -0.9320
vn -0.6352 -0.7724 0.0069
vn -0.6881 -0.7162 -0.1167
vn -0.7288 -0.6670 -0.1551
vn -0.8129 -0.5699 -0.1202
vn -0.8270 -0.5582 -0.0673
vn 0.5534 -0.6431 0.5293
vn -0.3162 0.3674 0.8747
vn 0.4060 -0.4719 -0.7826
vn -0.3161 0.3674 0.8747
vn -0.0001 -0.9857 -0.1687
vn -0.0000 0.5295 -0.8483
vn -0.0034 -0.8733 0.4871
vn -0.0170 -0.8746 0.4845
vn -0.0000 -0.8730 0.4877
vn -0.0000 0.9979 0.0646
vn 0.0083 0.9979 0.0644
vn -0.0046 0.9979 0.0644
vn 0.8068 0.5860 0.0756
vn 0.4390 0.8945 0.0848
vn 0.4140 0.9063 0.0847
vn -0.0000 0.9503 -0.3113
vn -0.0012 0.8554 0.5179
vn -0.0000 0.8554 0.5179
vn 0.9991 -0.0055 -0.0410
vn 0.9974 0.0152 0.0702
vn 0.9892 -0.0039 0.1466
vn -0.0000 0.1336 -0.9910
vn 0.0011 0.4022 0.9155
vn -0.0000 0.4057 0.9140
vn -0.0000 0.9769 0.2135
vn 0.0049 0.9770 0.2134
vn 0.0043 0.9769 0.2135
vn 0.4565 0.8661 0.2037
vn 0.8171 0.4911 0.3019
vn 0.8413 0.4448 0.3073
vn 0.8544 0.5196 -0.0049
vn 0.9648 0.2590 -0.0456
vn 0.8364 0.5481 -0.0000
vn 0.9605 0.1110 0.2552
vn 0.9650 0.0811 0.2496
vn 0.9990 -0.0040 -0.0449
vn 0.9990 -0.0035 -0.0454
vn 0.9982 0.0102 -0.0590
vn 0.9532 -0.2924 0.0773
vn 0.9777 -0.1411 0.1557
vn -0.0405 0.3524 0.9350
vn -0.0000 0.3425 0.9395
vn -0.0000 0.3430 0.9393
vn 0.9851 -0.1680 -0.0370
vn 0.9911 0.0686 -0.1138
vn 0.9990 -0.0233 -0.0388
vn 0.9932 0.0154 -0.1154
vn 0.9934 0.0162 -0.1135
vn 0.9992 -0.0074 -0.0405
vn 0.2167 0.9762 -0.0094
vn 0.2165 0.9762 -0.0089
vn 0.2155 0.9765 -0.0065
vn -0.2813 0.1603 -0.9461
vn -0.2817 0.1607 -0.9459
vn -0.2450 0.1192 -0.9622
vn 0.8214 0.1886 0.5383
vn 0.8170 0.1742 0.5497
vn 0.8118 0.1583 0.5620
vn -0.0213 0.8465 0.5320
vn 0.0401 0.8523 0.5215
vn -0.0328 0.8450 0.5338
vn 0.1518 0.3583 0.9212
vn -0.0861 0.4362 0.8957
vn -0.0793 0.4440 0.8925
vn -0.0000 0.4713 0.8820
vn -0.0000 0.9767 0.2145
vn -0.0592 0.9868 0.1510
vn -0.0048 0.9889 0.1482
vn -0.0606 0.9867 0.1510
vn -0.0055 0.9872 0.1597
vn -0.0343 0.9864 0.1609
vn -0.0037 0.9872 0.1596
vn -0.9783 0.1914 0.0798
vn -0.9776 0.1931 0.0835
vn -0.9772 0.1941 0.0859
vn -0.9832 0.0887 0.1593
vn -0.9801 0.0836 0.1801
vn -0.9775 0.0798 0.1954
vn -0.0024 0.8411 0.5408
vn -0.0000 0.8415 0.5402
vn -0.0000 0.8411 0.5408
vn -0.0000 0.3947 0.9188
vn -0.0000 0.3946 0.9188
vn -0.9667 0.2535 0.0352
vn -0.8372 0.5389 0.0929
vn -0.9653 0.2586 0.0364
vn -0.9784 0.2065 -0.0103
vn -0.9818 0.1893 -0.0160
vn 0.0178 0.7177 0.6961
vn 0.0189 0.7172 0.6966
vn 0.0203 0.7166 0.6972
vn -0.0000 0.8493 -0.5279
vn -0.0003 0.8484 -0.5293
vn -0.0001 0.8481 -0.5298
vn 0.9000 0.4350 0.0291
vn 0.9926 0.1206 0.0155
vn 0.9930 0.1174 0.0154
vn -0.0000 0.9997 0.0248
vn 0.0035 0.3699 0.9291
vn -0.0000 0.3689 0.9295
vn 0.0034 0.2240 -0.9746
vn -0.0000 0.2240 -0.9746
vn -0.0250 0.8043 0.5937
vn -0.0029 0.8067 0.5910
vn -0.0291 0.8038 0.5941
vn -0.0000 0.7328 -0.6804
vn 0.0049 0.7251 -0.6886
vn -0.0000 0.7329 -0.6803
vn 0.1948 -0.9805 -0.0260
vn 0.3012 -0.9492 -0.0906
vn 0.2515 -0.9669 -0.0428
vn 0.6497 0.4777 0.5913
vn 0.6658 0.5196 0.5355
vn 0.6787 0.5599 0.4753
vn 0.2499 0.9680 0.0241
vn 0.8869 0.1370 -0.4412
vn 0.8996 0.1530 -0.4091
vn 0.9319 0.2041 -0.2998
vn -0.0000 1.0000 -0.0036
vn -0.0273 0.9995 -0.0139
vn -0.0000 0.9992 -0.0406
vn 1.0000 0.0088 0.0002
vn 0.0857 -0.9954 -0.0426
vn 0.0692 -0.9973 -0.0248
vn 0.9405 0.3227 0.1068
vn 0.5297 0.8447 -0.0767
vn 0.4585 0.8836 -0.0949
vn 0.9542 0.0074 -0.2992
vn -0.0000 0.8493 -0.5280
vn 0.5049 0.0214 -0.8629
vn 0.3006 -0.8871 -0.3502
vn 0.3383 0.9382 -0.0736
vn 0.8214 0.5703 0.0103
vn -0.0000 0.8130 0.5822
vn -0.0078 0.3666 0.9304
vn 0.0016 0.3693 0.9293
vn 0.0065 -0.0075 1.0000
vn 0.0003 0.2244 -0.9745
vn 0.0063 0.2240 -0.9746
vn -0.0000 0.2248 -0.9744
vn -0.0000 0.4437 0.8962
vn 0.0013 0.7493 -0.6623
vn 0.0225 0.7502 -0.6608
vn 0.0252 0.7504 -0.6606
vn -0.0000 0.9999 0.0157
vn -0.0000 1.0000 0.0066
vn -0.0000 0.9999 0.0152
vn 0.0129 -0.0066 0.9999
vn -0.0000 0.9995 0.0331
vn -0.9899 0.0945 -0.1053
vn -0.9836 0.1629 -0.0774
vn -0.9880 0.1158 -0.1020
vn -0.9789 0.1997 -0.0438
vn -0.9601 0.2782 -0.0291
vn -0.8881 0.4596 0.0023
vn -0.8713 0.4899 0.0298
vn -0.8578 0.4809 0.1815
vn -0.8833 0.4675 0.0348
vn -0.9802 0.1682 0.1048
vn -0.9876 0.1104 0.1112
vn -0.9930 0.1036 0.0562
vn -0.0000 0.9872 0.1596
vn -0.0000 0.5628 -0.8266
vn 0.9477 0.3191 0.0079
vn -0.0000 0.9005 0.4348
vn -0.9477 0.3191 0.0079
vn 0.4042 -0.9144 -0.0227
vn 0.3395 0.0480 0.9394
vn 0.3429 0.0566 0.9377
vn 0.3447 0.0610 0.9367
vn 0.1345 0.9906 0.0246
vn -0.0000 0.0247 -0.9997
vn -0.0000 0.0248 -0.9997
vn -0.0000 0.9047 0.4260
vn -0.0000 -0.8271 0.5621
vn -0.0000 0.9869 -0.1614
vn -0.0000 -0.9714 -0.2376
vn 0.9850 -0.0000 -0.1726
vn -0.0000 0.9968 -0.0795
vn -0.0000 -0.9968 -0.0795
vn 0.0076 0.1445 0.9895
vn -0.0297 0.1544 0.9876
vn 0.5089 0.8257 0.2436
vn 0.9012 0.0501 0.4306
vn 0.9014 0.0508 0.4301
vn 0.9017 0.0519 0.4293
vn 0.0125 -0.9984 0.0543
vn 0.0340 -0.9984 0.0445
vn 0.0227 -0.9989 0.0407
vn -0.9885 0.0899 0.1213
vn -0.9863 0.0847 0.1416
vn -0.9686 0.0584 0.2416
vn -0.9034 0.1246 0.4102
vn -0.9523 0.0901 0.2916
vn -0.9168 0.1128 0.3831
vn -0.0280 0.9965 0.0792
vn -0.0162 0.9991 0.0383
vn 0.0124 0.9997 0.0219
vn -0.8992 0.0740 0.4313
vn -0.8826 0.1411 0.4484
vn -0.8974 0.0842 0.4331
vn 0.0349 -0.9992 0.0182
vn -0.0000 -0.9999 0.0128
vn -0.4744 0.8554 0.2081
vn -0.4359 0.8722 0.2221
vn -0.4265 0.8759 0.2254
vn -0.9353 0.0414 0.3515
vn -0.9252 -0.1998 0.3226
vn 0.0050 1.0000 0.0080
vn -0.0603 -0.9951 -0.0777
vn -0.0000 -0.9966 -0.0824
vn -0.1120 -0.9917 -0.0625
vn -0.0984 -0.9939 -0.0494
vn 0.0054 -0.9989 -0.0468
vn -0.3927 0.2161 0.8939
vn -0.3926 0.2160 0.8940
vn -0.0555 -0.9978 -0.0375
vn 0.0333 -0.9983 -0.0480
vn 0.0410 -0.9980 -0.0489
vn -0.0021 -0.9883 -0.1524
vn -0.0331 -0.9882 -0.1498
vn -0.0239 -0.9905 -0.1353
vn -0.0748 -0.9500 0.3032
vn -0.0808 -0.9523 0.2942
vn -0.1109 -0.9624 0.2480
vn -0.5875 0.2712 0.7624
vn -0.5881 0.2718 0.7617
vn -0.6086 0.2920 0.7378
vn -0.0271 0.9835 0.1789
vn -0.0613 0.9848 0.1628
vn -0.0919 0.9847 0.1481
vn -0.4365 0.2712 0.8579
vn -0.4357 0.2705 0.8585
vn -0.4335 0.2689 0.8601
vn 0.0292 -0.9995 0.0108
vn 0.0221 -0.9997 0.0082
vn -0.0540 0.9930 0.1053
vn -0.0653 0.9927 0.1015
vn 0.0337 -0.9994 0.0094
vn 0.0035 -1.0000 0.0042
vn 0.2609 -0.9641 -0.0502
vn -0.3524 0.6298 0.6922
vn 0.0064 -0.0662 0.9978
vn -0.0000 -0.0662 0.9978
vn 0.9987 0.0500 0.0122
vn 0.9945 0.0603 0.0852
vn 0.9995 0.0307 0.0022
vn 0.9949 0.0628 0.0785
vn 0.9815 -0.1836 0.0548
vn 0.9944 0.1050 0.0105
vn 0.9967 -0.0307 0.0749
vn 0.0382 -0.2746 0.9608
vn 0.0391 -0.2802 0.9591
vn -0.3496 0.6326 0.6911
vn -0.0000 0.8265 0.5629
vn 0.8789 0.4678 0.0929
vn 0.9880 0.1391 0.0677
vn 0.8621 0.4973 0.0971
vn 0.9892 0.0877 0.1176
vn 0.9856 0.0673 0.1553
vn 0.9820 0.0510 0.1821
vn 0.9833 0.0781 0.1645
vn -0.2518 0.7363 0.6281
vn -0.0643 0.3840 0.9211
vn -0.0807 0.9962 -0.0316
vn -0.0935 0.9955 -0.0164
vn -0.0755 0.9964 -0.0378
vn -0.6153 -0.0321 -0.7876
vn -0.6173 -0.0459 -0.7854
vn -0.6149 -0.0290 -0.7881
vn 0.9730 0.0120 -0.2306
vn 0.9771 0.0645 -0.2026
vn 0.9780 -0.0095 -0.2083
vn -0.9082 -0.2853 0.3062
vn -0.9985 -0.0299 -0.0458
vn -0.2304 -0.9731 0.0026
vn -0.6432 0.5171 0.5648
vn -0.6753 0.4394 0.5923
vn -0.6412 0.5213 0.5631
vn -0.0531 0.9927 0.1087
vn -0.0416 -0.9886 -0.1449
vn 0.0019 -0.9894 -0.1451
vn -0.0056 -0.9891 -0.1475
vn 0.0017 -0.9894 -0.1452
vn -0.7372 -0.6750 -0.0285
vn -0.8331 -0.5524 -0.0281
vn -0.6971 -0.7165 -0.0285
vn 0.0017 -0.8680 -0.4966
vn 0.0015 -0.8679 -0.4967
vn -0.0330 -0.9882 -0.1493
vn -0.1313 -0.9807 -0.1452
vn -0.0683 -0.9871 -0.1446
vn 0.0090 -0.9857 -0.1680
vn -0.9939 -0.1100 -0.0096
vn -0.9929 -0.1184 -0.0151
vn -0.9923 -0.1225 -0.0178
vn -0.0184 -0.3746 -0.9270
vn -0.0226 -0.3736 -0.9273
vn -0.0179 -0.3747 -0.9270
vn 0.9915 -0.1296 -0.0111
vn 0.9900 -0.1398 -0.0177
vn 0.9929 -0.1190 -0.0042
vn 0.0378 -0.9251 0.3777
vn 0.0475 -0.9254 0.3761
vn 0.0492 -0.9254 0.3758
vn 0.0002 0.1730 0.9849
vn -0.0642 0.1449 0.9874
vn -0.0127 0.1564 0.9876
vn 0.9757 0.0765 -0.2051
vn 0.9806 0.1144 -0.1593
vn 0.0768 0.9503 -0.3017
vn -0.0104 0.9551 -0.2962
vn -0.9958 -0.0278 -0.0874
vn -0.9956 0.0068 -0.0931
vn -0.9957 -0.0324 -0.0867
vn -0.0929 0.1667 0.9816
vn -0.0954 0.0125 0.9954
vn -0.1500 0.3248 0.9338
vn -0.0663 0.0771 0.9948
vn -0.0681 -0.0065 0.9977
vn -0.8900 -0.2733 0.3649
vn -0.8158 -0.3148 0.4852
vn -0.7135 -0.3525 0.6055
vn -0.1144 -0.9606 0.2532
vn -0.1384 -0.9644 0.2254
vn -0.0583 -0.9469 0.3161
vn 0.9731 0.0590 0.2225
vn 0.9731 0.0588 0.2227
vn 0.9768 0.0784 0.1994
vn -0.1741 0.7777 0.6041
vn -0.1465 0.7595 0.6338
vn -0.3128 0.8476 0.4287
vn -0.8933 0.0741 0.4434
vn -0.8850 -0.2890 0.3651
vn -0.8972 0.0766 0.4350
vn -0.5985 0.1233 0.7916
vn -0.5488 0.3450 0.7614
vn -0.5989 0.1143 0.7926
vn -0.5432 0.3521 0.7622
vn -0.5322 0.3627 0.7650
vn -0.5913 -0.2557 0.7649
vn -0.5176 0.3414 0.7846
vn -0.1166 0.9630 0.2431
vn -0.1773 0.9711 0.1596
vn -0.0391 0.9657 0.2568
vn -0.9787 0.0562 0.1973
vn -0.9674 0.1667 0.1908
vn -0.9792 0.0460 0.1977
vn -0.2712 -0.9605 -0.0620
vn -0.2271 -0.9734 -0.0307
vn -0.1984 -0.9801 -0.0088
vn -0.1311 -0.9912 -0.0172
vn 0.6146 0.2622 0.7440
vn 0.6167 0.3529 0.7036
vn 0.6164 0.3710 0.6945
vn 0.0789 0.9875 0.1368
vn 0.1002 0.9912 0.0870
vn -0.5934 -0.0139 -0.8048
vn -0.5735 -0.0213 -0.8190
vn -0.6065 -0.0184 -0.7949
vn -0.5794 -0.0199 -0.8148
vn -0.6084 -0.0113 -0.7936
vn -0.5861 -0.0152 -0.8101
vn -0.5861 -0.0167 -0.8101
vn -0.5861 -0.0151 -0.8101
vn -0.4961 -0.0219 -0.8680
vn -0.5290 -0.0174 -0.8484
vn -0.1012 0.9870 -0.1249
vn -0.1093 0.9802 -0.1650
vn -0.1117 0.9778 -0.1775
vn 0.8818 0.0169 -0.4712
vn 0.8830 0.0132 -0.4692
vn 0.8848 0.0075 -0.4659
vn -0.0877 -0.9782 -0.1885
vn -0.0915 -0.9742 -0.2065
vn -0.0861 -0.9798 -0.1807
vn -0.9550 -0.0413 -0.2938
vn -0.9551 -0.0424 -0.2932
vn -0.9549 -0.0406 -0.2942
vn -0.9987 -0.0308 -0.0412
vn -0.9976 -0.0100 -0.0690
vn -0.9979 0.0083 -0.0643
vn -0.9966 0.0521 -0.0641
vn -0.9965 0.0501 -0.0668
vn -0.9970 -0.0089 -0.0770
vn -0.9979 -0.0174 -0.0630
vn -0.9967 -0.0126 -0.0806
vn -0.1822 0.9831 -0.0182
vn -0.1761 0.9842 -0.0186
vn -0.1831 0.9829 -0.0182
vn -0.7202 -0.0280 -0.6932
vn -0.7208 -0.0290 -0.6925
vn -0.7170 -0.0229 -0.6967
vn -0.1678 -0.9840 -0.0604
vn -0.1798 -0.9819 -0.0595
vn -0.1807 -0.9817 -0.0594
vn -0.5216 -0.0081 0.8531
vn -0.5176 -0.0114 0.8556
vn -0.5097 -0.0178 0.8602
vn 0.0002 0.9586 0.2848
vn -0.0055 0.9590 0.2833
vn -0.0070 0.9591 0.2829
vn -0.0089 0.9261 0.3771
vn 0.0072 0.9237 0.3831
vn -0.0219 0.1080 0.9939
vn -0.0311 0.1210 0.9922
vn -0.0185 0.1262 0.9918
vn -0.0202 0.1284 0.9915
vn -0.0135 0.1199 0.9927
vn 0.0005 -0.9989 0.0465
vn 0.0292 -0.1487 0.9884
vn 0.0255 -0.1352 0.9905
vn -0.5854 -0.0064 -0.8107
vn -0.5861 -0.0072 -0.8102
vn -0.5843 -0.0065 -0.8115
vn -0.5852 -0.0065 -0.8109
vn -0.5857 -0.0012 -0.8106
vn -0.5825 -0.0035 -0.8128
vn -0.5882 -0.0043 -0.8087
vn -0.5850 -0.0010 -0.8110
vn -0.0614 -0.9865 -0.1519
vn -0.0602 -0.9869 -0.1495
vn -0.0616 -0.9864 -0.1522
vn -0.9597 -0.0054 -0.2811
vn -0.9598 -0.0071 -0.2805
vn -0.9596 -0.0048 -0.2813
vn -0.1573 0.9783 -0.1349
vn -0.1460 0.9829 -0.1118
vn -0.1451 0.9833 -0.1100
vn 0.6734 0.0257 -0.7389
vn 0.6752 0.0297 -0.7370
vn 0.6712 0.0210 -0.7409
vn 0.0029 -0.9937 -0.1120
vn -0.0000 -0.9895 -0.1447
vn 0.0020 -0.9572 0.2894
vn -0.0000 -0.9573 0.2892
vn -0.4921 -0.0091 -0.8705
vn -0.4872 -0.0325 -0.8727
vn -0.4861 -0.0376 -0.8731
vn -0.6159 -0.0185 0.7876
vn -0.6023 -0.1092 0.7907
vn -0.6180 -0.0000 0.7862
vn -0.2208 -0.9752 -0.0141
vn -0.1560 -0.9874 -0.0249
vn -0.1339 -0.9906 -0.0286
vn -0.9780 -0.0000 -0.2086
vn 0.0462 -0.9973 -0.0564
vn 0.9456 0.3253 -0.0000
vn -0.4051 -0.9141 -0.0172
vn -0.3629 -0.9318 -0.0043
vn -0.4126 -0.9107 -0.0195
vn -0.7760 -0.6308 -0.0011
vn -0.9296 -0.3680 -0.0194
vn -0.7649 -0.6441 -0.0000
vn -0.1722 0.9851 -0.0000
vn -0.0486 0.9988 -0.0000
vn -0.0018 -0.9987 -0.0506
vn -0.0029 -1.0000 -0.0091
vn -0.8188 0.0211 0.5737
vn -0.7847 0.2157 0.5812
vn -0.7765 0.2456 0.5803
vn -0.1089 0.9940 -0.0000
vn 0.8791 -0.0288 -0.4757
vn 0.7214 -0.6216 -0.3054
vn 0.6858 -0.6723 -0.2788
vn -0.0733 -0.9973 -0.0000
vn -0.9656 -0.2600 -0.0000
vn -0.3226 0.9277 -0.1880
vn 0.9993 -0.0263 -0.0267
vn 0.9996 -0.0010 -0.0281
vn 0.9996 -0.0000 -0.0282
vn -0.9950 -0.0524 -0.0856
vn -0.9895 -0.1194 -0.0813
vn -0.9951 -0.0498 -0.0858
vn -0.5849 0.8111 -0.0059
vn -0.6061 0.7954 0.0022
vn -0.6242 0.7812 0.0113
vn -0.6435 0.7655 -0.0018
vn -0.6428 0.7660 -0.0077
vn -0.6383 0.7696 -0.0136
vn 0.4700 -0.8827 -0.0021
vn 0.4483 -0.8938 0.0110
vn 0.5683 -0.8209 -0.0566
vn -0.0017 -1.0000 0.0025
vn 0.0213 -0.9998 0.0045
vn 0.0019 -1.0000 -0.0001
vn 0.6839 -0.7277 0.0528
vn 0.6872 -0.7100 0.1541
vn 0.6428 -0.7660 0.0078
vn 0.6385 -0.7695 0.0134
vn -0.0055 -1.0000 0.0016
vn 0.9988 -0.0485 -0.0038
vn 0.9974 -0.0724 -0.0010
vn 0.9967 -0.0809 -0.0000
vn -0.1165 -0.0127 -0.9931
vn -0.1121 -0.0547 -0.9922
vn -0.1171 -0.0069 -0.9931
vn -0.8710 -0.0027 -0.4913
vn -0.8700 -0.0050 -0.4930
vn -0.8648 -0.0168 -0.5018
vn 0.7274 0.5637 0.3914
vn 0.8248 0.3751 0.4230
vn 0.8274 0.3685 0.4237
vn -0.0003 0.0003 1.0000
vn -0.0033 0.0029 1.0000
vn -0.3644 -0.3186 -0.8750
vn -0.3661 -0.3172 -0.8748
vn -0.3664 -0.3170 -0.8748
vn 0.7347 0.5738 -0.3619
vn 0.7165 0.5978 -0.3595
vn 0.7359 0.5722 -0.3620
vn -0.7603 -0.6496 0.0002
vn -0.6812 -0.7321 0.0058
vn -0.7627 -0.6467 -0.0000
vn 0.3977 0.7780 0.4864
vn 0.3940 0.7876 0.4737
vn 0.3930 0.7902 0.4702
vn 0.0474 0.0050 -0.9989
vn 0.0468 0.0061 -0.9989
vn 0.0464 0.0069 -0.9989
vn 0.9028 0.4301 -0.0002
vn 0.9027 0.4302 -0.0002
vn -0.0615 -0.8963 0.4391
vn -0.4672 -0.7608 0.4505
vn -0.4996 -0.7417 0.4475
vn -0.5832 -0.6962 -0.4186
vn -0.0768 -0.9011 -0.4269
vn -0.6197 -0.6681 -0.4119
vn 0.6821 0.5292 0.5047
vn 0.6200 0.5554 0.5541
vn 0.7288 0.4061 0.5513
vn 0.6054 0.5620 0.5636
vn 0.7095 0.5410 0.4515
vn 0.6702 0.5288 0.5207
vn 0.7234 0.4116 0.5543
vn 0.0994 -0.9912 0.0873
vn 0.0987 -0.9903 0.0980
vn 0.1003 -0.9922 0.0742
vn -0.9127 -0.2480 0.3248
vn -0.9344 -0.1974 0.2964
vn -0.9031 -0.2677 0.3357
vn 0.0731 0.9949 0.0688
vn 0.0735 0.9954 0.0617
vn 0.0739 0.9958 0.0533
vn 0.8338 0.5207 0.1833
vn 0.9001 0.3709 0.2286
vn 0.9038 0.3600 0.2315
vn -0.9801 -0.0490 -0.1923
vn -0.9823 0.0213 -0.1860
vn -0.9804 -0.0709 -0.1838
vn -0.9804 -0.0719 -0.1833
vn -0.9815 -0.0565 -0.1828
vn -0.9831 -0.0067 -0.1828
vn 0.0006 -0.0089 -1.0000
vn -0.0001 0.0014 -1.0000
vn 0.0005 -0.0037 -1.0000
vn -0.0002 -0.0031 -1.0000
vn -0.0001 0.0018 -1.0000
vn -0.0006 -0.0083 -1.0000
vn 0.0005 -1.0000 -0.0007
vn 0.0044 -1.0000 0.0076
vn -0.0015 -1.0000 0.0004
vn -0.3326 -0.0120 -0.9430
vn -0.3330 -0.0116 -0.9429
vn -0.3305 -0.0138 -0.9437
vn -0.0039 0.9999 -0.0098
vn -0.0004 1.0000 0.0008
vn 0.0029 1.0000 -0.0012
vn -0.0007 1.0000 0.0008
vn -0.9941 -0.0626 -0.0891
vn -0.9940 -0.0628 -0.0892
vn -0.9940 -0.0629 -0.0893
vn 0.0007 -1.0000 -0.0008
vn -0.4667 0.8589 0.2110
vn -0.4638 0.8610 0.2088
vn -0.4690 0.8572 0.2127
vn -0.8469 -0.5248 -0.0857
vn -0.8941 -0.4439 -0.0593
vn -0.8954 -0.4414 -0.0585
vn -0.4440 0.5509 -0.7067
vn -0.3085 0.3365 -0.8897
vn -0.2915 0.3105 -0.9048
vn 0.9281 0.3508 -0.1250
vn 0.9387 0.3149 -0.1404
vn 0.9264 0.3558 -0.1228
vn 0.2995 -0.9160 -0.2669
vn 0.2692 -0.9310 -0.2465
vn 0.2478 -0.9407 -0.2319
vn 0.9907 -0.0000 0.1359
vn 0.9631 -0.0000 0.2692
vn 0.9925 -0.0000 0.1220
vn -0.9860 -0.0000 0.1670
vn -0.9442 -0.0000 0.3293
vn -0.9886 -0.0000 0.1504
vn 0.3045 0.8807 0.3629
vn 0.5174 0.7433 0.4240
vn 0.5429 0.7214 0.4299
vn -0.6806 0.7327 -0.0000
vn 0.5908 0.8068 -0.0000
vn -0.5297 0.7295 0.4327
vn -0.3943 0.8296 0.3954
vn -0.5413 0.7193 0.4355
vn -0.5552 0.8317 -0.0000
vn 0.6806 0.7327 -0.0000
vn -0.6652 0.7161 -0.2112
vn 0.9398 0.2286 -0.2538
vn -0.9399 0.2286 -0.2538
vn -0.9418 0.2432 -0.2322
vn -0.5908 0.8068 -0.0000
vn 0.8625 0.5061 0.0006
vn 0.8635 0.5043 0.0006
vn -0.8625 0.5060 0.0006
vn 0.0617 0.1307 -0.9895
vn -0.0327 0.1965 -0.9800
vn -0.0638 0.1380 -0.9884
vn 0.0989 0.0667 -0.9929
vn 0.0395 0.1948 -0.9800
vn 0.0360 0.0840 0.9958
vn 0.0524 -0.0125 0.9985
vn 0.0408 0.0629 0.9972
vn -0.0281 0.1067 0.9939
vn 0.0207 0.1082 0.9939
vn -0.0339 0.0762 0.9965
vn -0.0705 0.0152 0.9974
vn -0.0253 0.9997 0.0054
vn -0.0838 0.0456 -0.9954
vn -0.0744 0.1047 -0.9917
vn -0.4067 0.6431 -0.6489
vn -0.3839 0.5899 0.7104
vn -0.3869 0.5848 0.7130
vn -0.3787 0.5987 0.7058
vn 0.8152 0.5752 0.0678
vn 0.7603 0.6445 0.0814
vn 0.8179 0.5714 0.0671
vn -0.5354 0.8420 0.0657
vn -0.5581 0.8268 0.0706
vn -0.5334 0.8433 0.0653
vn -0.8691 -0.4900 0.0678
vn -0.9099 -0.4066 0.0821
vn -0.9193 -0.3840 0.0857
vn 0.0001 0.5695 0.8220
vn -0.5016 0.5829 -0.6393
vn -0.5980 0.6949 0.3995
vn -0.9213 -0.3889 0.0064
vn -0.8941 -0.4479 0.0061
vn -0.8967 -0.4427 0.0032
vn -0.6518 0.7574 0.0397
vn 0.5663 0.8242 -0.0027
vn 0.5143 0.8574 0.0198
vn 0.5740 0.8188 -0.0049
vn -0.4034 0.4688 -0.7858
vn -0.6514 0.7570 0.0506
vn -0.6518 0.7574 0.0383
vn -0.6512 0.7568 0.0567
vn -0.9679 -0.2508 0.0182
vn -0.9281 -0.3722 0.0101
vn 0.4459 0.8951 -0.0037
vn 0.4326 0.9015 -0.0082
vn -0.6515 0.7571 0.0475
vn -0.6029 -0.7921 -0.0952
vn -0.7840 -0.6016 -0.1529
vn -0.6578 -0.7453 -0.1093
vn -0.8128 -0.5740 -0.0991
vn -0.8584 -0.5130 0.0067
vn -0.2364 0.2748 -0.9320
vn 0.6352 0.7724 0.0069
vn 0.6881 0.7162 -0.1167
vn 0.7288 0.6670 -0.1551
vn 0.8129 0.5699 -0.1202
vn 0.8270 0.5582 -0.0673
vn -0.5534 0.6431 0.5293
vn 0.3162 -0.3674 0.8747
vn -0.4060 0.4719 -0.7826
vn -0.4921 0.0091 -0.8705
vn -0.4872 0.0325 -0.8727
vn -0.4939 -0.0000 -0.8695
vn -0.6159 0.0185 0.7876
vn -0.6023 0.1092 0.7907
vn -0.6006 0.1186 0.7907
vn -0.2208 0.9752 -0.0141
vn -0.1560 0.9874 -0.0249
vn -0.2375 0.9713 -0.0112
vn 0.0462 0.9973 -0.0564
vn 0.9456 -0.3253 -0.0000
vn -0.3629 0.9318 -0.0043
vn -0.4051 0.9141 -0.0172
vn -0.4126 0.9107 -0.0195
vn -0.9296 0.3680 -0.0194
vn -0.7760 0.6308 -0.0011
vn -0.7649 0.6441 -0.0000
vn -0.1722 -0.9851 -0.0000
vn -0.0486 -0.9988 -0.0000
vn -0.0018 0.9987 -0.0506
vn -0.0029 1.0000 -0.0091
vn -0.7847 -0.2157 0.5812
vn -0.8188 -0.0211 0.5737
vn -0.7765 -0.2456 0.5803
vn -0.1089 -0.9940 -0.0000
vn 0.7214 0.6216 -0.3054
vn 0.8791 0.0288 -0.4757
vn 0.6858 0.6723 -0.2788
vn -0.0733 0.9973 -0.0000
vn -0.9656 0.2600 -0.0000
vn 0.9996 0.0010 -0.0281
vn 0.9993 0.0263 -0.0267
vn -0.9950 0.0524 -0.0856
vn -0.9895 0.1194 -0.0813
vn -0.9892 0.1222 -0.0812
vn -0.5849 -0.8111 -0.0059
vn -0.6061 -0.7954 0.0022
vn -0.5099 -0.8600 -0.0185
vn -0.6242 -0.7812 0.0113
vn -0.6435 -0.7655 -0.0018
vn -0.6815 -0.7316 0.0140
vn -0.6428 -0.7660 -0.0077
vn 0.4700 0.8827 -0.0021
vn 0.4483 0.8938 0.0110
vn 0.0655 0.9963 0.0558
vn -0.0017 1.0000 0.0025
vn 0.0019 1.0000 -0.0001
vn 0.0213 0.9998 0.0045
vn 0.6839 0.7277 0.0528
vn 0.6872 0.7100 0.1541
vn 0.6428 0.7660 0.0078
vn 0.5683 0.8209 -0.0566
vn -0.0055 1.0000 0.0016
vn 0.0036 1.0000 -0.0011
vn 0.9974 0.0724 -0.0010
vn 0.9988 0.0485 -0.0038
vn 0.9967 0.0809 -0.0000
vn -0.1121 0.0547 -0.9922
vn -0.1165 0.0127 -0.9931
vn -0.1171 0.0069 -0.9931
vn -0.8710 0.0027 -0.4913
vn -0.8700 0.0050 -0.4930
vn -0.8759 -0.0091 -0.4824
vn 0.7274 -0.5637 0.3914
vn 0.8248 -0.3751 0.4230
vn 0.7110 -0.5881 0.3855
vn -0.0033 -0.0029 1.0000
vn -0.0003 -0.0003 1.0000
vn -0.3644 0.3186 -0.8750
vn -0.3661 0.3172 -0.8748
vn -0.3641 0.3189 -0.8751
vn 0.7165 -0.5978 -0.3595
vn 0.7347 -0.5738 -0.3619
vn 0.7359 -0.5722 -0.3620
vn -0.6812 0.7321 0.0058
vn -0.7603 0.6496 0.0002
vn -0.7627 0.6467 -0.0000
vn 0.3977 -0.7780 0.4864
vn 0.3940 -0.7876 0.4737
vn 0.3987 -0.7754 0.4897
vn 0.0474 -0.0050 -0.9989
vn 0.0468 -0.0061 -0.9989
vn 0.0477 -0.0042 -0.9989
vn 0.9028 -0.4301 -0.0002
vn 0.9027 -0.4302 -0.0002
vn -0.0615 0.8963 0.4391
vn -0.4672 0.7608 0.4505
vn -0.0000 0.9026 0.4306
vn -0.0768 0.9011 -0.4269
vn -0.5832 0.6962 -0.4186
vn -0.6197 0.6681 -0.4119
vn 0.6200 -0.5554 0.5541
vn 0.6821 -0.5292 0.5047
vn 0.7288 -0.4061 0.5513
vn 0.7095 -0.5410 0.4515
vn 0.6054 -0.5620 0.5636
vn 0.6702 -0.5288 0.5207
vn 0.7129 -0.5409 0.4463
vn 0.7234 -0.4116 0.5543
vn 0.0987 0.9903 0.0980
vn 0.0994 0.9912 0.0873
vn 0.1003 0.9922 0.0742
vn -0.9127 0.2480 0.3248
vn -0.9344 0.1974 0.2964
vn -0.9440 0.1717 0.2816
vn 0.0731 -0.9949 0.0688
vn 0.0735 -0.9954 0.0617
vn 0.0724 -0.9940 0.0819
vn 0.9001 -0.3709 0.2286
vn 0.8338 -0.5207 0.1833
vn 0.9038 -0.3600 0.2315
vn -0.9801 0.0490 -0.1923
vn -0.9823 -0.0213 -0.1860
vn -0.9798 0.0537 -0.1926
vn -0.9804 0.0719 -0.1833
vn -0.9804 0.0709 -0.1838
vn -0.9831 0.0067 -0.1828
vn -0.9815 0.0565 -0.1828
vn 0.0006 0.0089 -1.0000
vn -0.0001 -0.0014 -1.0000
vn 0.0006 0.0093 -1.0000
vn -0.0002 0.0031 -1.0000
vn 0.0005 0.0037 -1.0000
vn -0.0006 0.0083 -1.0000
vn -0.0001 -0.0018 -1.0000
vn 0.0044 1.0000 0.0076
vn 0.0005 1.0000 -0.0008
vn -0.0015 1.0000 0.0004
vn -0.3330 0.0116 -0.9429
vn -0.3326 0.0120 -0.9430
vn -0.3305 0.0138 -0.9437
vn -0.0039 -0.9999 -0.0098
vn -0.0004 -1.0000 0.0008
vn -0.0177 -0.9995 -0.0243
vn -0.0007 -1.0000 0.0008
vn 0.0029 -1.0000 -0.0012
vn -0.9940 0.0628 -0.0892
vn -0.9941 0.0626 -0.0891
vn -0.9940 0.0629 -0.0893
vn 0.0007 1.0000 -0.0008
vn 0.0015 1.0000 -0.0000
vn -0.4667 -0.8589 0.2110
vn -0.4638 -0.8610 0.2088
vn -0.4610 -0.8630 0.2066
vn -0.8469 0.5248 -0.0857
vn -0.8941 0.4439 -0.0593
vn -0.8455 0.5269 -0.0864
vn -0.4440 -0.5509 -0.7067
vn -0.3085 -0.3365 -0.8897
vn -0.4624 -0.5816 -0.6693
vn 0.9387 -0.3149 -0.1404
vn 0.9281 -0.3508 -0.1250
vn 0.9264 -0.3558 -0.1228
vn 0.2692 0.9310 -0.2465
vn 0.2995 0.9160 -0.2669
vn 0.2478 0.9407 -0.2319
vn 0.3045 -0.8807 0.3629
vn 0.5174 -0.7433 0.4240
vn 0.2674 -0.8976 0.3505
vn -0.6501 -0.7598 0.0095
vn 0.6013 -0.7990 0.0024
vn -0.3943 -0.8296 0.3954
vn -0.5297 -0.7295 0.4327
vn -0.5413 -0.7193 0.4355
vn 0.6501 -0.7598 0.0095
vn 0.5412 -0.8108 -0.2232
vn 0.9398 -0.2286 -0.2538
vn 0.9365 -0.2099 -0.2809
vn -0.9399 -0.2286 -0.2538
vn 0.5669 -0.8237 0.0106
vn -0.6013 -0.7990 0.0024
vn 0.8625 -0.5061 0.0006
vn -0.8625 -0.5060 0.0006
vn -0.8059 -0.5920 0.0042
vn -0.0327 -0.1965 -0.9800
vn 0.0617 -0.1307 -0.9895
vn -0.0638 -0.1380 -0.9884
vn 0.0989 -0.0667 -0.9929
vn 0.0708 -0.1056 -0.9919
vn 0.0296 -0.9995 0.0066
vn 0.0524 0.0125 0.9985
vn 0.0360 -0.0840 0.9958
vn 0.0408 -0.0629 0.9972
vn -0.0281 -0.1067 0.9939
vn -0.0339 -0.0762 0.9965
vn -0.0705 -0.0152 0.9974
vn -0.0370 -0.0639 0.9973
vn -0.0838 -0.0456 -0.9954
vn -0.0744 -0.1047 -0.9917
vn -0.4067 -0.6431 -0.6489
vn -0.3869 -0.5848 0.7130
vn -0.3839 -0.5899 0.7104
vn -0.3787 -0.5987 0.7058
vn 0.7603 -0.6445 0.0814
vn 0.8152 -0.5752 0.0678
vn 0.8179 -0.5714 0.0671
vn -0.5581 -0.8268 0.0706
vn -0.5354 -0.8420 0.0657
vn -0.5334 -0.8433 0.0653
vn -0.8691 0.4900 0.0678
vn -0.9099 0.4066 0.0821
vn -0.8668 0.4942 0.0671
vn 0.0001 -0.5695 0.8220
vn -0.5016 -0.5829 -0.6393
vn -0.5980 -0.6949 0.3995
vn -0.8941 0.4479 0.0061
vn -0.9213 0.3889 0.0064
vn -0.8967 0.4427 0.0032
vn -0.6518 -0.7574 0.0397
vn 0.5663 -0.8242 -0.0027
vn 0.5143 -0.8574 0.0198
vn 0.5024 -0.8644 0.0226
vn -0.4034 -0.4688 -0.7858
vn -0.6518 -0.7574 0.0383
vn -0.6514 -0.7570 0.0506
vn -0.6512 -0.7568 0.0567
vn -0.9679 0.2508 0.0182
vn -0.9281 0.3722 0.0101
vn 0.4459 -0.8951 -0.0037
vn -0.6515 -0.7571 0.0475
vn -0.7840 0.6016 -0.1529
vn -0.6029 0.7921 -0.0952
vn -0.6578 0.7453 -0.1093
vn -0.8583 0.5131 0.0066
vn -0.8128 0.5740 -0.0991
vn -0.2364 -0.2748 -0.9320
vn 0.6351 -0.7724 0.0069
vn 0.6881 -0.7162 -0.1167
vn 0.6354 -0.7721 0.0069
vn 0.7288 -0.6670 -0.1551
vn 0.8129 -0.5699 -0.1202
vn -0.5534 -0.6431 0.5293
vn 0.3162 0.3674 0.8747
vn -0.4060 -0.4719 -0.7826
vn 0.3161 0.3674 0.8747
vn 0.0034 -0.8733 0.4871
vn 0.0170 -0.8746 0.4845
vn 0.0195 -0.8749 0.4840
vn -0.0083 0.9979 0.0644
vn 0.0046 0.9979 0.0644
vn -0.8068 0.5860 0.0756
vn -0.4390 0.8945 0.0848
vn -0.8199 0.5676 0.0747
vn 0.0012 0.8554 0.5179
vn -0.9991 -0.0060 -0.0408
vn -0.9974 0.0152 0.0702
vn -0.9992 -0.0096 -0.0388
vn -0.0011 0.4022 0.9155
vn -0.0049 0.9770 0.2134
vn -0.0039 0.9769 0.2135
vn -0.4565 0.8661 0.2037
vn -0.8171 0.4911 0.3019
vn -0.4041 0.8952 0.1879
vn -0.9648 0.2590 -0.0456
vn -0.8544 0.5196 -0.0049
vn -0.8364 0.5481 -0.0000
vn -0.9892 -0.0039 0.1466
vn -0.9605 0.1110 0.2552
vn -0.9990 -0.0040 -0.0449
vn -0.9990 -0.0035 -0.0454
vn -0.9993 -0.0136 -0.0355
vn -0.9532 -0.2924 0.0773
vn -0.9777 -0.1411 0.1557
vn 0.0405 0.3524 0.9350
vn -0.9650 0.0810 0.2496
vn -0.9911 0.0686 -0.1138
vn -0.9851 -0.1680 -0.0370
vn -0.9932 0.0154 -0.1154
vn -0.8248 0.5620 -0.0612
vn -0.2165 0.9762 -0.0089
vn -0.2167 0.9762 -0.0094
vn -0.2155 0.9765 -0.0065
vn 0.2817 0.1607 -0.9459
vn 0.2813 0.1603 -0.9461
vn 0.2450 0.1192 -0.9622
vn -0.8170 0.1742 0.5497
vn -0.8214 0.1886 0.5383
vn -0.8118 0.1583 0.5620
vn -0.0401 0.8523 0.5215
vn 0.0213 0.8465 0.5320
vn 0.0328 0.8450 0.5338
vn -0.1518 0.3583 0.9212
vn 0.0861 0.4362 0.8957
vn -0.1812 0.3523 0.9182
vn 0.0793 0.4440 0.8925
vn 0.0048 0.9889 0.1482
vn 0.0592 0.9868 0.1510
vn 0.0605 0.9867 0.1510
vn 0.0343 0.9864 0.1609
vn 0.0055 0.9872 0.1597
vn 0.0037 0.9872 0.1596
vn 0.9783 0.1914 0.0798
vn 0.9776 0.1931 0.0835
vn 0.9787 0.1901 0.0772
vn 0.9832 0.0887 0.1593
vn 0.9801 0.0836 0.1801
vn 0.9864 0.0947 0.1346
vn 0.0024 0.8411 0.5408
vn -0.0000 0.3948 0.9188
vn 0.8372 0.5389 0.0929
vn 0.9667 0.2535 0.0352
vn 0.9653 0.2586 0.0364
vn 0.9784 0.2065 -0.0103
vn 0.8284 0.5516 0.0969
vn -0.0189 0.7172 0.6966
vn -0.0178 0.7177 0.6961
vn -0.0203 0.7166 0.6972
vn 0.0003 0.8484 -0.5293
vn -0.0000 0.8496 -0.5274
vn -0.9000 0.4350 0.0291
vn -0.9926 0.1206 0.0155
vn -0.8812 0.4718 0.0306
vn -0.0035 0.3699 0.9291
vn -0.0034 0.2240 -0.9746
vn 0.0250 0.8043 0.5937
vn 0.0029 0.8067 0.5910
vn -0.0000 0.8069 0.5906
vn -0.0049 0.7251 -0.6886
vn -0.3012 -0.9492 -0.0906
vn -0.1948 -0.9805 -0.0259
vn -0.2515 -0.9669 -0.0428
vn -0.6658 0.5196 0.5355
vn -0.6497 0.4777 0.5913
vn -0.6787 0.5599 0.4753
vn -0.2499 0.9680 0.0241
vn -0.8869 0.1370 -0.4412
vn -0.8996 0.1530 -0.4091
vn -0.7581 0.0162 -0.6520
vn 0.0273 0.9995 -0.0139
vn -0.0209 0.9995 0.0232
vn -1.0000 0.0088 0.0002
vn -0.0857 -0.9954 -0.0425
vn -0.0692 -0.9973 -0.0248
vn -0.0700 -0.9938 -0.0866
vn -0.9405 0.3227 0.1068
vn -0.5297 0.8447 -0.0767
vn -0.8214 0.5703 0.0103
vn -0.9542 0.0074 -0.2992
vn -0.5049 0.0214 -0.8629
vn -0.3006 -0.8871 -0.3503
vn -0.3383 0.9382 -0.0736
vn -0.2242 0.9734 -0.0469
vn 0.0078 0.3666 0.9304
vn -0.0016 0.3693 0.9293
vn -0.0003 0.2244 -0.9745
vn -0.0063 0.2240 -0.9746
vn -0.0225 0.7502 -0.6608
vn -0.0013 0.7493 -0.6623
vn -0.0252 0.7504 -0.6606
vn 0.9836 0.1629 -0.0774
vn 0.9899 0.0945 -0.1053
vn 0.9880 0.1158 -0.1020
vn 0.9601 0.2782 -0.0291
vn 0.9789 0.1997 -0.0438
vn 0.8881 0.4596 0.0023
vn 0.9705 0.2384 -0.0356
vn 0.8713 0.4899 0.0298
vn 0.8578 0.4809 0.1815
vn 0.9802 0.1682 0.1048
vn 0.8833 0.4675 0.0348
vn 0.9876 0.1104 0.1112
vn 0.9378 0.1542 0.3112
vn -0.4042 -0.9144 -0.0227
vn -0.3429 0.0566 0.9377
vn -0.3395 0.0480 0.9394
vn -0.3447 0.0610 0.9367
vn -0.1345 0.9906 0.0246
vn -0.0000 0.0246 -0.9997
vn -0.9850 -0.0000 -0.1726
vn -0.9009 0.0490 0.4314
vn 0.9918 0.1005 0.0790
vn 0.4265 0.8759 0.2254
vn 0.0633 -0.9973 -0.0365
vn 0.1109 -0.9624 0.2480
vn 0.5686 0.2529 0.7828
vn 0.0919 0.9847 0.1481
vn 0.4387 0.2728 0.8562
vn -0.0221 -0.9997 0.0082
vn 0.0652 0.9927 0.1016
vn 0.3562 0.6285 0.6914
vn -0.9995 0.0307 0.0022
vn -0.9925 0.1217 0.0074
vn -0.0391 -0.2802 0.9591
vn -0.8621 0.4973 0.0971
vn -0.0000 -0.9931 0.1169
vn 0.0755 0.9964 -0.0378
vn 0.6177 -0.0487 -0.7849
vn -0.9780 -0.0095 -0.2083
vn 0.6782 0.4317 0.5948
vn -0.0000 -0.9894 -0.1454
vn 0.6971 -0.7165 -0.0285
vn -0.0000 -0.8681 -0.4965
vn 0.1313 -0.9807 -0.1452
vn 0.9949 -0.1012 -0.0038
vn 0.0237 -0.3733 -0.9274
vn -0.9929 -0.1190 -0.0042
vn -0.0493 -0.9254 0.3758
vn -0.0000 0.9587 -0.2843
vn 0.9955 0.0123 -0.0940
vn 0.1500 0.3248 0.9338
vn 0.0681 -0.0065 0.9977
vn 0.9633 -0.2025 0.1761
vn 0.1926 -0.9680 0.1606
vn -0.9768 0.0784 0.1994
vn 0.3128 0.8476 0.4287
vn 0.8850 -0.2890 0.3651
vn 0.8777 0.1577 0.4525
vn 0.5989 0.1143 0.7926
vn 0.5929 -0.2513 0.7650
vn 0.9660 0.1753 0.1902
vn 0.1349 -0.9906 -0.0222
vn -0.6164 0.3710 0.6945
vn -0.1002 0.9912 0.0870
vn 0.6065 -0.0184 -0.7949
vn 0.5861 -0.0151 -0.8101
vn 0.0977 0.9894 -0.1078
vn -0.8848 0.0075 -0.4659
vn 0.0861 -0.9798 -0.1807
vn 0.9552 -0.0435 -0.2927
vn 0.9979 0.0083 -0.0643
vn 0.1831 0.9829 -0.0182
vn 0.7244 -0.0348 -0.6885
vn 0.1662 -0.9842 -0.0605
vn 0.5312 -0.0003 0.8472
vn 0.0070 0.9591 0.2829
vn -0.0072 0.9237 0.3831
vn 0.0311 0.1210 0.9922
vn 0.0135 0.1199 0.9927
vn 0.5842 -0.0065 -0.8116
vn 0.0616 -0.9864 -0.1522
vn 0.9599 -0.0080 -0.2802
vn 0.1589 0.9776 -0.1381
vn -0.6783 0.0367 -0.7339
vn -0.0021 -0.9937 -0.1119
vn 0.4861 -0.0376 -0.8731
vn 0.1339 -0.9906 -0.0286
vn 0.3485 -0.9373 -0.0000
vn 0.9342 -0.3561 -0.0201
vn 0.8206 -0.0000 0.5715
vn -0.8778 -0.0000 -0.4791
vn -0.9993 -0.0273 -0.0266
vn 0.9951 -0.0498 -0.0858
vn 0.6383 0.7696 -0.0136
vn -0.6385 -0.7695 0.0134
vn -0.9989 -0.0470 -0.0040
vn 0.1097 -0.0771 -0.9910
vn 0.8648 -0.0168 -0.5018
vn -0.8274 0.3685 0.4237
vn 0.0037 0.0032 1.0000
vn 0.3664 -0.3170 -0.8748
vn -0.7152 0.5994 -0.3594
vn 0.6784 -0.7347 0.0060
vn -0.3930 0.7902 0.4702
vn -0.0464 0.0069 -0.9989
vn 0.4996 -0.7417 0.4475
vn -0.0000 -0.9087 -0.4174
vn -0.0973 -0.9883 0.1173
vn 0.9031 -0.2677 0.3357
vn -0.0739 0.9958 0.0533
vn -0.8260 0.5346 0.1786
vn 0.9831 -0.0066 -0.1829
vn 0.0006 -0.0087 -1.0000
vn -0.0162 -0.9997 0.0204
vn 0.3350 -0.0098 -0.9422
vn 0.9941 -0.0625 -0.0891
vn 0.4690 0.8572 0.2127
vn 0.8954 -0.4414 -0.0585
vn 0.2915 0.3105 -0.9048
vn -0.9396 0.3114 -0.1418
vn -0.3246 -0.9023 -0.2838
vn -0.5429 0.7214 0.4299
vn 0.3738 0.8420 0.3891
vn 0.5552 0.8317 -0.0000
vn 0.6652 0.7161 -0.2112
vn 0.9418 0.2432 -0.2322
vn -0.8635 0.5043 0.0006
vn -0.0395 0.1948 -0.9800
vn -0.0207 0.1082 0.9939
vn 0.0253 0.9997 0.0054
vn 0.3926 0.5749 0.7179
vn -0.7451 0.6615 0.0848
vn 0.5625 0.8237 0.0715
vn 0.9194 -0.3840 0.0857
vn -0.5740 0.8188 -0.0049
vn 0.9552 -0.2961 0.0049
vn -0.4326 0.9015 -0.0082
vn 0.8583 -0.5131 0.0067
vn -0.8270 0.5582 -0.0673
vn 0.6006 0.1186 0.7907
vn 0.2375 0.9713 -0.0112
vn 0.3485 0.9373 -0.0000
vn 0.9342 0.3561 -0.0201
vn -0.9993 0.0273 -0.0266
vn 0.9892 0.1222 -0.0812
vn 0.5099 -0.8600 -0.0185
vn 0.6815 -0.7316 0.0140
vn -0.0655 0.9963 0.0559
vn -0.0036 1.0000 -0.0011
vn -0.9989 0.0470 -0.0040
vn 0.1097 0.0771 -0.9910
vn 0.8759 -0.0091 -0.4824
vn -0.7110 -0.5881 0.3855
vn 0.0037 -0.0032 1.0000
vn 0.3641 0.3189 -0.8751
vn -0.7152 -0.5994 -0.3594
vn 0.6784 0.7347 0.0060
vn -0.3987 -0.7754 0.4897
vn -0.0477 -0.0042 -0.9989
vn -0.0000 0.9087 -0.4174
vn -0.7129 -0.5409 0.4463
vn -0.0973 0.9883 0.1173
vn 0.9440 0.1717 0.2816
vn -0.0724 -0.9940 0.0819
vn -0.8260 -0.5346 0.1786
vn 0.9798 0.0537 -0.1926
vn 0.9831 0.0066 -0.1829
vn -0.0006 0.0093 -1.0000
vn 0.0006 0.0087 -1.0000
vn -0.0162 0.9997 0.0204
vn 0.3350 0.0098 -0.9422
vn 0.0177 -0.9995 -0.0243
vn 0.0015 -1.0000 -0.0000
vn 0.9941 0.0625 -0.0891
vn -0.0015 1.0000 -0.0000
vn 0.4610 -0.8630 0.2066
vn 0.8455 0.5269 -0.0864
vn 0.4624 -0.5816 -0.6693
vn -0.9396 -0.3114 -0.1418
vn -0.3246 0.9023 -0.2838
vn -0.2674 -0.8976 0.3505
vn 0.3738 -0.8420 0.3891
vn -0.6652 -0.7161 -0.2112
vn -0.9418 -0.2432 -0.2322
vn -0.5552 -0.8317 -0.0000
vn 0.8635 -0.5043 0.0006
vn -0.0708 -0.1057 -0.9919
vn -0.0253 -0.9997 0.0054
vn 0.0370 -0.0639 0.9973
vn 0.3926 -0.5749 0.7179
vn -0.7451 -0.6615 0.0848
vn 0.5625 -0.8237 0.0715
vn 0.8668 0.4942 0.0671
vn -0.5024 -0.8644 0.0226
vn 0.9552 0.2961 0.0049
vn 0.8583 0.5131 0.0067
vn -0.6355 -0.7721 0.0069
vn -0.0195 -0.8749 0.4840
vn -0.0000 0.9979 0.0641
vn 0.8199 0.5676 0.0747
vn 0.9992 0.0021 -0.0388
vn -0.0071 0.4023 0.9155
vn -0.0000 0.9770 0.2134
vn 0.4041 0.8952 0.1879
vn 0.9689 0.2427 -0.0479
vn 0.9993 -0.0136 -0.0355
vn 0.0065 0.3517 0.9361
vn 0.8248 0.5620 -0.0612
vn 0.2182 0.9758 -0.0129
vn -0.3209 0.2056 -0.9245
vn 0.8263 0.2057 0.5244
vn 0.0511 0.8530 0.5194
vn 0.1812 0.3523 0.9182
vn -0.0032 0.9890 0.1481
vn -0.0373 0.9862 0.1610
vn -0.9787 0.1901 0.0772
vn -0.9864 0.0947 0.1346
vn -0.0000 0.8418 0.5398
vn -0.8284 0.5516 0.0969
vn 0.0163 0.7184 0.6955
vn 0.8812 0.4718 0.0306
vn -0.0341 0.7245 -0.6884
vn 0.6154 0.4018 0.6781
vn 0.7581 0.0162 -0.6520
vn 0.0209 0.9995 0.0232
vn 0.0700 -0.9938 -0.0866
vn 0.2242 0.9734 -0.0469
vn -0.0000 0.7492 -0.6623
vn -0.9705 0.2384 -0.0356
vn -0.9378 0.1542 0.3112
vn 0.3359 0.0388 0.9411
vn 0.9009 0.0490 0.4314
vn -0.9918 0.1005 0.0790
vn -0.0267 0.9965 0.0794
vn -0.4798 0.8528 0.2061
vn -0.0633 -0.9973 -0.0365
vn -0.0465 -0.9374 0.3452
vn -0.5686 0.2529 0.7828
vn -0.0036 0.9818 0.1899
vn -0.4387 0.2728 0.8562
vn -0.0340 -0.9991 -0.0245
vn -0.3562 0.6286 0.6914
vn 0.9925 0.1217 0.0074
vn -0.3504 0.6053 0.7148
vn -0.0993 0.9950 -0.0094
vn -0.6177 -0.0487 -0.7849
vn -0.6782 0.4317 0.5948
vn -0.8391 -0.5432 -0.0280
vn -0.9949 -0.1012 -0.0038
vn -0.0237 -0.3733 -0.9274
vn 0.9892 -0.1449 -0.0210
vn 0.0371 -0.9251 0.3779
vn -0.0102 0.2106 0.9775
vn -0.9955 0.0123 -0.0940
vn -0.9633 -0.2025 0.1761
vn -0.1926 -0.9680 0.1606
vn 0.9697 0.0440 0.2402
vn -0.0188 0.6590 0.7519
vn -0.8777 0.1577 0.4525
vn -0.5929 -0.2513 0.7650
vn -0.9660 0.1753 0.1902
vn -0.1349 -0.9906 -0.0222
vn 0.6138 0.2496 0.7490
vn -0.6128 -0.0099 -0.7902
vn -0.5861 -0.0168 -0.8101
vn -0.0977 0.9894 -0.1078
vn 0.8806 0.0209 -0.4735
vn -0.0927 -0.9728 -0.2123
vn -0.9552 -0.0435 -0.2927
vn -0.1756 0.9843 -0.0186
vn -0.7244 -0.0348 -0.6885
vn -0.1662 -0.9842 -0.0605
vn -0.5312 -0.0003 0.8472
vn 0.0017 0.9585 0.2852
vn -0.0251 0.1346 0.9906
vn -0.0601 -0.9870 -0.1494
vn -0.9599 -0.0080 -0.2802
vn -0.1589 0.9776 -0.1381
vn 0.6783 0.0367 -0.7339
vn 0.0021 -0.9937 -0.1119
vn 0.0015 -0.9571 0.2897
vn -0.6006 -0.1186 0.7907
vn -0.2375 -0.9713 -0.0112
vn -0.3485 -0.9373 -0.0000
vn -0.9343 -0.3561 -0.0201
vn -0.8206 -0.0000 0.5715
vn 0.8778 -0.0000 -0.4791
vn 0.9993 -0.0273 -0.0266
vn -0.9892 -0.1222 -0.0812
vn -0.5099 0.8600 -0.0185
vn -0.6815 0.7316 0.0140
vn 0.0655 -0.9963 0.0559
vn 0.0036 -1.0000 -0.0011
vn 0.9989 -0.0470 -0.0040
vn -0.1097 -0.0771 -0.9910
vn -0.8759 0.0091 -0.4824
vn 0.7110 0.5881 0.3855
vn -0.0037 0.0032 1.0000
vn -0.3641 -0.3189 -0.8751
vn 0.7152 0.5994 -0.3594
vn -0.6784 -0.7347 0.0060
vn 0.3987 0.7754 0.4897
vn 0.0477 0.0042 -0.9989
vn 0.7129 0.5409 0.4463
vn 0.0973 -0.9883 0.1173
vn -0.9440 -0.1717 0.2816
vn 0.0724 0.9940 0.0819
vn 0.8260 0.5346 0.1786
vn -0.9798 -0.0537 -0.1926
vn -0.9831 -0.0066 -0.1829
vn 0.0006 -0.0093 -1.0000
vn -0.0006 -0.0087 -1.0000
vn 0.0162 -0.9997 0.0204
vn -0.3350 -0.0098 -0.9422
vn -0.0177 0.9995 -0.0243
vn -0.9941 -0.0625 -0.0891
vn -0.4610 0.8630 0.2066
vn -0.8455 -0.5269 -0.0864
vn -0.4624 0.5816 -0.6693
vn 0.9396 0.3114 -0.1418
vn 0.3246 -0.9023 -0.2838
vn 0.2674 0.8976 0.3505
vn -0.3738 0.8420 0.3891
vn 0.0708 0.1057 -0.9919
vn -0.0370 0.0639 0.9973
vn -0.3926 0.5749 0.7179
vn 0.7451 0.6615 0.0848
vn -0.5625 0.8237 0.0715
vn -0.8668 -0.4942 0.0671
vn 0.5024 0.8644 0.0226
vn -0.9552 -0.2961 0.0049
vn -0.8583 -0.5132 0.0067
vn 0.6354 0.7721 0.0069
vn 0.3161 -0.3674 0.8747
vn -0.4861 0.0376 -0.8731
vn -0.1339 0.9906 -0.0286
vn -0.3485 0.9373 -0.0000
vn -0.9343 0.3561 -0.0201
vn 0.9993 0.0273 -0.0266
vn -0.9951 0.0498 -0.0858
vn -0.6383 -0.7696 -0.0136
vn 0.6385 0.7695 0.0134
vn 0.9989 0.0471 -0.0040
vn -0.1097 0.0771 -0.9910
vn -0.8648 0.0168 -0.5018
vn 0.8274 -0.3685 0.4237
vn -0.0037 -0.0032 1.0000
vn -0.3664 0.3170 -0.8748
vn 0.7152 -0.5994 -0.3594
vn -0.6784 0.7347 0.0060
vn 0.3930 -0.7902 0.4702
vn 0.0464 -0.0069 -0.9989
vn -0.4996 0.7417 0.4475
vn 0.0973 0.9883 0.1173
vn -0.9031 0.2677 0.3357
vn 0.0739 -0.9958 0.0533
vn 0.8260 -0.5346 0.1786
vn -0.9831 0.0066 -0.1829
vn -0.0006 0.0087 -1.0000
vn 0.0162 0.9997 0.0204
vn -0.3350 0.0098 -0.9422
vn -0.9941 0.0625 -0.0891
vn -0.4690 -0.8572 0.2127
vn -0.8954 0.4414 -0.0585
vn -0.2915 -0.3105 -0.9048
vn 0.9396 -0.3114 -0.1418
vn 0.3246 0.9023 -0.2838
vn 0.5429 -0.7214 0.4299
vn -0.3738 -0.8420 0.3891
vn -0.6652 -0.7162 -0.2112
vn 0.0395 -0.1948 -0.9800
vn 0.0207 -0.1082 0.9939
vn -0.3926 -0.5749 0.7179
vn 0.7451 -0.6615 0.0848
vn -0.5625 -0.8237 0.0715
vn -0.9193 0.3840 0.0857
vn 0.5740 -0.8188 -0.0049
vn -0.9552 0.2961 0.0049
vn 0.4326 -0.9015 -0.0082
vn -0.8583 0.5131 0.0067
vn 0.8270 -0.5582 -0.0673
vn -0.4140 0.9063 0.0847
vn 0.0070 0.4023 0.9155
vn -0.8413 0.4448 0.3073
vn -0.9689 0.2427 -0.0479
vn -0.9982 0.0102 -0.0590
vn -0.0065 0.3517 0.9361
vn -0.9934 0.0162 -0.1135
vn -0.2182 0.9758 -0.0129
vn 0.3209 0.2056 -0.9245
vn -0.8263 0.2057 0.5244
vn -0.0511 0.8530 0.5194
vn 0.0032 0.9890 0.1481
vn 0.0373 0.9862 0.1610
vn 0.9772 0.1941 0.0859
vn 0.9775 0.0798 0.1954
vn 0.9818 0.1893 -0.0160
vn -0.0163 0.7184 0.6955
vn 0.0001 0.8481 -0.5298
vn -0.9930 0.1174 0.0154
vn 0.0291 0.8038 0.5941
vn 0.0341 0.7245 -0.6884
vn -0.6154 0.4018 0.6781
vn -0.9319 0.2041 -0.2998
vn -0.4585 0.8836 -0.0949
vn -0.0065 -0.0075 1.0000
vn -0.0129 -0.0066 0.9999
vn 0.9930 0.1036 0.0562
vn -0.3359 0.0388 0.9411
vt 0.438257 0.540641
vt 0.409935 0.510273
vt 0.392639 0.540343
vt 0.051442 0.548993
vt 0.057215 0.512516
vt 0.051441 0.497929
vt 0.051778 0.496887
vt 0.057469 0.489349
vt 0.051778 0.489343
vt 0.037468 0.548547
vt 0.019564 0.512839
vt 0.006206 0.549775
vt 0.006206 0.549788
vt 0.555352 0.447440
vt 0.594079 0.440503
vt 0.562805 0.431289
vt 0.331930 0.579288
vt 0.371176 0.556253
vt 0.346883 0.540584
vt 0.200293 0.469355
vt 0.217343 0.657216
vt 0.209891 0.462908
vt 0.191252 0.474196
vt 0.170641 0.450937
vt 0.136255 0.541949
vt 0.528914 0.491895
vt 0.553982 0.541733
vt 0.520865 0.541733
vt 0.181278 0.693065
vt 0.155832 0.560300
vt 0.071213 0.911685
vt 0.366411 0.597883
vt 0.315014 0.631972
vt 0.345089 0.674861
vt 0.190884 0.802777
vt 0.500415 0.831369
vt 0.554049 0.960490
vt 0.475999 0.960490
vt 0.468415 0.831369
vt 0.468809 0.994097
vt 0.378825 0.923043
vt 0.194014 0.458669
vt 0.203805 0.452128
vt 0.562561 0.718247
vt 0.556181 0.759159
vt 0.556392 0.718023
vt 0.480838 0.541733
vt 0.374365 0.543632
vt 0.369988 0.540673
vt 0.386839 0.532803
vt 0.378646 0.522390
vt 0.378583 0.534271
vt 0.409384 0.484646
vt 0.390059 0.452655
vt 0.370013 0.484809
vt 0.409385 0.451602
vt 0.390692 0.430835
vt 0.510924 0.437915
vt 0.494725 0.481010
vt 0.213473 0.487884
vt 0.255503 0.624579
vt 0.255503 0.464443
vt 0.255503 0.788500
vt 0.255503 0.635817
vt 0.212834 0.473013
vt 0.255503 0.449681
vt 0.438282 0.484777
vt 0.420799 0.477165
vt 0.409828 0.477158
vt 0.484609 0.480544
vt 0.460628 0.449463
vt 0.474693 0.437053
vt 0.449958 0.448491
vt 0.442854 0.430257
vt 0.442049 0.484393
vt 0.409622 0.451827
vt 0.438057 0.456180
vt 0.438007 0.451867
vt 0.220041 0.647111
vt 0.261537 0.656226
vt 0.297208 0.488443
vt 0.283167 0.463685
vt 0.320594 0.473708
vt 0.321359 0.456926
vt 0.328194 0.474416
vt 0.392693 0.545648
vt 0.736485 0.402154
vt 0.836360 0.424805
vt 0.836267 0.400997
vt 0.408498 0.991214
vt 0.366383 0.954796
vt 0.325990 0.991557
vt 0.255728 0.986944
vt 0.173885 0.949058
vt 0.173744 0.986944
vt 0.262633 0.986781
vt 0.361111 0.648289
vt 0.463212 0.571363
vt 0.609305 0.681837
vt 0.623102 0.592003
vt 0.608217 0.578438
vt 0.055741 0.643835
vt 0.525514 0.580227
vt 0.514346 0.780410
vt 0.553982 0.831369
vt 0.571209 0.789934
vt 0.591596 0.942131
vt 0.562793 0.990866
vt 0.619092 0.987878
vt 0.576934 0.987876
vt 0.484231 0.679274
vt 0.496364 0.679275
vt 0.496352 0.566346
vt 0.530789 0.772652
vt 0.531687 0.669708
vt 0.567610 0.772652
vt 0.552022 0.772652
vt 0.592091 0.772843
vt 0.592004 0.670140
vt 0.567595 0.669949
vt 0.552176 0.669708
vt 0.369992 0.510492
vt 0.316166 0.807174
vt 0.255651 0.949058
vt 0.046359 0.757454
vt 0.021142 0.874470
vt 0.045629 0.876037
vt 0.402727 0.513095
vt 0.375400 0.537909
vt 0.390345 0.521189
vt 0.388597 0.537619
vt 0.375403 0.513171
vt 0.101530 0.499220
vt 0.153915 0.442169
vt 0.153494 0.430823
vt 0.164627 0.455766
vt 0.061658 0.618854
vt 0.053859 0.640063
vt 0.036697 0.613744
vt 0.051136 0.603729
vt 0.959400 0.818987
vt 0.977270 0.834054
vt 0.976360 0.748830
vt 0.622805 0.497191
vt 0.606784 0.491574
vt 0.991590 0.830236
vt 0.991399 0.919952
vt 0.967850 0.899661
vt 0.892321 0.973077
vt 0.621812 0.724065
vt 0.605119 0.717249
vt 0.878640 0.897942
vt 0.715315 0.380568
vt 0.840769 0.396000
vt 0.850318 0.388016
vt 0.841341 0.428240
vt 0.851481 0.462919
vt 0.832529 0.455980
vt 0.746153 0.452823
vt 0.746101 0.459678
vt 0.724653 0.434544
vt 0.717255 0.468554
vt 0.348164 0.380169
vt 0.324186 0.319523
vt 0.312568 0.411874
vt 0.342886 0.292279
vt 0.363527 0.317308
vt 0.370183 0.292731
vt 0.370183 0.320330
vt 0.366786 0.379982
vt 0.375519 0.412696
vt 0.341526 0.413616
vt 0.007818 0.908379
vt 0.025967 0.733571
vt 0.027793 0.629437
vt 0.049473 0.736301
vt 0.048963 0.882374
vt 0.017380 0.880924
vt 0.027506 0.755040
vt 0.039484 0.498297
vt 0.039485 0.548900
vt 0.070442 0.549140
vt 0.070442 0.512110
vt 0.070509 0.496883
vt 0.070509 0.489361
vt 0.039991 0.489333
vt 0.039991 0.496889
vt 0.025394 0.499923
vt 0.037469 0.500094
vt 0.732635 0.462787
vt 0.732684 0.451640
vt 0.835602 0.445674
vt 0.852155 0.488111
vt 0.746536 0.484300
vt 0.725548 0.487112
vt 0.726365 0.472659
vt 0.747045 0.475755
vt 0.852679 0.471521
vt 0.848603 0.475465
vt 0.619087 0.941975
vt 0.600080 0.822426
vt 0.619080 0.822843
vt 0.619092 0.788440
vt 0.588813 0.788443
vt 0.006206 0.512649
vt 0.633694 0.224461
vt 0.622236 0.231205
vt 0.633694 0.231205
vt 0.840540 0.375088
vt 0.845783 0.343445
vt 0.835490 0.341400
vt 0.736555 0.358195
vt 0.725168 0.335923
vt 0.710610 0.242891
vt 0.618426 0.235372
vt 0.618426 0.242891
vt 0.709669 0.231205
vt 0.635595 0.325444
vt 0.627680 0.306594
vt 0.627680 0.325620
vt 0.845783 0.301175
vt 0.823104 0.301084
vt 0.746010 0.314371
vt 0.821825 0.314371
vt 0.835490 0.301199
vt 0.634845 0.249446
vt 0.699249 0.249446
vt 0.725168 0.301224
vt 0.746010 0.299257
vt 0.876163 0.297766
vt 0.883881 0.312563
vt 0.876163 0.315690
vt 0.726615 0.289655
vt 0.647411 0.289655
vt 0.775955 0.254126
vt 0.869805 0.262235
vt 0.883881 0.262167
vt 0.883881 0.300361
vt 0.717450 0.254126
vt 0.727380 0.293835
vt 0.790213 0.264755
vt 0.728943 0.295878
vt 0.812913 0.262235
vt 0.871454 0.354888
vt 0.868343 0.338999
vt 0.868362 0.354835
vt 0.785177 0.256205
vt 0.811114 0.252443
vt 0.864336 0.218605
vt 0.835508 0.200145
vt 0.835490 0.218605
vt 0.870310 0.228025
vt 0.870310 0.262167
vt 0.825448 0.254980
vt 0.867964 0.227713
vt 0.866124 0.254980
vt 0.865600 0.228694
vt 0.828950 0.228694
vt 0.874244 0.200145
vt 0.874244 0.221799
vt 0.723850 0.251102
vt 0.769555 0.251102
vt 0.717450 0.220051
vt 0.723850 0.244365
vt 0.887233 0.358937
vt 0.871435 0.339052
vt 0.872246 0.323146
vt 0.867482 0.323146
vt 0.852561 0.358778
vt 0.852561 0.325358
vt 0.872303 0.370645
vt 0.722309 0.352200
vt 0.719118 0.341202
vt 0.722309 0.338844
vt 0.678102 0.352200
vt 0.682104 0.341202
vt 0.681549 0.352134
vt 0.679150 0.338844
vt 0.618426 0.235409
vt 0.543554 0.239116
vt 0.618426 0.241563
vt 0.622236 0.231140
vt 0.532135 0.224663
vt 0.526949 0.231140
vt 0.725168 0.303790
vt 0.725168 0.333548
vt 0.440929 0.147401
vt 0.323786 0.093545
vt 0.319051 0.147272
vt 0.094162 0.196907
vt 0.404757 0.036291
vt 0.545040 0.088483
vt 0.545250 0.036303
vt 0.277759 0.036501
vt 0.306100 0.261090
vt 0.094382 0.261389
vt 0.517630 0.017529
vt 0.432724 0.017588
vt 0.758710 0.146219
vt 0.634074 0.108747
vt 0.763485 0.110583
vt 0.982029 0.072797
vt 0.543899 0.191914
vt 0.543914 0.149777
vt 0.803439 0.194053
vt 0.679949 0.193232
vt 0.764782 0.012772
vt 0.982029 0.012806
vt 0.569774 0.206841
vt 0.652678 0.208288
vt 0.299631 0.135028
vt 0.030436 0.223719
vt 0.009260 0.203342
vt 0.009101 0.223716
vt 0.465297 0.160169
vt 0.549321 0.095093
vt 0.552763 0.088674
vt 0.552827 0.034277
vt 0.264104 0.065475
vt 0.271620 0.033931
vt 0.258152 0.062756
vt 0.760733 0.140712
vt 0.816435 0.169482
vt 0.818465 0.164117
vt 0.277615 0.026795
vt 0.881656 0.163590
vt 0.909836 0.171818
vt 0.881375 0.171593
vt 0.029969 0.252233
vt 0.008615 0.253161
vt 0.305888 0.288513
vt 0.082638 0.288514
vt 0.521145 0.013686
vt 0.432715 0.010713
vt 0.517464 0.010713
vt 0.403980 0.026567
vt 0.381742 0.204887
vt 0.327966 0.281856
vt 0.314998 0.260988
vt 0.395714 0.214134
vt 0.328385 0.273739
vt 0.900294 0.153263
vt 0.881656 0.163443
vt 0.835297 0.153222
vt 0.918346 0.162993
vt 0.908878 0.163611
vt 0.900248 0.191343
vt 0.828810 0.160594
vt 0.826293 0.171007
vt 0.083861 0.164159
vt 0.130384 0.148215
vt 0.082687 0.158777
vt 0.295116 0.085014
vt 0.302168 0.115770
vt 0.077007 0.133242
vt 0.126006 0.128086
vt 0.073983 0.140233
vt 0.033879 0.144397
vt 0.074043 0.144397
vt 0.020186 0.164206
vt 0.010480 0.140233
vt 0.073983 0.164206
vt 0.034721 0.160039
vt 0.084501 0.217665
vt 0.066621 0.240498
vt 0.080312 0.282238
vt 0.009221 0.188158
vt 0.030524 0.203153
vt 0.030485 0.188049
vt 0.104409 0.166420
vt 0.078840 0.186598
vt 0.096745 0.178805
vt 0.033917 0.221314
vt 0.045813 0.173788
vt 0.030609 0.284729
vt 0.009255 0.285663
vt 0.037522 0.281504
vt 0.036740 0.238225
vt 0.185633 0.053116
vt 0.245138 0.088028
vt 0.249458 0.052588
vt 0.144512 0.029948
vt 0.268607 0.023226
vt 0.148576 0.023570
vt 0.107745 0.054497
vt 0.115365 0.084250
vt 0.111515 0.053632
vt 0.165754 0.049721
vt 0.259309 0.034686
vt 0.259152 0.042785
vt 0.175155 0.053464
vt 0.178237 0.094456
vt 0.019986 0.371328
vt 0.061761 0.330784
vt 0.019986 0.341669
vt 0.017949 0.375581
vt 0.015242 0.334752
vt 0.015242 0.375581
vt 0.017341 0.308427
vt 0.061040 0.305800
vt 0.017341 0.305800
vt 0.294368 0.373244
vt 0.285171 0.339875
vt 0.285015 0.373190
vt 0.249398 0.390480
vt 0.207885 0.410286
vt 0.262230 0.410286
vt 0.117502 0.382746
vt 0.117502 0.330784
vt 0.061400 0.322280
vt 0.117036 0.305800
vt 0.061737 0.410286
vt 0.018443 0.407330
vt 0.018443 0.410286
vt 0.018260 0.334848
vt 0.242313 0.375091
vt 0.208605 0.380933
vt 0.250316 0.380933
vt 0.117269 0.322364
vt 0.061749 0.391510
vt 0.061761 0.382746
vt 0.250316 0.332596
vt 0.018260 0.375624
vt 0.184248 0.410286
vt 0.171507 0.391209
vt 0.171236 0.410286
vt 0.280104 0.396368
vt 0.295186 0.400626
vt 0.295204 0.396368
vt 0.208555 0.305800
vt 0.250457 0.323402
vt 0.263409 0.305800
vt 0.184552 0.391112
vt 0.171781 0.382746
vt 0.208605 0.332596
vt 0.242313 0.338439
vt 0.184856 0.330784
vt 0.208605 0.375091
vt 0.208605 0.338439
vt 0.184777 0.322634
vt 0.184698 0.305800
vt 0.184856 0.382746
vt 0.253906 0.377801
vt 0.250681 0.332667
vt 0.250681 0.380938
vt 0.269908 0.335804
vt 0.273132 0.332667
vt 0.269907 0.377801
vt 0.273132 0.380939
vt 0.274071 0.377253
vt 0.274266 0.335558
vt 0.294385 0.335484
vt 0.294304 0.339929
vt 0.302872 0.377328
vt 0.302963 0.335633
vt 0.294190 0.377328
vt 0.171781 0.330784
vt 0.171671 0.322548
vt 0.171563 0.305800
vt 0.117214 0.410286
vt 0.117358 0.391416
vt 0.118604 0.339496
vt 0.171137 0.374081
vt 0.171137 0.339449
vt 0.118633 0.338550
vt 0.171166 0.338484
vt 0.118633 0.374980
vt 0.171166 0.375046
vt 0.118604 0.374034
vt 0.888013 0.144561
vt 0.867692 0.114143
vt 0.888013 0.109909
vt 0.861223 0.114143
vt 0.840828 0.144561
vt 0.840828 0.109909
vt 0.861500 0.140327
vt 0.867692 0.140327
vt 0.861500 0.114143
vt 0.011656 0.113711
vt 0.027977 0.089519
vt 0.027644 0.112271
vt 0.112381 0.108477
vt 0.122822 0.098815
vt 0.122663 0.109648
vt 0.122822 0.092381
vt 0.012048 0.080550
vt 0.112483 0.099242
vt 0.122663 0.116248
vt 0.011656 0.120312
vt 0.238426 0.360733
vt 0.212492 0.352797
vt 0.238426 0.352797
vt 0.212492 0.360733
vt 0.299498 0.403319
vt 0.299533 0.383258
vt 0.269964 0.393696
vt 0.280086 0.400626
vt 0.299498 0.413225
vt 0.269964 0.413225
vt 0.939347 0.144561
vt 0.919026 0.114143
vt 0.939347 0.109909
vt 0.912557 0.114143
vt 0.892162 0.144561
vt 0.892162 0.109909
vt 0.912834 0.140327
vt 0.919026 0.140327
vt 0.912834 0.114143
vt 0.835889 0.144561
vt 0.815568 0.114143
vt 0.835889 0.109909
vt 0.809099 0.114143
vt 0.788704 0.144561
vt 0.788705 0.109909
vt 0.809377 0.140327
vt 0.815568 0.140327
vt 0.809377 0.114143
vt 0.989891 0.144561
vt 0.969570 0.114143
vt 0.989891 0.109909
vt 0.963101 0.114143
vt 0.942706 0.144561
vt 0.942706 0.109909
vt 0.963378 0.140327
vt 0.969570 0.140327
vt 0.963378 0.114143
vt 0.943108 0.465703
vt 0.914191 0.485259
vt 0.947927 0.485259
vt 0.951889 0.251505
vt 0.915326 0.291510
vt 0.946762 0.291510
vt 0.954214 0.289594
vt 0.979434 0.406941
vt 0.986548 0.271188
vt 0.919010 0.366764
vt 0.919010 0.465703
vt 0.953653 0.395676
vt 0.909261 0.469574
vt 0.910199 0.489713
vt 0.915326 0.469574
vt 0.951889 0.489713
vt 0.952826 0.469574
vt 0.946762 0.469574
vt 0.910199 0.251505
vt 0.909261 0.291510
vt 0.952826 0.291510
vt 0.946762 0.363259
vt 0.915326 0.363259
vt 0.954894 0.467352
vt 0.952826 0.363259
vt 0.909261 0.363259
vt 0.907997 0.470153
vt 0.882822 0.477940
vt 0.882953 0.489436
vt 0.907830 0.363735
vt 0.897934 0.460153
vt 0.899940 0.491926
vt 0.959728 0.511462
vt 0.963512 0.491926
vt 0.907975 0.363590
vt 0.898079 0.460009
vt 0.897813 0.367336
vt 0.908142 0.470009
vt 0.882967 0.477796
vt 0.567184 0.073854
vt 0.603314 0.075863
vt 0.603314 0.073854
vt 0.603314 0.072662
vt 0.567184 0.052975
vt 0.567184 0.072662
vt 0.567184 0.029830
vt 0.603314 0.051784
vt 0.603314 0.029830
vt 0.567184 0.075863
vt 0.567184 0.051784
vt 0.603314 0.052975
vt 0.812913 0.227977
vt 0.825449 0.227657
vt 0.769555 0.244365
vt 0.775954 0.220051
vt 0.775955 0.220051
vt 0.824611 0.200145
vt 0.622236 0.218066
vt 0.845783 0.375088
vt 0.812057 0.375407
vt 0.635595 0.306541
vt 0.806078 0.243893
vt 0.864373 0.200145
vt 0.887233 0.325516
vt 0.867539 0.370645
vt 0.622236 0.220386
vt 0.277640 0.036604
vt 0.918687 0.172031
vt 0.832780 0.190909
vt 0.180255 0.101609
vt 0.266822 0.028492
vt 0.108518 0.083987
vt 0.208555 0.322870
vt 0.207884 0.391079
vt 0.253906 0.335804
vt 0.866261 0.144561
vt 0.012048 0.086984
vt 0.299498 0.393696
vt 0.269999 0.383258
vt 0.269964 0.403319
vt 0.912557 0.140327
vt 0.917595 0.144561
vt 0.814138 0.144561
vt 0.963101 0.140327
vt 0.968139 0.144561
vt 0.959931 0.489713
vt 0.902157 0.251505
vt 0.974122 0.508289
vt 0.883098 0.489292
vt 0.824611 0.221799
vt 0.872528 0.982557
vt 0.824988 0.978330
vt 0.869365 0.993237
vt 0.632577 0.694736
vt 0.646817 0.848835
vt 0.646779 0.694687
vt 0.706604 0.686363
vt 0.718707 0.853769
vt 0.732509 0.854402
vt 0.659234 0.536178
vt 0.684235 0.575234
vt 0.686557 0.536178
vt 0.646071 0.946092
vt 0.632527 0.925698
vt 0.632527 0.945969
vt 0.776822 0.675889
vt 0.776669 0.867407
vt 0.784928 0.502491
vt 0.706593 0.533046
vt 0.787177 0.523730
vt 0.645449 0.956138
vt 0.632527 0.956172
vt 0.632527 0.867432
vt 0.646814 0.925947
vt 0.648222 0.866950
vt 0.726032 0.914813
vt 0.746638 0.934385
vt 0.684235 0.680608
vt 0.790153 0.950794
vt 0.842715 0.808039
vt 0.784872 0.756879
vt 0.803843 0.813417
vt 0.864619 0.909264
vt 0.829793 0.963840
vt 0.785484 0.966498
vt 0.710597 0.659721
vt 0.776822 0.557583
vt 0.852753 0.855636
vt 0.907355 0.820637
vt 0.822413 0.822508
vt 0.812564 0.877881
vt 0.853384 0.747421
vt 0.916860 0.746549
vt 0.673110 0.915162
vt 0.675621 0.935700
vt 0.676716 0.915152
vt 0.781919 0.953021
vt 0.659234 0.680605
vt 0.677020 0.686872
vt 0.688579 0.854239
vt 0.677022 0.853826
vt 0.663027 0.925484
vt 0.671893 0.936152
vt 0.663981 0.944648
vt 0.764038 0.950176
vt 0.778540 0.964435
vt 0.659234 0.686872
vt 0.666596 0.691873
vt 0.664261 0.907445
vt 0.632627 0.685650
vt 0.648346 0.685651
vt 0.650154 0.690502
vt 0.660266 0.865738
vt 0.659234 0.575284
vt 0.667614 0.632809
vt 0.667614 0.667063
vt 0.433632 0.386573
vt 0.414076 0.363529
vt 0.406431 0.386573
vt 0.474353 0.305846
vt 0.463421 0.293191
vt 0.463421 0.305846
vt 0.385461 0.293230
vt 0.414159 0.279931
vt 0.385461 0.279931
vt 0.454067 0.229107
vt 0.480668 0.212971
vt 0.454067 0.212971
vt 0.555233 0.359203
vt 0.538879 0.339967
vt 0.538877 0.359203
vt 0.414457 0.301657
vt 0.462371 0.293237
vt 0.414159 0.293230
vt 0.558429 0.244617
vt 0.571733 0.255527
vt 0.571733 0.244617
vt 0.572223 0.400030
vt 0.556911 0.388424
vt 0.599834 0.388424
vt 0.439405 0.336624
vt 0.462371 0.305768
vt 0.484955 0.337006
vt 0.562621 0.335512
vt 0.584726 0.361563
vt 0.522921 0.386573
vt 0.568770 0.361876
vt 0.522923 0.363103
vt 0.544499 0.244617
vt 0.558429 0.255337
vt 0.636370 0.430120
vt 0.641746 0.371023
vt 0.636370 0.370657
vt 0.545953 0.393029
vt 0.504224 0.425132
vt 0.483703 0.393029
vt 0.560191 0.305846
vt 0.580724 0.309395
vt 0.589998 0.300625
vt 0.511218 0.363529
vt 0.527963 0.244617
vt 0.544499 0.255347
vt 0.511219 0.342632
vt 0.511218 0.360965
vt 0.556910 0.400030
vt 0.545497 0.305846
vt 0.560192 0.309395
vt 0.447896 0.257035
vt 0.439456 0.244617
vt 0.439456 0.257244
vt 0.385461 0.301657
vt 0.480668 0.229107
vt 0.454177 0.233259
vt 0.480668 0.233259
vt 0.423141 0.257236
vt 0.423141 0.244617
vt 0.410613 0.229115
vt 0.560191 0.293191
vt 0.589998 0.293182
vt 0.545497 0.293191
vt 0.444728 0.363529
vt 0.511217 0.386573
vt 0.410020 0.348873
vt 0.446005 0.344862
vt 0.410020 0.344862
vt 0.495445 0.337006
vt 0.466647 0.360965
vt 0.462994 0.342632
vt 0.453934 0.360965
vt 0.492322 0.425132
vt 0.455006 0.393029
vt 0.447896 0.244617
vt 0.609275 0.244617
vt 0.609275 0.260046
vt 0.568940 0.264823
vt 0.573522 0.289776
vt 0.596198 0.265090
vt 0.559280 0.276229
vt 0.549166 0.289776
vt 0.537159 0.285714
vt 0.537159 0.290033
vt 0.479025 0.285714
vt 0.479025 0.290033
vt 0.470092 0.290033
vt 0.467112 0.267893
vt 0.437506 0.263148
vt 0.382366 0.244617
vt 0.382366 0.260056
vt 0.451910 0.352056
vt 0.451910 0.341680
vt 0.451649 0.359175
vt 0.410269 0.349156
vt 0.390291 0.359175
vt 0.389796 0.341680
vt 0.389796 0.352056
vt 0.497953 0.300111
vt 0.473508 0.356097
vt 0.471349 0.342632
vt 0.507433 0.345913
vt 0.507432 0.356097
vt 0.619844 0.430120
vt 0.619844 0.363625
vt 0.641542 0.430755
vt 0.634940 0.448642
vt 0.647718 0.448642
vt 0.661344 0.430121
vt 0.661344 0.365043
vt 0.978351 0.681309
vt 0.995167 0.614953
vt 0.995167 0.681309
vt 0.825941 0.549546
vt 0.937270 0.532399
vt 0.825865 0.532399
vt 0.796896 0.670395
vt 0.781651 0.586641
vt 0.781651 0.670117
vt 0.973459 0.586116
vt 0.957507 0.670519
vt 0.973459 0.670364
vt 0.892605 0.670674
vt 0.830517 0.670674
vt 0.983631 0.563777
vt 0.978351 0.527110
vt 0.983631 0.527110
vt 0.983631 0.710523
vt 0.978351 0.733618
vt 0.978351 0.710523
vt 0.975615 0.549342
vt 0.975615 0.532399
vt 0.790067 0.549342
vt 0.796896 0.586489
vt 0.957507 0.586226
vt 0.937228 0.549546
vt 0.970994 0.734101
vt 0.978351 0.614953
vt 0.910787 0.734479
vt 0.802979 0.734479
vt 0.784019 0.733270
vt 0.553982 0.492844
vt 0.192550 0.477324
vt 0.389766 0.542617
vt 0.527286 0.428869
vt 0.438234 0.477176
vt 0.474873 0.481538
vt 0.409673 0.455967
vt 0.273771 0.646213
vt 0.164476 0.984661
vt 0.408502 0.955799
vt 0.484351 0.566081
vt 0.562581 0.759254
vt 0.438261 0.510460
vt 0.107935 0.506783
vt 0.122692 0.530108
vt 0.618601 0.687193
vt 0.933929 0.918445
vt 0.723491 0.394393
vt 0.832237 0.448335
vt 0.347488 0.317285
vt 0.057469 0.496886
vt 0.835883 0.458453
vt 0.848446 0.485017
vt 0.553982 0.580224
vt 0.943108 0.366764
vt 0.710596 0.564709
vt 0.745437 0.938667
vt 0.672600 0.945493
vt 0.659234 0.691876
vt 0.666571 0.853290
vt 0.659235 0.632809
vt 0.555233 0.339967
vt 0.641746 0.430121
vt 0.545952 0.425132
vt 0.527963 0.257035
vt 0.545498 0.337006
vt 0.549166 0.276439
vt 0.472896 0.280818
vt 0.445816 0.349156
vt 0.474231 0.345913
vt 0.636831 0.430808
vt 0.978351 0.563777
vt 0.594390 0.664429
vt 0.409484 0.430096
vt 0.447536 0.483376
vt 0.438255 0.559801
vt 0.736726 0.429656
vt 0.553982 0.780412
vt 0.944765 0.992543
vt 0.710610 0.235372
vt 0.709669 0.224461
vt 0.883881 0.228025
vt 0.867950 0.227920
vt 0.719118 0.352134
vt 0.539244 0.235409
vt 0.316747 0.094419
vt 0.429202 0.009714
vt 0.908878 0.163463
vt 0.078177 0.138620
vt 0.073922 0.160039
vt 0.073330 0.222591
vt 0.072076 0.219998
vt 0.177607 0.034409
vt 0.017949 0.334752
vt 0.861223 0.140327
vt 0.866261 0.109909
vt 0.917595 0.109909
vt 0.809099 0.140327
vt 0.814138 0.109909
vt 0.968139 0.109909
vt 0.902157 0.489713
vt 0.959931 0.251505
vt 0.897668 0.367480
vt 0.903725 0.511462
vt 0.632527 0.849066
vt 0.704159 0.511693
vt 0.789357 0.839951
vt 0.761330 0.959517
vt 0.659235 0.667063
vt 0.474353 0.293191
vt 0.464157 0.336624
vt 0.572756 0.386573
vt 0.410613 0.238064
vt 0.446005 0.348873
vt 0.531633 0.300111
vt 0.983631 0.733618
vt 0.790067 0.532399
vt 0.945095 0.734479
vt 0.824590 0.734479
s 1
usemtl Material.001
f 744/1/1 2/2/2 1/3/3
f 3/4/4 5/5/4 4/6/4
f 4/7/5 7/8/6 6/9/7
f 8/10/8 7/11/9 790/12/10
f 8/10/8 790/12/10 746/13/11
f 12/14/12 10/15/13 9/16/14
f 16/17/15 14/18/16 13/19/17
f 10/20/18 18/21/19 17/22/20
f 12/23/21 20/24/22 19/25/23
f 21/26/24 804/27/25 22/28/26
f 11/29/27 19/30/28 23/31/29
f 15/32/30 25/33/31 24/34/32
f 11/29/33 26/35/34 18/21/19
f 27/36/35 749/37/36 28/38/37
f 29/39/38 31/40/39 30/41/40
f 9/42/41 17/22/42 32/43/41
f 36/44/43 34/45/44 33/46/45
f 30/41/46 25/47/47 29/39/48
f 9/48/49 1/3/50 12/49/51
f 40/50/52 38/51/53 37/52/54
f 41/53/55 14/54/56 15/55/57
f 42/56/58 13/57/59 14/54/60
f 13/58/61 21/26/24 16/59/62
f 44/60/63 750/61/64 751/62/65
f 16/59/62 22/28/26 25/47/66
f 18/21/19 752/63/67 753/64/68
f 29/39/38 28/38/37 31/40/39
f 46/65/69 751/62/70 829/66/71
f 831/67/72 3/68/73 47/69/74
f 41/70/75 48/71/76 42/72/77
f 42/72/77 49/73/78 43/74/79
f 49/73/78 21/75/80 43/74/79
f 21/76/81 746/77/82 747/78/83
f 753/64/84 45/79/85 18/21/86
f 18/80/87 44/81/88 17/82/89
f 17/82/89 46/83/90 32/84/91
f 46/83/90 1/85/92 32/84/91
f 46/86/93 744/1/94 1/3/95
f 23/31/96 26/35/97 11/29/98
f 54/87/99 52/88/100 51/89/101
f 31/90/102 55/91/103 50/92/104
f 749/93/105 55/94/105 28/95/105
f 24/34/32 25/33/31 30/96/106
f 30/41/107 56/97/107 24/98/107
f 60/99/108 58/100/109 57/101/110
f 23/31/111 19/30/111 61/102/111
f 63/103/112 27/36/113 22/28/114
f 62/104/115 748/105/116 27/36/113
f 63/106/117 64/107/118 62/108/119
f 64/107/120 851/109/121 62/110/122
f 25/47/47 66/111/123 29/39/48
f 66/111/123 27/36/113 29/39/48
f 68/112/124 22/28/114 27/36/113
f 69/113/125 25/47/47 22/28/114
f 33/46/126 66/114/127 67/115/128
f 34/45/129 68/116/130 66/117/131
f 68/118/132 36/44/133 69/119/134
f 69/120/135 33/46/136 67/121/137
f 2/2/2 831/67/138 41/53/139
f 20/122/140 41/53/139 15/55/141
f 50/92/104 55/91/103 26/123/142
f 842/124/143 26/35/144 55/94/145
f 73/125/146 71/126/147 70/127/148
f 75/128/149 1/3/3 2/2/2
f 1/3/3 76/129/150 12/49/151
f 76/129/150 20/122/140 12/49/151
f 20/122/140 75/128/149 2/2/2
f 39/130/152 74/131/153 75/128/154
f 40/50/155 76/129/156 74/131/157
f 76/129/158 38/51/159 77/132/160
f 77/132/161 39/130/162 75/128/163
f 24/133/32 78/134/164 15/135/30
f 78/134/164 20/24/22 15/135/30
f 80/136/165 19/25/23 20/24/22
f 19/25/166 82/137/167 61/138/168
f 82/137/167 56/139/169 61/138/168
f 83/140/170 24/133/171 56/139/169
f 79/141/172 57/142/173 78/143/174
f 57/101/175 80/144/176 78/145/177
f 80/146/178 58/147/179 81/148/180
f 58/147/179 82/149/181 81/148/180
f 82/150/182 60/99/183 83/151/184
f 83/152/185 57/142/173 79/141/172
f 31/153/186 84/154/187 30/155/188
f 30/155/188 86/156/189 23/157/190
f 87/158/191 89/159/192 88/160/193
f 91/161/194 31/153/186 50/162/195
f 54/163/196 84/164/197 85/165/198
f 84/166/199 52/167/200 86/168/201
f 86/169/202 53/170/203 91/171/204
f 53/170/205 85/172/206 91/171/207
f 30/173/208 92/174/209 56/175/210
f 92/174/209 61/102/211 56/175/210
f 94/176/212 23/31/213 61/102/211
f 95/177/214 30/173/208 23/31/213
f 93/178/215 72/179/216 92/174/217
f 72/179/218 94/176/219 92/174/220
f 73/125/221 95/177/222 94/176/223
f 70/127/224 93/178/225 95/177/226
f 3/4/227 48/180/228 47/181/229
f 5/5/230 832/182/231 754/183/232
f 7/8/233 754/184/234 755/185/235
f 4/7/236 49/186/237 48/187/238
f 6/188/239 8/10/8 49/189/240
f 831/67/72 47/69/74 41/53/241
f 23/157/242 96/190/243 50/162/244
f 50/162/244 98/191/245 91/161/246
f 98/191/245 86/156/247 91/161/246
f 99/192/248 23/157/242 86/156/247
f 97/193/249 88/194/250 96/195/251
f 88/194/252 98/196/253 96/195/254
f 89/197/255 99/198/256 98/196/257
f 90/199/258 97/193/259 99/198/260
f 854/200/261 65/201/262 889/202/261
f 804/27/263 63/103/112 22/28/114
f 890/203/264 65/201/265 63/204/266
f 755/205/267 790/12/10 7/11/9
f 100/206/268 102/207/269 101/208/270
f 104/209/271 106/210/272 105/211/273
f 100/212/274 105/211/275 103/213/276
f 111/214/277 109/215/277 108/216/277
f 107/217/278 100/206/278 101/208/278
f 112/218/279 114/219/279 113/220/279
f 110/221/280 105/211/280 106/210/280
f 119/222/281 117/223/282 116/224/282
f 111/225/283 120/224/283 105/211/283
f 111/214/284 122/226/284 121/227/284
f 108/228/285 123/223/285 122/229/285
f 105/211/286 123/223/287 103/213/288
f 121/230/280 116/231/280 120/232/280
f 122/229/289 117/223/289 118/229/289
f 120/224/290 117/223/291 123/223/292
f 121/233/293 122/234/293 124/235/294
f 118/229/295 119/222/281 125/236/296
f 121/230/297 125/237/298 119/238/299
f 124/235/294 122/234/293 126/239/300
f 118/240/301 126/241/302 122/242/303
f 118/229/295 125/236/296 127/243/304
f 131/244/305 129/245/305 128/246/305
f 127/247/306 924/248/306 126/241/306
f 132/249/307 756/250/307 133/251/307
f 1167/252/280 125/237/280 124/253/280
f 125/236/296 134/254/307 127/243/304
f 928/255/307 135/256/307 125/236/296
f 135/257/308 133/251/308 134/258/308
f 757/259/280 132/249/280 135/260/280
f 124/235/294 139/261/305 138/262/305
f 126/239/300 924/263/309 136/264/305
f 126/239/300 136/264/305 139/261/305
f 136/265/310 130/266/310 131/244/310
f 138/267/311 130/245/311 137/268/311
f 139/269/312 129/245/312 138/270/312
f 139/271/313 131/246/313 128/244/313
f 109/272/306 140/273/306 108/274/306
f 102/275/306 143/276/306 142/277/306
f 103/278/306 140/273/306 143/276/306
f 141/279/314 115/280/315 140/281/316
f 142/282/317 112/283/318 113/284/319
f 140/285/320 112/218/320 143/286/320
f 144/287/321 146/288/322 145/289/323
f 145/289/305 148/290/305 144/287/305
f 147/291/324 150/292/325 149/293/326
f 151/294/327 146/288/322 147/291/324
f 153/295/305 148/290/305 154/296/305
f 147/291/328 156/297/328 155/298/328
f 157/299/329 159/300/330 158/301/331
f 159/300/332 161/302/333 158/301/334
f 159/300/330 163/303/335 162/304/336
f 157/299/329 164/305/337 160/306/338
f 161/302/333 167/307/339 166/308/340
f 163/306/341 169/309/342 168/310/343
f 146/288/344 158/311/345 145/289/346
f 170/312/347 172/313/348 171/314/349
f 150/292/350 159/315/351 162/316/352
f 150/317/353 163/293/354 149/318/280
f 152/319/355 164/320/356 165/321/357
f 152/322/358 157/323/359 146/324/360
f 147/291/361 164/325/362 151/294/363
f 174/326/364 176/327/365 175/328/366
f 178/329/367 171/314/368 179/330/369
f 153/296/370 166/331/371 167/332/370
f 156/333/372 163/293/373 168/297/374
f 156/334/307 169/297/307 155/335/307
f 155/298/375 160/336/376 147/291/377
f 153/295/378 180/337/379 144/287/380
f 167/338/381 181/339/382 153/295/378
f 167/338/381 183/340/383 182/341/384
f 144/287/380 183/340/383 159/315/385
f 181/342/386 174/343/387 180/344/388
f 181/345/389 176/327/390 177/346/391
f 182/347/392 175/328/393 176/327/394
f 180/348/395 175/328/396 183/349/397
f 148/350/398 185/351/399 184/352/400
f 158/353/401 185/351/399 145/354/402
f 161/355/403 186/356/404 158/353/401
f 161/357/405 188/358/406 187/359/407
f 154/360/408 188/358/406 166/361/409
f 148/362/410 189/363/411 154/360/408
f 185/364/412 170/365/413 184/366/414
f 186/367/415 173/368/416 185/369/417
f 186/370/418 171/371/419 172/372/420
f 188/373/421 171/371/419 187/374/422
f 189/375/423 179/330/424 188/376/425
f 189/377/426 170/365/413 178/378/427
f 190/379/428 192/380/429 191/381/430
f 194/382/431 192/383/432 193/384/433
f 195/385/434 191/386/435 192/387/436
f 197/388/437 191/389/438 196/390/439
f 197/391/440 195/386/441 194/392/442
f 198/393/443 200/394/443 199/395/443
f 205/396/444 203/397/280 202/398/280
f 204/399/445 206/400/446 203/401/445
f 211/402/447 209/403/447 208/404/447
f 215/405/328 213/406/328 212/407/328
f 200/394/305 217/408/305 216/409/305
f 207/410/448 218/411/277 206/400/446
f 220/412/449 205/413/450 202/414/450
f 199/395/451 207/410/452 204/415/453
f 222/416/454 214/417/455 215/418/456
f 200/394/457 219/419/458 207/410/459
f 198/393/460 221/420/461 201/421/462
f 225/422/463 222/416/464 215/418/463
f 205/423/444 199/395/465 204/415/466
f 226/424/328 228/425/328 227/426/328
f 230/427/305 232/428/305 231/429/305
f 234/430/277 225/431/277 235/432/277
f 229/433/467 237/434/468 228/425/469
f 236/435/470 224/436/471 225/422/472
f 213/406/473 229/433/473 226/424/473
f 240/437/305 223/438/305 239/439/305
f 242/440/474 234/430/474 241/441/474
f 214/417/475 238/442/476 229/433/477
f 240/437/478 236/435/479 242/440/480
f 244/443/481 212/444/481 235/445/481
f 212/444/481 245/446/481 215/447/463
f 215/447/463 246/448/481 225/449/463
f 246/448/481 235/445/481 225/449/463
f 244/450/482 209/403/482 243/451/482
f 209/403/483 245/452/484 243/451/485
f 210/453/486 246/454/486 245/455/486
f 246/456/487 208/404/488 244/450/489
f 237/434/305 240/437/305 247/457/305
f 249/458/277 241/441/277 248/459/277
f 247/457/490 242/440/491 249/458/492
f 250/460/328 221/420/493 220/412/449
f 251/461/494 201/421/495 221/420/496
f 252/462/497 254/463/497 253/464/497
f 219/419/277 248/459/277 218/411/277
f 256/465/498 253/464/499 257/466/500
f 227/426/328 251/461/328 250/460/328
f 254/463/501 259/467/502 258/468/503
f 255/469/504 216/409/505 217/408/506
f 216/409/505 256/465/507 219/419/508
f 256/465/509 249/458/510 219/419/511
f 257/466/512 247/457/513 249/458/514
f 247/457/513 254/463/515 237/434/516
f 237/434/516 258/468/517 228/425/518
f 228/425/519 259/467/520 251/461/521
f 259/467/522 217/408/506 251/461/523
f 263/470/524 261/471/524 260/472/524
f 267/473/525 265/474/525 264/475/525
f 263/470/526 266/476/526 262/477/526
f 266/476/527 261/471/527 262/477/527
f 267/478/528 260/472/528 261/471/528
f 268/479/529 270/480/529 269/481/529
f 275/482/530 273/483/531 272/484/532
f 273/485/533 270/480/534 271/486/535
f 274/487/536 269/481/537 270/480/538
f 269/481/539 272/488/540 268/489/541
f 224/436/305 276/490/305 222/416/305
f 224/436/305 278/491/305 277/492/305
f 239/439/305 279/493/305 278/491/305
f 222/416/305 279/493/305 223/438/305
f 276/494/542 231/429/542 232/428/542
f 277/495/543 230/427/543 231/429/543
f 278/496/544 233/497/545 230/427/545
f 276/498/546 233/497/546 279/499/546
f 283/500/524 281/501/524 280/502/524
f 287/503/525 285/504/525 284/505/525
f 283/500/526 286/506/526 282/507/526
f 286/506/527 281/501/527 282/507/527
f 287/508/528 280/502/528 281/501/528
f 291/509/524 289/510/524 288/511/524
f 295/512/525 293/513/525 292/514/525
f 291/509/526 294/515/526 290/516/526
f 294/515/527 289/510/527 290/516/527
f 295/517/528 288/511/528 289/510/528
f 299/518/524 297/519/524 296/520/524
f 303/521/525 301/522/525 300/523/525
f 299/518/526 302/524/526 298/525/526
f 302/524/527 297/519/527 298/525/527
f 303/526/528 296/520/528 297/519/528
f 328/527/547 326/528/547 327/529/547
f 316/530/548 318/531/548 319/532/548
f 307/533/549 320/534/550 305/535/551
f 328/527/552 330/536/552 331/537/552
f 306/533/553 321/534/554 323/538/555
f 307/539/556 314/540/556 313/541/556
f 315/542/556 306/543/556 312/544/556
f 317/545/548 311/546/548 318/531/548
f 310/547/548 316/530/548 319/532/548
f 306/543/557 324/548/558 312/544/557
f 311/546/559 325/549/558 318/531/559
f 311/550/560 320/534/550 322/538/561
f 319/532/559 325/549/558 324/548/558
f 321/534/554 310/550/562 323/538/555
f 310/547/559 324/548/558 323/551/563
f 322/552/563 313/541/557 325/549/558
f 312/553/564 327/554/565 315/555/566
f 324/556/567 328/557/568 312/553/564
f 325/558/569 329/559/569 324/560/569
f 325/561/570 331/562/571 330/563/572
f 313/564/573 326/565/574 331/562/571
f 333/566/575 335/567/575 332/568/575
f 337/569/576 332/570/576 336/571/576
f 339/572/577 334/573/577 338/574/577
f 340/568/575 342/575/575 343/567/575
f 345/569/578 340/570/576 344/571/576
f 346/574/577 343/576/577 342/573/577
f 348/568/575 350/575/575 351/567/575
f 353/569/576 348/570/576 352/571/576
f 354/574/577 351/576/577 350/573/577
f 357/566/575 359/567/575 356/568/575
f 360/571/576 357/577/576 356/570/576
f 362/574/577 359/576/577 358/573/577
f 365/566/575 367/567/575 364/568/575
f 368/571/576 365/577/576 364/570/576
f 371/572/577 366/573/577 370/574/577
f 923/578/307 134/254/307 758/579/307
f 137/580/305 924/263/309 1167/581/579
f 124/235/294 137/580/305 1167/582/579
f 758/583/580 133/251/580 756/250/580
f 372/206/581 374/207/582 373/584/583
f 376/209/584 378/210/585 377/585/586
f 372/212/587 379/211/588 376/586/589
f 383/215/277 381/214/277 380/216/277
f 372/206/278 377/217/278 375/208/278
f 384/218/590 386/219/590 385/587/590
f 379/211/280 382/221/280 378/210/280
f 391/223/591 389/222/592 388/224/591
f 393/224/593 381/225/593 379/211/593
f 381/214/594 394/226/594 380/216/594
f 380/228/595 395/223/595 373/213/595
f 395/223/596 379/211/597 373/213/598
f 388/231/280 392/230/280 393/232/280
f 394/229/599 391/223/599 395/223/599
f 391/223/600 393/224/601 395/223/602
f 392/233/603 396/235/604 394/234/603
f 390/229/605 397/236/606 389/222/592
f 397/237/607 392/230/608 389/238/609
f 396/235/604 398/239/610 394/234/603
f 398/241/611 390/240/612 394/242/613
f 390/229/605 399/243/614 397/236/606
f 403/245/307 401/244/307 400/246/307
f 398/241/615 759/588/306 399/247/306
f 404/249/305 1203/250/305 1204/589/305
f 397/237/280 1206/252/280 396/253/280
f 407/254/305 397/236/606 399/243/614
f 406/256/305 1205/255/305 397/236/606
f 405/251/616 406/257/616 407/258/616
f 404/249/280 1209/259/280 406/260/280
f 409/262/307 398/239/610 396/235/604
f 398/239/615 410/264/307 1200/263/617
f 410/265/618 402/266/618 411/590/618
f 402/245/619 409/267/619 411/268/619
f 403/245/620 408/269/620 409/270/620
f 400/244/621 410/591/621 408/271/621
f 413/273/306 383/272/306 380/274/306
f 374/275/306 414/276/306 373/278/306
f 373/278/306 413/273/306 380/274/306
f 385/280/622 412/279/623 413/281/316
f 415/282/624 384/283/625 414/592/626
f 384/218/627 413/285/627 414/286/627
f 416/287/628 418/288/629 417/291/630
f 419/289/307 416/287/307 420/290/307
f 417/291/630 421/292/631 416/287/628
f 423/294/632 418/288/629 424/319/633
f 425/295/307 420/290/307 416/287/307
f 417/291/328 427/297/328 422/293/328
f 429/299/634 431/300/635 430/306/636
f 431/300/637 432/301/638 433/302/639
f 435/303/640 431/300/635 434/304/641
f 429/299/634 437/305/642 436/323/643
f 433/302/639 438/307/644 431/300/637
f 441/309/645 435/306/646 440/310/647
f 432/311/648 418/288/649 419/289/650
f 442/312/651 444/313/652 443/368/653
f 421/292/654 431/315/655 416/287/656
f 435/293/657 421/317/658 422/318/280
f 424/319/659 437/320/660 423/593/661
f 429/323/662 424/322/663 418/324/664
f 437/325/665 417/291/666 423/294/667
f 446/326/668 448/327/669 447/346/670
f 450/329/671 445/314/672 442/312/673
f 425/296/674 439/331/675 426/295/675
f 427/333/676 435/293/677 422/318/678
f 441/297/305 427/334/305 428/335/305
f 430/336/679 428/298/680 417/291/681
f 453/337/682 425/295/683 416/287/684
f 452/339/685 438/338/686 425/295/683
f 438/338/686 455/340/687 431/315/688
f 455/340/687 416/287/684 431/315/688
f 446/343/689 452/342/690 453/344/691
f 452/345/692 448/327/693 454/594/694
f 454/347/695 449/328/696 455/595/697
f 449/328/698 453/348/699 455/349/700
f 420/350/701 456/351/702 419/354/703
f 456/351/702 432/353/704 419/354/703
f 458/356/705 433/355/706 432/353/704
f 433/357/707 460/358/708 439/361/709
f 460/358/708 426/360/710 439/361/709
f 461/363/711 420/362/712 426/360/710
f 442/365/713 456/364/714 457/366/715
f 443/368/716 458/367/717 456/369/718
f 458/370/719 445/371/720 459/374/721
f 445/371/720 460/373/722 459/374/721
f 451/330/723 461/375/724 460/376/725
f 461/377/726 442/365/713 457/366/715
f 462/379/727 464/380/728 463/596/729
f 466/382/730 464/383/731 467/597/732
f 467/385/733 465/386/734 468/598/735
f 465/389/736 469/388/737 468/390/738
f 467/386/739 469/391/740 466/392/741
f 470/393/742 472/394/742 471/421/742
f 477/397/280 475/396/743 474/398/280
f 479/400/446 476/399/445 477/401/445
f 483/403/744 481/402/744 480/404/744
f 487/406/328 485/405/328 484/407/328
f 472/394/307 488/408/307 471/421/307
f 491/411/277 478/410/448 479/400/446
f 492/412/449 475/413/450 493/420/493
f 473/395/745 478/410/746 472/394/747
f 494/416/748 486/417/749 495/438/750
f 472/394/751 490/419/752 489/409/753
f 493/420/754 470/393/755 471/421/756
f 494/416/757 496/422/758 485/418/758
f 473/395/759 475/423/743 476/415/760
f 498/424/328 500/425/328 499/433/328
f 502/427/307 504/428/307 503/497/307
f 506/430/277 496/431/277 507/599/277
f 499/433/761 510/434/762 509/442/763
f 507/435/764 497/436/765 511/439/766
f 487/406/473 499/433/473 486/600/473
f 512/437/307 495/438/307 509/442/307
f 506/430/474 514/440/474 513/441/474
f 486/417/767 509/442/768 495/438/769
f 507/435/770 512/437/771 514/440/772
f 484/444/773 515/443/773 508/445/773
f 484/444/773 517/446/773 516/601/773
f 485/447/758 518/448/773 517/446/773
f 508/445/773 518/448/773 496/449/758
f 515/450/116 483/403/116 480/404/116
f 517/452/774 483/403/775 516/451/776
f 518/454/777 482/453/777 517/455/777
f 518/456/778 480/404/779 481/402/780
f 512/437/307 510/434/307 519/457/307
f 513/441/277 521/458/277 520/459/277
f 514/440/781 519/457/782 521/458/783
f 522/460/328 493/420/493 523/461/328
f 523/461/784 471/421/785 488/408/786
f 524/462/787 526/463/787 525/469/787
f 520/459/277 490/419/277 491/411/277
f 528/465/788 527/464/789 524/462/790
f 501/426/328 523/461/328 500/425/328
f 531/467/791 526/463/792 530/468/793
f 489/409/794 525/469/795 488/408/796
f 489/409/794 528/465/797 524/462/798
f 521/458/799 528/465/800 490/419/801
f 519/457/802 529/466/803 521/458/804
f 519/457/802 526/463/805 527/464/806
f 510/434/807 530/468/808 526/463/805
f 500/425/809 531/467/810 530/468/811
f 488/408/796 531/467/812 523/461/813
f 535/471/814 533/470/814 532/472/814
f 539/474/815 537/473/815 536/475/815
f 533/470/816 538/476/816 539/602/816
f 535/471/817 538/476/817 534/477/817
f 532/472/818 537/478/818 535/471/818
f 540/479/819 542/480/819 541/603/819
f 547/483/820 545/482/821 544/484/822
f 542/480/823 547/485/824 541/486/825
f 543/481/826 546/487/827 542/480/828
f 543/481/829 544/488/830 545/482/831
f 549/490/307 497/436/307 494/416/307
f 497/436/307 550/491/307 511/439/307
f 511/439/307 551/493/307 495/438/307
f 551/493/307 494/416/307 495/438/307
f 549/494/832 505/429/832 548/604/832
f 548/495/833 502/427/833 550/605/833
f 550/496/834 503/497/835 551/606/834
f 503/497/836 549/498/836 551/499/836
f 555/501/814 553/500/814 552/502/814
f 556/505/815 558/607/815 557/503/815
f 553/500/816 558/506/816 559/608/816
f 555/501/817 558/506/817 554/507/817
f 552/502/818 557/508/818 555/501/818
f 563/510/814 561/509/814 560/511/814
f 567/513/815 565/512/815 564/514/815
f 561/509/816 566/515/816 567/609/816
f 563/510/817 566/515/817 562/516/817
f 560/511/818 565/517/818 563/510/818
f 571/519/814 569/518/814 568/520/814
f 572/523/815 574/610/815 573/521/815
f 569/518/816 574/524/816 575/611/816
f 571/519/817 574/524/817 570/525/817
f 568/520/818 573/526/818 571/519/818
f 579/529/837 577/537/837 576/527/837
f 580/530/838 582/531/838 581/545/838
f 587/534/839 585/533/840 584/535/841
f 589/536/842 576/527/842 577/537/842
f 590/533/843 592/534/844 591/535/845
f 595/540/846 585/539/846 594/541/846
f 596/542/846 590/543/846 591/612/846
f 581/545/838 599/546/838 598/613/838
f 580/530/838 600/547/838 583/532/838
f 597/544/847 593/551/848 590/543/847
f 582/531/849 586/552/848 599/546/849
f 587/534/839 599/550/850 586/538/851
f 603/549/852 583/532/849 602/548/852
f 592/534/844 600/550/853 601/614/854
f 602/548/852 600/547/849 593/551/848
f 603/549/852 585/539/847 586/552/848
f 579/554/855 597/553/856 596/555/857
f 576/557/858 602/556/859 597/553/856
f 588/559/860 603/558/860 602/560/860
f 603/561/861 577/562/862 594/564/863
f 594/564/863 578/565/864 595/615/865
f 607/567/866 605/566/866 604/568/866
f 608/571/867 605/577/867 609/569/867
f 606/573/868 611/572/868 610/574/868
f 612/568/866 614/575/866 613/566/866
f 612/570/869 617/569/869 616/571/869
f 618/574/868 615/576/868 619/572/868
f 620/568/866 622/575/866 621/566/866
f 620/570/867 625/569/867 624/571/867
f 622/573/868 627/572/868 626/574/868
f 631/567/866 629/566/866 628/568/866
f 632/571/867 629/577/867 633/569/867
f 634/574/868 631/576/868 635/572/868
f 639/567/866 637/566/866 636/568/866
f 640/571/867 637/577/867 641/569/867
f 638/573/868 643/572/868 642/574/868
f 759/578/305 407/254/305 399/243/614
f 1200/263/617 411/580/307 1206/581/870
f 1206/581/870 411/580/307 409/262/307
f 1206/582/870 409/262/307 396/235/604
f 1446/583/871 405/251/871 407/616/871
f 644/617/872 1449/618/873 760/619/874
f 761/620/875 647/621/876 646/622/877
f 648/623/878 650/624/879 649/625/880
f 763/626/881 653/627/881 652/628/881
f 655/629/882 1462/630/883 1459/631/883
f 656/632/884 649/625/885 657/633/886
f 764/634/887 652/635/887 658/636/887
f 659/637/888 1459/631/889 1466/638/889
f 1469/639/890 654/640/891 660/641/892
f 649/625/893 662/642/894 661/643/895
f 648/623/896 653/627/897 651/644/898
f 657/633/886 661/643/899 663/645/900
f 664/646/901 666/647/902 665/648/903
f 644/649/904 657/633/886 645/650/905
f 645/650/906 1477/651/907 1449/618/908
f 657/633/886 663/645/900 645/650/905
f 669/652/909 652/635/910 648/623/911
f 652/635/910 670/653/912 658/636/913
f 648/623/911 656/632/914 669/652/909
f 664/646/915 668/654/916 669/655/917
f 665/656/918 670/657/919 668/654/920
f 667/658/921 669/655/922 656/659/923
f 672/660/924 661/661/925 662/662/926
f 661/643/927 673/663/928 663/645/929
f 673/663/928 1477/651/930 663/645/929
f 765/664/931 674/665/931 651/644/931
f 674/665/932 650/666/933 651/644/934
f 675/667/935 662/662/936 650/666/937
f 672/660/938 655/668/939 671/669/940
f 671/670/941 659/669/942 673/668/943
f 659/671/944 1484/672/945 673/663/946
f 766/673/947 676/674/947 674/665/948
f 676/674/949 675/667/950 674/665/951
f 675/667/950 654/675/952 672/660/953
f 647/621/954 1469/639/955 660/641/956
f 767/676/957 646/622/958 676/677/959
f 676/678/960 647/621/961 660/679/962
f 1457/680/305 677/681/305 653/627/305
f 677/681/305 651/644/305 653/627/305
f 678/682/305 765/664/305 651/644/305
f 682/683/328 680/684/328 679/685/328
f 686/686/963 684/687/963 683/688/963
f 688/689/964 768/690/965 1500/691/965
f 690/692/966 1505/693/967 769/694/967
f 691/695/328 693/696/328 692/697/328
f 680/698/968 684/699/969 687/700/970
f 1511/701/971 695/702/972 1510/703/973
f 691/704/974 698/705/975 697/706/976
f 700/707/977 683/708/978 680/698/979
f 699/709/980 686/686/980 683/688/980
f 702/710/981 691/695/982 697/711/983
f 704/712/328 697/713/328 698/714/328
f 770/715/984 696/716/985 1511/701/986
f 706/717/987 708/718/987 707/719/987
f 710/720/988 711/721/989 681/722/989
f 713/723/990 694/724/991 702/725/992
f 710/726/993 704/712/993 698/714/993
f 771/727/957 705/728/994 770/715/994
f 692/697/995 716/729/995 712/730/995
f 692/731/996 710/720/988 698/705/975
f 717/732/997 693/733/998 713/723/990
f 719/734/999 773/735/999 718/736/999
f 687/700/1000 679/737/1001 680/698/1002
f 689/738/1003 697/739/1004 703/740/1005
f 720/741/1006 773/735/1006 774/742/1006
f 721/743/1007 697/739/1008 690/692/1009
f 722/744/1010 702/725/963 721/745/963
f 723/746/1011 713/723/1012 722/744/1010
f 681/747/328 714/748/328 710/726/328
f 727/749/963 725/750/963 724/751/963
f 701/752/980 717/732/997 686/686/980
f 711/753/328 699/754/328 700/755/328
f 681/722/989 700/756/989 680/757/1013
f 719/734/963 771/727/963 772/758/963
f 769/759/1014 695/702/1014 690/760/1014
f 695/761/1015 721/762/1016 690/763/1017
f 696/764/1018 722/765/1019 721/762/1016
f 722/765/1019 715/766/1020 723/767/1021
f 723/767/1021 719/768/1022 685/769/1023
f 719/768/1022 684/770/1024 685/769/1023
f 684/770/1024 720/771/1025 687/772/1026
f 720/741/1027 768/773/1027 687/774/1027
f 725/750/1028 717/775/1028 723/776/1028
f 717/777/1029 727/778/1029 686/779/1029
f 727/749/1030 685/780/1030 686/781/1030
f 724/782/1031 723/767/1021 685/769/1023
f 712/730/328 728/783/328 711/753/328
f 728/783/328 701/784/328 711/753/328
f 701/784/328 731/785/328 716/729/328
f 716/729/328 729/786/328 712/730/328
f 729/787/1032 707/719/1032 728/788/1032
f 707/789/1033 730/790/1034 728/791/1035
f 708/718/1036 731/792/1036 730/793/1036
f 731/790/1037 706/789/1037 729/791/1038
f 775/794/306 733/795/306 732/796/306
f 735/797/280 777/798/280 1551/799/280
f 736/800/307 1556/801/307 1557/802/307
f 779/803/305 738/804/305 778/805/305
f 733/806/328 735/797/328 732/807/328
f 740/808/306 780/809/306 741/810/306
f 743/811/306 1565/812/306 781/813/306
f 777/798/1039 739/814/1039 779/815/1039
f 1551/799/1040 737/816/1040 735/797/1040
f 732/807/328 737/817/328 736/800/328
f 733/806/328 739/818/328 734/819/328
f 741/820/1041 778/805/1041 738/804/1041
f 776/821/1042 740/808/1042 733/795/1042
f 740/822/1043 738/804/1043 733/806/1043
f 742/823/1043 732/807/1043 736/800/1043
f 743/811/1044 775/794/1044 732/796/1044
f 1557/802/1045 742/824/1045 736/800/1045
f 783/2/1046 744/1/1 782/3/1047
f 784/4/1048 786/6/1048 785/5/1048
f 788/8/1049 786/7/1050 787/9/1051
f 789/10/1052 790/12/10 788/11/1053
f 789/10/1052 788/11/1053 787/188/1054
f 794/15/1055 792/14/1056 791/16/1057
f 798/18/1058 796/17/1059 795/19/1060
f 794/20/1061 799/21/1062 793/29/1063
f 792/23/1064 802/25/1065 801/24/1066
f 803/26/1067 804/27/25 747/825/1068
f 793/29/1069 802/30/1070 792/826/1071
f 797/32/1072 807/33/1073 796/17/1059
f 793/29/1063 799/21/1062 809/35/1074
f 810/36/1075 749/37/36 748/105/1076
f 812/39/1077 814/41/1078 813/40/1079
f 791/42/1080 800/22/1081 794/20/1081
f 819/45/1082 817/44/1083 816/46/1084
f 814/41/1085 812/39/1086 807/47/1087
f 791/48/1088 782/3/1089 815/827/1090
f 823/51/1091 821/50/1092 820/52/1093
f 824/53/1094 798/54/1095 825/56/1096
f 795/57/1097 825/56/1098 798/54/1099
f 795/58/1100 803/26/1067 826/828/1101
f 827/60/1102 750/61/64 828/79/1103
f 796/59/1104 805/28/1105 803/26/1067
f 799/21/1062 752/63/67 809/35/1074
f 812/39/1077 811/38/1106 810/36/1075
f 751/62/70 830/65/1107 829/66/71
f 831/67/72 784/68/1108 832/829/1109
f 824/70/1110 834/71/1111 833/830/1112
f 825/72/1113 835/73/1114 834/71/1111
f 803/75/1115 835/73/1114 826/74/1116
f 803/76/1117 746/77/82 789/831/1118
f 753/64/84 828/79/1119 750/61/1120
f 799/80/1121 827/81/1122 828/832/1123
f 800/82/1124 830/83/1125 827/81/1122
f 830/83/1125 815/84/1126 782/85/1127
f 744/1/94 830/86/1128 782/3/1129
f 806/31/1130 809/35/1131 836/833/1132
f 840/88/1133 838/87/1134 837/89/1135
f 813/90/1136 841/91/1137 811/834/1138
f 841/94/105 749/93/105 811/95/105
f 808/34/1139 814/96/1140 807/33/1073
f 814/41/1141 808/98/1141 843/97/1141
f 847/100/1142 845/99/1143 844/101/1144
f 806/31/1145 848/102/1145 802/30/1145
f 810/36/1146 849/103/1147 805/28/1148
f 748/105/116 850/104/1149 810/36/1146
f 849/106/1150 853/107/1151 852/201/1152
f 851/109/121 853/107/1153 850/110/1154
f 807/47/1087 856/111/1155 855/835/1156
f 810/36/1146 856/111/1155 812/39/1086
f 805/28/1148 857/112/1157 810/36/1146
f 807/47/1087 858/113/1158 805/28/1148
f 856/114/1159 816/46/1160 855/115/1161
f 857/116/1162 819/45/1163 856/117/1164
f 857/118/1165 817/44/1166 818/836/1167
f 858/120/1168 816/46/1169 817/44/1170
f 783/2/1046 831/67/138 745/837/1171
f 801/122/1172 824/53/1173 783/2/1046
f 836/92/1174 809/123/1175 841/91/1137
f 809/35/1176 842/124/143 841/94/1177
f 862/126/1178 860/125/1179 859/127/1180
f 782/3/1047 863/128/1181 783/2/1046
f 782/3/1047 865/129/1182 864/131/1183
f 801/122/1172 865/129/1182 792/49/1184
f 801/122/1172 863/128/1181 866/132/1185
f 864/131/1186 822/130/1187 863/128/1188
f 865/129/1189 821/50/1190 864/131/1191
f 865/129/1192 823/51/1193 820/52/1194
f 866/132/1195 822/130/1196 823/51/1197
f 808/133/1139 868/134/1198 867/838/1199
f 801/24/1066 868/134/1198 797/135/1072
f 802/25/1065 869/136/1200 801/24/1066
f 802/25/1201 871/137/1202 870/839/1203
f 843/139/1204 871/137/1202 848/138/1205
f 808/133/1206 872/140/1207 843/139/1204
f 867/141/1208 868/143/1209 844/142/1210
f 869/144/1211 844/101/1212 868/145/1213
f 869/146/1214 870/148/1215 847/147/1216
f 871/149/1217 847/147/1216 870/148/1215
f 871/150/1218 845/99/1219 846/840/1220
f 872/152/1221 844/142/1210 845/841/1222
f 813/153/1223 874/154/1224 873/842/1225
f 814/155/1226 875/156/1227 874/154/1224
f 876/158/1228 878/159/1229 877/843/1230
f 813/153/1223 880/161/1231 836/162/1232
f 874/164/1233 838/163/1234 873/165/1235
f 874/166/1236 840/167/1237 837/844/1238
f 875/169/1239 839/170/1240 840/167/1241
f 873/172/1242 839/170/1243 880/171/1244
f 814/173/1245 882/174/1246 881/178/1247
f 848/102/1248 882/174/1246 843/175/1249
f 806/31/1250 883/176/1251 848/102/1248
f 814/173/1245 884/177/1252 806/31/1250
f 881/178/1253 861/179/1254 862/126/1255
f 883/176/1256 861/179/1257 882/174/1258
f 884/177/1259 860/125/1260 883/176/1261
f 881/178/1262 859/127/1263 884/177/1264
f 784/4/1265 834/180/1266 786/6/1267
f 785/5/1268 832/182/231 784/4/1269
f 788/8/1270 754/184/234 785/845/1271
f 786/7/1272 835/186/1273 787/9/1274
f 787/188/1054 835/189/1275 789/10/1052
f 831/67/72 824/53/1276 833/69/1277
f 806/157/1278 886/190/1279 885/846/1280
f 836/162/1281 887/191/1282 886/190/1279
f 875/156/1283 887/191/1282 880/161/1284
f 806/157/1278 888/192/1285 875/156/1283
f 885/193/1286 879/194/1287 876/847/1288
f 887/196/1289 879/194/1290 886/195/1291
f 888/198/1292 878/197/1293 887/196/1294
f 885/193/1295 877/199/1296 888/198/1297
f 852/201/1298 854/200/261 889/202/261
f 804/27/263 849/103/1147 890/848/1299
f 890/203/264 852/201/1300 889/202/1301
f 755/205/267 788/11/1053 790/12/10
f 891/206/1302 893/207/1303 892/584/1304
f 895/209/1305 897/210/1306 896/585/1307
f 891/212/1308 898/211/1309 895/586/1310
f 902/215/328 900/214/328 899/216/328
f 891/206/1311 896/217/1311 894/208/1311
f 903/218/279 905/219/279 904/587/279
f 898/211/280 901/221/280 897/210/280
f 910/223/282 908/222/1312 907/224/282
f 912/224/283 900/225/283 898/211/283
f 900/214/1313 913/226/1313 899/216/1313
f 899/228/285 914/223/285 892/213/285
f 914/223/1314 898/211/1315 892/213/1316
f 907/231/280 911/230/280 912/232/280
f 913/229/289 910/223/289 914/223/289
f 910/223/1317 912/224/1318 914/223/1319
f 911/233/1320 915/235/1321 913/234/1320
f 909/229/1322 916/236/1323 908/222/1312
f 916/237/1324 911/230/1325 908/238/1326
f 915/235/1321 917/239/1327 913/234/1320
f 917/241/1328 909/240/1329 913/242/1330
f 909/229/1322 918/243/1331 916/236/1323
f 922/245/305 920/244/305 919/246/305
f 918/247/306 924/248/309 923/588/306
f 925/249/307 756/250/307 926/589/307
f 916/237/280 1167/252/280 915/253/280
f 930/254/307 916/236/1323 918/243/1331
f 929/256/307 928/255/307 916/236/1323
f 927/251/1332 929/257/1332 930/258/1332
f 925/249/280 757/259/280 929/260/280
f 915/235/1321 931/261/305 917/239/1327
f 917/239/1333 933/264/305 924/263/309
f 933/265/312 921/266/312 934/590/312
f 921/245/311 932/267/311 934/268/311
f 922/245/310 931/269/310 932/270/310
f 931/271/313 920/246/313 933/591/313
f 936/273/306 902/272/306 899/274/306
f 893/275/306 937/276/306 892/278/306
f 892/278/306 936/273/306 899/274/306
f 904/280/1334 935/279/1335 936/281/1336
f 938/282/1337 903/283/1338 937/592/1339
f 903/218/320 936/285/320 937/286/320
f 939/287/1340 941/288/1341 940/291/1342
f 942/289/305 939/287/305 943/290/305
f 940/291/1342 944/292/1343 939/287/1340
f 946/294/1344 941/288/1341 947/319/1345
f 948/295/305 943/290/305 939/287/305
f 940/291/277 950/297/277 945/293/277
f 952/299/1346 954/300/1347 953/306/1348
f 954/300/1349 955/301/1350 956/302/1351
f 958/303/1352 954/300/1347 957/304/1353
f 952/299/1346 960/305/1354 959/323/1355
f 956/302/1351 961/307/1356 954/300/1349
f 964/309/1357 958/306/1358 963/310/1359
f 955/311/1360 941/288/1361 942/289/1362
f 965/312/1363 967/313/1364 966/368/1365
f 944/292/1366 954/315/1367 939/287/1368
f 958/293/1369 944/317/1370 945/318/280
f 947/319/1371 960/320/1372 946/593/1373
f 952/323/1374 947/322/1375 941/324/1376
f 960/325/1377 940/291/1378 946/294/1379
f 969/326/1380 971/327/1381 970/346/1382
f 973/329/1383 968/314/1384 965/312/1385
f 948/296/1386 962/331/1387 949/295/1387
f 950/333/1388 958/293/1389 945/318/1390
f 964/297/307 950/334/307 951/335/307
f 953/336/1391 951/298/1392 940/291/1393
f 976/337/1394 948/295/1395 939/287/1396
f 975/339/1397 961/338/1398 948/295/1395
f 961/338/1398 978/340/1399 954/315/1400
f 978/340/1399 939/287/1396 954/315/1400
f 969/343/1401 975/342/1402 976/344/1403
f 975/345/1404 971/327/1405 977/594/1406
f 977/347/1407 972/328/1408 978/595/1409
f 972/328/1410 976/348/1411 978/349/1412
f 943/350/1413 979/351/1414 942/354/1415
f 979/351/1414 955/353/1416 942/354/1415
f 981/356/1417 956/355/1418 955/353/1416
f 956/357/1419 983/358/1420 962/361/1421
f 983/358/1420 949/360/1422 962/361/1421
f 984/363/1423 943/362/1424 949/360/1422
f 965/365/1425 979/364/1426 980/366/1427
f 966/368/1428 981/367/1429 979/369/1430
f 981/370/1431 968/371/1432 982/374/1433
f 968/371/1432 983/373/1434 982/374/1433
f 974/330/1435 984/375/1436 983/376/1437
f 984/377/1438 965/365/1425 980/366/1427
f 985/379/1439 987/380/1440 986/596/1441
f 989/382/1442 987/383/1443 990/597/1444
f 990/385/1445 988/386/1446 991/598/1447
f 988/389/1448 992/388/1449 991/390/1450
f 990/386/1451 992/391/1452 989/392/1453
f 993/393/443 995/394/443 994/421/443
f 1000/397/280 998/396/444 997/398/280
f 1002/400/1454 999/399/1455 1000/401/1455
f 1006/403/447 1004/402/447 1003/404/447
f 1010/406/277 1008/405/277 1007/407/277
f 995/394/305 1011/408/305 994/421/305
f 1014/411/328 1001/410/1456 1002/400/1454
f 1015/412/1457 998/413/1458 1016/420/1459
f 996/395/1460 1001/410/1461 995/394/1462
f 1017/416/471 1009/417/470 1018/438/1463
f 995/394/495 1013/419/494 1012/409/1464
f 1016/420/1465 993/393/1466 994/421/1467
f 1017/416/464 1019/422/463 1008/418/463
f 996/395/465 998/423/444 999/415/466
f 1021/424/277 1023/425/277 1022/433/277
f 1025/427/305 1027/428/305 1026/497/305
f 1029/430/328 1019/431/328 1030/599/328
f 1022/433/491 1033/434/490 1032/442/1468
f 1030/435/455 1020/436/454 1034/439/1469
f 1010/406/474 1022/433/474 1009/600/474
f 1035/437/305 1018/438/305 1032/442/305
f 1029/430/473 1037/440/473 1036/441/473
f 1009/417/479 1032/442/478 1018/438/1470
f 1030/435/475 1035/437/476 1037/440/477
f 1007/444/481 1038/443/481 1031/445/481
f 1007/444/481 1040/446/481 1039/601/481
f 1008/447/463 1041/448/481 1040/446/481
f 1031/445/481 1041/448/481 1019/449/463
f 1038/450/482 1006/403/482 1003/404/482
f 1040/452/487 1006/403/1471 1039/451/489
f 1041/454/486 1005/453/486 1040/455/486
f 1041/456/484 1003/404/1472 1004/402/1473
f 1035/437/305 1033/434/305 1042/457/305
f 1036/441/328 1044/458/328 1043/459/328
f 1037/440/467 1042/457/468 1044/458/469
f 1045/460/277 1016/420/1459 1046/461/277
f 1046/461/458 994/421/457 1011/408/1474
f 1047/462/497 1049/463/497 1048/469/497
f 1043/459/328 1013/419/328 1014/411/328
f 1051/465/1475 1050/464/501 1047/462/1476
f 1024/426/277 1046/461/277 1023/425/277
f 1054/467/1477 1049/463/499 1053/468/500
f 1012/409/1478 1048/469/1479 1011/408/1480
f 1012/409/1478 1051/465/1481 1047/462/1482
f 1044/458/519 1051/465/520 1013/419/521
f 1042/457/1483 1052/466/1484 1044/458/1485
f 1042/457/1483 1049/463/1486 1050/464/1487
f 1033/434/1488 1053/468/1489 1049/463/1486
f 1023/425/510 1054/467/509 1053/468/1490
f 1011/408/1480 1054/467/1491 1046/461/1492
f 1058/471/524 1056/470/524 1055/472/524
f 1062/474/525 1060/473/525 1059/475/525
f 1056/470/528 1061/476/528 1062/602/528
f 1058/471/527 1061/476/527 1057/477/527
f 1055/472/526 1060/478/526 1058/471/526
f 1063/479/1493 1065/480/1493 1064/603/1493
f 1070/483/1494 1068/482/1495 1067/484/1496
f 1065/480/1497 1070/485/1498 1064/486/1499
f 1066/481/1500 1069/487/1501 1065/480/1502
f 1066/481/1503 1067/488/1504 1068/482/1505
f 1072/490/305 1020/436/305 1017/416/305
f 1020/436/305 1073/491/305 1034/439/305
f 1034/439/305 1074/493/305 1018/438/305
f 1074/493/305 1017/416/305 1018/438/305
f 1072/494/542 1028/429/542 1071/604/542
f 1071/495/546 1025/427/546 1073/605/546
f 1073/496/544 1026/497/1506 1074/606/544
f 1026/497/543 1072/498/543 1074/499/543
f 1078/501/524 1076/500/524 1075/502/524
f 1079/505/525 1081/607/525 1080/503/525
f 1076/500/528 1081/506/528 1082/608/528
f 1078/501/527 1081/506/527 1077/507/527
f 1075/502/526 1080/508/526 1078/501/526
f 1086/510/524 1084/509/524 1083/511/524
f 1090/513/525 1088/512/525 1087/514/525
f 1084/509/528 1089/515/528 1090/609/528
f 1086/510/527 1089/515/527 1085/516/527
f 1083/511/526 1088/517/526 1086/510/526
f 1094/519/524 1092/518/524 1091/520/524
f 1098/522/525 1096/521/525 1095/523/525
f 1092/518/528 1097/524/528 1098/611/528
f 1094/519/527 1097/524/527 1093/525/527
f 1091/520/526 1096/526/526 1094/519/526
f 1102/529/1507 1100/537/1507 1099/527/1507
f 1103/530/1508 1105/531/1508 1104/545/1508
f 1110/534/1509 1108/533/1510 1107/535/1511
f 1100/537/1512 1111/849/1512 1099/527/1512
f 1113/533/1513 1115/534/1514 1114/535/1515
f 1118/540/1516 1108/539/1516 1117/541/1516
f 1119/542/1516 1113/543/1516 1114/612/1516
f 1104/545/1508 1122/546/1508 1121/613/1508
f 1103/530/1508 1123/547/1508 1106/532/1508
f 1125/548/1517 1113/543/1518 1120/544/1518
f 1126/549/1517 1122/546/1519 1105/531/1519
f 1110/534/1509 1122/550/1520 1109/538/1521
f 1125/548/1517 1105/531/1519 1106/532/1519
f 1115/534/1514 1123/550/1522 1124/614/1523
f 1125/548/1517 1123/547/1519 1116/551/1524
f 1126/549/1517 1108/539/1518 1109/552/1524
f 1102/554/1525 1120/553/1526 1119/555/1527
f 1099/557/1528 1125/556/1529 1120/553/1526
f 1111/559/1530 1126/558/1530 1125/560/1530
f 1126/561/1531 1100/562/1532 1117/564/1533
f 1117/564/1533 1101/565/1534 1118/615/1535
f 1130/567/1536 1128/566/1536 1127/568/1536
f 1127/570/1537 1132/569/1537 1131/571/1537
f 1133/574/1538 1130/576/1538 1134/572/1538
f 1135/568/1536 1137/575/1536 1136/566/1536
f 1139/571/1537 1136/577/1537 1140/569/1537
f 1141/574/1538 1138/576/1538 1142/572/1538
f 1146/567/1536 1144/566/1536 1143/568/1536
f 1147/571/1537 1144/577/1537 1148/569/1537
f 1149/574/1538 1146/576/1538 1150/572/1538
f 1154/567/1536 1152/566/1536 1151/568/1536
f 1155/571/1537 1152/577/1537 1156/569/1537
f 1153/573/1538 1158/572/1538 1157/574/1538
f 1162/567/1536 1160/566/1536 1159/568/1536
f 1163/571/1537 1160/577/1537 1164/569/1537
f 1161/573/1538 1166/572/1538 1165/574/1538
f 923/578/307 930/254/307 918/243/1331
f 924/263/309 934/580/305 1167/581/579
f 1167/581/579 934/580/305 932/262/305
f 1167/582/579 932/262/305 915/235/1321
f 758/583/580 927/251/580 930/616/580
f 1168/206/1539 1170/207/1540 1169/208/1541
f 1172/209/1542 1174/210/1543 1173/211/1544
f 1168/212/1545 1173/211/1546 1171/213/1547
f 1179/214/328 1177/215/328 1176/216/328
f 1175/217/1311 1168/206/1311 1169/208/1311
f 1180/218/590 1182/219/590 1181/220/590
f 1178/221/280 1173/211/280 1174/210/280
f 1187/222/1548 1185/223/591 1184/224/591
f 1179/225/593 1188/224/593 1173/211/593
f 1179/214/1549 1190/226/1549 1189/227/1549
f 1176/228/595 1191/223/595 1190/229/595
f 1173/211/1550 1191/223/1551 1171/213/1552
f 1189/230/280 1184/231/280 1188/232/280
f 1190/229/599 1185/223/599 1186/229/599
f 1188/224/1553 1185/223/1554 1191/223/1555
f 1189/233/1556 1190/234/1556 1192/235/1557
f 1186/229/1558 1187/222/1548 1193/236/1559
f 1189/230/1560 1193/237/1561 1187/238/1562
f 1192/235/1557 1190/234/1556 1194/239/1563
f 1186/240/1564 1194/241/1565 1190/242/1566
f 1186/229/1558 1193/236/1559 1195/243/1567
f 1199/244/307 1197/245/307 1196/246/307
f 759/588/306 1194/241/306 1195/247/306
f 1201/249/305 1203/250/305 1202/251/305
f 1206/252/280 1193/237/280 1192/253/280
f 1193/236/1559 1207/254/305 1195/243/1567
f 1205/255/305 1208/256/305 1193/236/1559
f 1208/257/1568 1202/251/1568 1207/258/1568
f 1209/259/280 1201/249/280 1208/260/280
f 1192/235/1557 1211/261/307 1210/262/307
f 1194/239/1563 1200/263/617 1212/264/307
f 1194/239/1563 1212/264/307 1211/261/307
f 1212/265/620 1198/266/620 1199/244/620
f 1210/267/619 1198/245/619 1213/268/619
f 1211/269/618 1197/245/618 1210/270/618
f 1211/271/621 1199/246/621 1196/244/621
f 1177/272/306 1214/273/306 1176/274/306
f 1170/275/306 1217/276/306 1216/277/306
f 1171/278/306 1214/273/306 1217/276/306
f 1215/279/1569 1183/280/1570 1214/281/1336
f 1216/282/1571 1180/283/1572 1181/284/1573
f 1214/285/627 1180/218/627 1217/286/627
f 1218/287/1574 1220/288/1575 1219/289/1576
f 1219/289/307 1222/290/307 1218/287/307
f 1221/291/1577 1224/292/1578 1223/293/1579
f 1225/294/1580 1220/288/1575 1221/291/1577
f 1227/295/307 1222/290/307 1228/296/307
f 1221/291/277 1230/297/277 1229/298/277
f 1231/299/1581 1233/300/1582 1232/301/1583
f 1233/300/1584 1235/302/1585 1232/301/1586
f 1233/300/1582 1237/303/1587 1236/304/1588
f 1231/299/1581 1238/305/1589 1234/306/1590
f 1235/302/1585 1241/307/1591 1240/308/1592
f 1237/306/1593 1243/309/1594 1242/310/1595
f 1220/288/1596 1232/311/1597 1219/289/1598
f 1244/312/1599 1246/313/1600 1245/314/1601
f 1224/292/1602 1233/315/1603 1236/316/1604
f 1224/317/1605 1237/293/1606 1223/318/280
f 1226/319/1607 1238/320/1608 1239/321/1609
f 1226/322/1610 1231/323/1611 1220/324/1612
f 1221/291/1613 1238/325/1614 1225/294/1615
f 1248/326/1616 1250/327/1617 1249/328/1618
f 1252/329/1619 1245/314/1620 1253/330/1621
f 1227/296/1622 1240/331/1623 1241/332/1622
f 1230/333/1624 1237/293/1625 1242/297/1626
f 1230/334/305 1243/297/305 1229/335/305
f 1229/298/1627 1234/336/1628 1221/291/1629
f 1227/295/1630 1254/337/1631 1218/287/1632
f 1241/338/1633 1255/339/1634 1227/295/1630
f 1241/338/1633 1257/340/1635 1256/341/1636
f 1218/287/1632 1257/340/1635 1233/315/1637
f 1255/342/1638 1248/343/1639 1254/344/1640
f 1255/345/1641 1250/327/1642 1251/346/1643
f 1256/347/1644 1249/328/1645 1250/327/1646
f 1254/348/1647 1249/328/1648 1257/349/1649
f 1222/350/1650 1259/351/1651 1258/352/1652
f 1232/353/1653 1259/351/1651 1219/354/1654
f 1235/355/1655 1260/356/1656 1232/353/1653
f 1235/357/1657 1262/358/1658 1261/359/1659
f 1228/360/1660 1262/358/1658 1240/361/1661
f 1222/362/1662 1263/363/1663 1228/360/1660
f 1259/364/1664 1244/365/1665 1258/366/1666
f 1260/367/1667 1247/368/1668 1259/369/1669
f 1260/370/1670 1245/371/1671 1246/372/1672
f 1262/373/1673 1245/371/1671 1261/374/1674
f 1263/375/1675 1253/330/1676 1262/376/1677
f 1263/377/1678 1244/365/1665 1252/378/1679
f 1264/379/1680 1266/380/1681 1265/381/1682
f 1268/382/1683 1266/383/1684 1267/384/1685
f 1269/385/1686 1265/386/1687 1266/387/1688
f 1271/388/1689 1265/389/1690 1270/390/1691
f 1271/391/1692 1269/386/1693 1268/392/1694
f 1272/393/742 1274/394/742 1273/395/742
f 1279/396/743 1277/397/280 1276/398/280
f 1278/399/1455 1280/400/1454 1277/401/1455
f 1285/402/744 1283/403/744 1282/404/744
f 1289/405/277 1287/406/277 1286/407/277
f 1274/394/307 1291/408/307 1290/409/307
f 1281/410/1456 1292/411/328 1280/400/1454
f 1294/412/1457 1279/413/1458 1276/414/1458
f 1273/395/1695 1281/410/1696 1278/415/1697
f 1296/416/765 1288/417/764 1289/418/1698
f 1274/394/785 1293/419/784 1281/410/1699
f 1272/393/1700 1295/420/1701 1275/421/1702
f 1299/422/758 1296/416/757 1289/418/758
f 1279/423/743 1273/395/759 1278/415/760
f 1300/424/277 1302/425/277 1301/426/277
f 1304/427/307 1306/428/307 1305/429/307
f 1308/430/328 1299/431/328 1309/432/328
f 1303/433/781 1311/434/782 1302/425/783
f 1310/435/749 1298/436/748 1299/422/1703
f 1287/406/474 1303/433/474 1300/424/474
f 1314/437/307 1297/438/307 1313/439/307
f 1316/440/473 1308/430/473 1315/441/473
f 1288/417/770 1312/442/771 1303/433/772
f 1314/437/768 1310/435/767 1316/440/1704
f 1318/443/773 1286/444/773 1309/445/773
f 1286/444/773 1319/446/773 1289/447/758
f 1289/447/758 1320/448/773 1299/449/758
f 1320/448/773 1309/445/773 1299/449/758
f 1318/450/116 1283/403/116 1317/451/116
f 1283/403/1705 1319/452/778 1317/451/1706
f 1284/453/777 1320/454/777 1319/455/777
f 1320/456/774 1282/404/1707 1318/450/776
f 1311/434/307 1314/437/307 1321/457/307
f 1323/458/328 1315/441/328 1322/459/328
f 1321/457/762 1316/440/761 1323/458/1708
f 1324/460/277 1295/420/1459 1294/412/1457
f 1325/461/752 1275/421/751 1295/420/1709
f 1326/462/787 1328/463/787 1327/464/787
f 1293/419/328 1322/459/328 1292/411/328
f 1330/465/1710 1327/464/792 1331/466/793
f 1301/426/277 1325/461/277 1324/460/277
f 1328/463/789 1333/467/1711 1332/468/1712
f 1329/469/1713 1290/409/1714 1291/408/1715
f 1290/409/1714 1330/465/1716 1293/419/1717
f 1330/465/810 1323/458/809 1293/419/1718
f 1331/466/1719 1321/457/1720 1323/458/1721
f 1321/457/1720 1328/463/1722 1311/434/1723
f 1311/434/1723 1332/468/1724 1302/425/1725
f 1302/425/799 1333/467/800 1325/461/801
f 1333/467/1726 1291/408/1715 1325/461/1727
f 1337/470/814 1335/471/814 1334/472/814
f 1341/473/815 1339/474/815 1338/475/815
f 1337/470/818 1340/476/818 1336/477/818
f 1340/476/817 1335/471/817 1336/477/817
f 1341/478/816 1334/472/816 1335/471/816
f 1342/479/1728 1344/480/1728 1343/481/1728
f 1349/482/1729 1347/483/1730 1346/484/1731
f 1347/485/1732 1344/480/1733 1345/486/1734
f 1348/487/1735 1343/481/1736 1344/480/1737
f 1343/481/1738 1346/488/1739 1342/489/1740
f 1298/436/307 1350/490/307 1296/416/307
f 1298/436/307 1352/491/307 1351/492/307
f 1313/439/307 1353/493/307 1352/491/307
f 1296/416/307 1353/493/307 1297/438/307
f 1350/494/832 1305/429/832 1306/428/832
f 1351/495/836 1304/427/836 1305/429/836
f 1352/496/834 1307/497/1741 1304/427/1741
f 1350/498/833 1307/497/833 1353/499/833
f 1357/500/814 1355/501/814 1354/502/814
f 1361/503/815 1359/504/815 1358/505/815
f 1357/500/818 1360/506/818 1356/507/818
f 1360/506/817 1355/501/817 1356/507/817
f 1361/508/816 1354/502/816 1355/501/816
f 1365/509/814 1363/510/814 1362/511/814
f 1369/512/815 1367/513/815 1366/514/815
f 1365/509/818 1368/515/818 1364/516/818
f 1368/515/817 1363/510/817 1364/516/817
f 1369/517/816 1362/511/816 1363/510/816
f 1373/518/814 1371/519/814 1370/520/814
f 1377/521/815 1375/522/815 1374/523/815
f 1373/518/818 1376/524/818 1372/525/818
f 1376/524/817 1371/519/817 1372/525/817
f 1377/526/816 1370/520/816 1371/519/816
f 1381/537/1742 1379/529/1742 1378/527/1742
f 1382/530/1743 1384/531/1743 1383/532/1743
f 1389/533/1744 1387/534/1745 1386/535/1746
f 1381/537/1747 1391/849/1747 1390/536/1747
f 1392/533/1748 1394/534/1749 1393/538/1750
f 1389/539/1751 1397/540/1751 1396/541/1751
f 1398/542/1751 1392/543/1751 1399/544/1751
f 1385/545/1743 1400/546/1743 1384/531/1743
f 1403/547/1743 1382/530/1743 1383/532/1743
f 1392/543/1752 1404/548/1753 1399/544/1752
f 1400/546/1754 1405/549/1753 1384/531/1754
f 1400/550/1755 1387/534/1745 1388/538/1756
f 1383/532/1754 1405/549/1753 1404/548/1753
f 1394/534/1749 1403/550/1757 1393/538/1750
f 1403/547/1754 1404/548/1753 1393/551/1758
f 1389/539/1752 1405/549/1753 1388/552/1758
f 1399/553/1759 1379/554/1760 1398/555/1761
f 1404/556/1762 1378/557/1763 1399/553/1759
f 1405/558/1764 1391/559/1764 1404/560/1764
f 1405/561/1765 1381/562/1766 1390/563/1767
f 1396/564/1768 1380/565/1769 1381/562/1766
f 1409/566/1770 1407/567/1770 1406/568/1770
f 1410/571/1771 1409/577/1771 1406/570/1771
f 1413/572/1772 1408/573/1772 1412/574/1772
f 1414/568/1770 1416/575/1770 1415/567/1770
f 1419/569/1771 1414/570/1771 1418/571/1773
f 1420/574/1772 1415/576/1772 1416/573/1772
f 1425/566/1770 1423/567/1770 1422/568/1770
f 1427/569/1771 1422/570/1771 1426/571/1773
f 1428/574/1772 1423/576/1772 1424/573/1772
f 1433/566/1770 1431/567/1770 1430/568/1770
f 1434/571/1771 1433/577/1771 1430/570/1771
f 1437/572/1772 1432/573/1772 1436/574/1772
f 1441/566/1770 1439/567/1770 1438/568/1770
f 1442/571/1771 1441/577/1771 1438/570/1771
f 1445/572/1772 1440/573/1772 1444/574/1772
f 759/578/305 1207/254/305 1446/579/305
f 1213/580/307 1200/263/617 1206/581/870
f 1192/235/1557 1213/580/307 1206/582/870
f 1446/583/871 1202/251/871 1203/250/871
f 1447/617/1774 1449/618/1775 1448/650/1776
f 1451/621/1777 761/620/875 1450/622/1778
f 1452/623/1779 1454/624/1780 1453/644/1781
f 1458/627/881 763/626/881 1456/628/881
f 1462/630/883 1460/629/1782 1459/631/883
f 1463/632/1783 1455/625/1784 1452/623/1785
f 1456/635/887 764/634/887 1465/636/887
f 1459/631/889 1467/637/1786 1466/638/889
f 1461/640/1787 1469/639/890 1468/641/1788
f 1455/625/1789 1470/642/1790 1454/624/1791
f 1458/627/1792 1452/623/1793 1453/644/1794
f 1464/633/1795 1471/643/1796 1455/625/1784
f 1473/646/1797 1475/647/1798 1474/658/1799
f 1447/649/1800 1448/650/1801 1464/633/1795
f 1477/651/907 1448/650/1802 1449/618/908
f 1464/633/1795 1448/650/1801 1472/645/1803
f 1456/635/1804 1478/652/1805 1452/623/1785
f 1456/635/1804 1480/653/1806 1479/850/1807
f 1452/623/1785 1478/652/1805 1463/632/1783
f 1479/654/1808 1473/646/1809 1478/655/1810
f 1480/657/1811 1476/656/1812 1479/654/1813
f 1478/655/1814 1474/658/1815 1463/659/1816
f 1471/661/1817 1481/660/1818 1470/662/1819
f 1471/643/1820 1483/663/1821 1482/851/1822
f 1477/651/930 1483/663/1821 1472/645/1823
f 765/664/931 1485/665/931 766/673/931
f 1454/666/1824 1485/665/1825 1453/644/1826
f 1470/662/1827 1486/667/1828 1454/666/1829
f 1481/660/1830 1460/668/1831 1461/675/1832
f 1482/670/1833 1467/669/1834 1460/852/1835
f 1484/672/945 1467/671/1836 1483/663/946
f 766/673/947 1487/674/947 767/853/1837
f 1486/667/1838 1487/674/1839 1485/665/1840
f 1486/667/1838 1461/675/1841 1468/854/1842
f 1469/639/1843 1451/621/1844 1468/641/1845
f 767/676/957 1450/622/1846 761/620/1847
f 1487/678/1848 1451/621/1849 1450/622/1850
f 1457/680/305 1489/681/305 1488/855/305
f 1453/644/305 1489/681/305 1458/627/305
f 765/664/305 1490/682/305 1453/644/305
f 1495/684/277 1493/683/277 1492/685/277
f 1499/687/963 1497/686/963 1496/688/963
f 768/690/965 1501/689/1851 1500/691/965
f 1505/693/967 1503/692/1852 769/694/967
f 1506/695/277 1508/696/277 1507/856/277
f 1495/698/1853 1499/699/1854 1496/708/1855
f 1513/702/1856 1511/701/971 1510/703/973
f 1515/705/1857 1506/704/1858 1514/706/1859
f 1496/708/1860 1516/707/1861 1495/698/1862
f 1497/686/1863 1517/709/1863 1496/688/1863
f 1519/710/1864 1506/695/1865 1507/856/1866
f 1514/713/277 1520/712/277 1515/714/277
f 770/715/984 1512/716/1867 1522/728/1868
f 1523/717/1869 1525/718/1869 1524/857/1869
f 1527/720/1870 1529/721/1871 1528/858/1872
f 1530/723/1873 1507/724/1874 1508/733/1875
f 1527/726/1876 1520/712/1876 1531/748/1876
f 771/727/957 1522/728/994 1532/859/957
f 1509/697/1877 1533/729/1877 1508/696/1877
f 1527/720/1870 1509/731/1878 1515/705/1857
f 1534/732/1879 1508/733/1875 1533/860/1880
f 773/735/999 1536/734/999 1535/736/999
f 1502/700/1881 1492/737/1882 1501/689/1851
f 1504/738/1883 1514/739/1884 1503/692/1852
f 1537/741/1006 773/735/1006 1535/736/1006
f 1514/739/1885 1538/743/1886 1503/692/1887
f 1519/725/963 1539/744/1010 1538/745/963
f 1530/723/1012 1540/746/1011 1539/744/1010
f 1494/747/277 1531/748/277 1493/683/277
f 1544/750/963 1542/749/963 1541/751/963
f 1534/732/1879 1518/752/1863 1497/686/1863
f 1529/753/277 1517/754/277 1518/784/277
f 1494/722/1871 1516/756/1871 1529/721/1871
f 771/727/963 1536/734/963 772/758/963
f 769/759/1014 1513/702/1014 1510/703/1014
f 1538/762/1888 1513/761/1889 1503/763/1890
f 1539/765/1891 1512/764/1892 1538/762/1888
f 1539/765/1891 1532/766/1893 1522/861/1894
f 1540/767/1895 1536/768/1896 1532/766/1893
f 1499/770/1897 1536/768/1896 1498/769/1898
f 1499/770/1897 1537/771/1899 1535/862/1900
f 768/773/1027 1537/741/1027 1502/774/1027
f 1534/775/1028 1544/750/1028 1540/776/1028
f 1534/777/1031 1542/778/1031 1543/863/1031
f 1498/780/1030 1542/749/1030 1497/781/1030
f 1540/767/1895 1541/782/1029 1498/769/1898
f 1528/730/277 1546/783/277 1545/786/277
f 1518/784/277 1546/783/277 1529/753/277
f 1518/784/277 1548/785/277 1547/864/277
f 1533/729/277 1545/786/277 1548/785/277
f 1545/787/1901 1526/719/1901 1523/717/1901
f 1547/790/1902 1526/789/1903 1546/791/1904
f 1548/792/1905 1525/718/1905 1547/793/1905
f 1548/790/1037 1523/789/1037 1524/865/1906
f 1550/795/306 775/794/306 1549/796/306
f 777/798/280 1552/797/280 1551/799/280
f 1554/800/307 1556/801/307 1555/817/307
f 1559/804/305 779/803/305 778/805/305
f 1550/806/277 1552/797/277 1553/819/277
f 1560/808/306 780/809/306 1561/866/306
f 1565/812/306 1563/811/306 781/813/306
f 777/798/1039 1558/814/1039 1553/819/1039
f 1555/816/1040 1551/799/1040 1552/797/1040
f 1549/807/277 1555/817/277 1552/797/277
f 1558/818/277 1550/806/277 1553/819/277
f 778/805/1041 1562/820/1041 1559/804/1041
f 776/821/1042 1560/808/1042 1561/866/1042
f 1559/804/1907 1560/822/1907 1550/806/1907
f 1549/807/1907 1564/823/1907 1554/800/1907
f 775/794/1044 1563/811/1044 1549/796/1044
f 1557/802/1045 1564/824/1045 1565/824/1045
f 744/1/1 745/837/1171 2/2/2
f 4/7/5 5/845/1908 7/8/6
f 8/10/8 6/188/239 7/11/9
f 12/14/12 11/867/1909 10/15/13
f 16/17/15 15/32/30 14/18/16
f 10/20/18 11/29/33 18/21/19
f 21/26/24 747/825/1068 804/27/25
f 11/29/27 12/826/1910 19/30/28
f 15/32/30 16/17/15 25/33/31
f 27/36/35 748/105/1076 749/37/36
f 9/42/41 10/20/42 17/22/42
f 36/44/43 35/836/1911 34/45/44
f 9/48/49 32/827/1912 1/3/50
f 40/50/52 39/130/1913 38/51/53
f 41/53/55 42/56/1914 14/54/56
f 42/56/58 43/868/1915 13/57/59
f 13/58/61 43/828/1916 21/26/24
f 44/60/63 45/79/1917 750/61/64
f 16/59/62 21/26/24 22/28/26
f 18/21/19 26/35/34 752/63/67
f 29/39/38 27/36/35 28/38/37
f 46/65/69 44/60/1918 751/62/70
f 831/67/72 832/829/1109 3/68/73
f 41/70/75 47/830/1919 48/71/76
f 42/72/77 48/71/76 49/73/78
f 49/73/78 8/869/1920 21/75/80
f 21/76/81 8/831/1921 746/77/82
f 753/64/84 750/61/1120 45/79/85
f 18/80/87 45/832/1922 44/81/88
f 17/82/89 44/81/88 46/83/90
f 46/86/93 829/870/1923 744/1/94
f 23/31/96 50/833/1924 26/35/97
f 54/87/99 53/871/1925 52/88/100
f 31/90/102 28/834/1926 55/91/103
f 749/93/105 842/124/105 55/94/105
f 60/99/108 59/840/1927 58/100/109
f 63/103/112 62/104/115 27/36/113
f 62/104/115 851/872/1928 748/105/116
f 63/106/117 65/201/1929 64/107/118
f 64/107/120 854/200/1930 851/109/121
f 25/47/47 67/835/1931 66/111/123
f 66/111/123 68/112/124 27/36/113
f 68/112/124 69/113/125 22/28/114
f 69/113/125 67/835/1931 25/47/47
f 33/46/126 34/45/1932 66/114/127
f 34/45/129 35/836/1933 68/116/130
f 68/118/132 35/836/1934 36/44/133
f 69/120/135 36/44/1935 33/46/136
f 2/2/2 745/837/1171 831/67/138
f 20/122/140 2/2/2 41/53/139
f 842/124/143 752/63/1936 26/35/144
f 73/125/146 72/179/1937 71/126/147
f 75/128/149 74/131/1938 1/3/3
f 1/3/3 74/131/1938 76/129/150
f 76/129/150 77/132/1939 20/122/140
f 20/122/140 77/132/1939 75/128/149
f 39/130/152 40/50/1940 74/131/153
f 40/50/155 37/52/1941 76/129/156
f 76/129/158 37/52/1942 38/51/159
f 77/132/161 38/51/1943 39/130/162
f 24/133/32 79/838/1944 78/134/164
f 78/134/164 80/136/165 20/24/22
f 80/136/165 81/839/1945 19/25/23
f 19/25/166 81/839/1946 82/137/167
f 82/137/167 83/140/170 56/139/169
f 83/140/170 79/838/1947 24/133/171
f 57/101/175 58/100/1948 80/144/176
f 58/147/179 59/873/1949 82/149/181
f 82/150/182 59/840/1950 60/99/183
f 83/152/185 60/841/1951 57/142/173
f 31/153/186 85/842/1952 84/154/187
f 30/155/188 84/154/187 86/156/189
f 87/158/191 90/843/1953 89/159/192
f 91/161/194 85/842/1952 31/153/186
f 54/163/196 51/844/1954 84/164/197
f 84/166/199 51/844/1955 52/167/200
f 86/169/202 52/167/1956 53/170/203
f 53/170/205 54/163/1957 85/172/206
f 30/173/208 93/178/1958 92/174/209
f 92/174/209 94/176/212 61/102/211
f 94/176/212 95/177/214 23/31/213
f 95/177/214 93/178/1958 30/173/208
f 93/178/215 71/126/1959 72/179/216
f 72/179/218 73/125/1960 94/176/219
f 73/125/221 70/127/1961 95/177/222
f 70/127/224 71/126/1962 93/178/225
f 3/4/227 4/6/1963 48/180/228
f 5/5/230 3/4/1964 832/182/231
f 7/8/233 5/845/1965 754/184/234
f 4/7/236 6/9/1966 49/186/237
f 23/157/242 97/846/1967 96/190/243
f 50/162/244 96/190/243 98/191/245
f 98/191/245 99/192/248 86/156/247
f 99/192/248 97/846/1967 23/157/242
f 97/193/249 87/847/1968 88/194/250
f 88/194/252 89/197/1969 98/196/253
f 89/197/255 90/199/1970 99/198/256
f 90/199/258 87/847/1971 97/193/259
f 854/200/261 64/107/1972 65/201/262
f 804/27/263 890/848/1299 63/103/112
f 890/203/264 889/202/1301 65/201/265
f 100/206/268 103/584/1973 102/207/269
f 104/209/271 107/585/586 106/210/272
f 100/212/274 104/586/1974 105/211/275
f 111/214/277 110/874/277 109/215/277
f 107/217/278 104/875/278 100/206/278
f 112/218/279 115/587/279 114/219/279
f 110/221/280 111/225/280 105/211/280
f 119/222/281 118/229/295 117/223/282
f 111/225/283 121/222/283 120/224/283
f 111/214/284 108/216/284 122/226/284
f 108/228/285 103/213/285 123/223/285
f 105/211/286 120/224/1975 123/223/287
f 121/230/280 119/238/280 116/231/280
f 122/229/289 123/223/289 117/223/289
f 120/224/290 116/224/1976 117/223/291
f 121/230/297 124/253/1977 125/237/298
f 118/240/301 127/247/1978 126/241/302
f 131/244/305 130/266/305 129/245/305
f 127/247/306 923/588/306 924/248/306
f 132/249/307 926/589/307 756/250/307
f 1167/252/280 928/876/280 125/237/280
f 125/236/296 135/256/307 134/254/307
f 928/255/307 757/877/307 135/256/307
f 135/257/308 132/249/308 133/251/308
f 757/259/280 926/589/280 132/249/280
f 124/235/294 126/239/300 139/261/305
f 136/265/310 137/590/310 130/266/310
f 138/267/311 129/266/311 130/245/311
f 139/269/312 128/246/312 129/245/312
f 139/271/313 136/591/313 131/246/313
f 109/272/306 141/878/306 140/273/306
f 102/275/306 103/278/306 143/276/306
f 103/278/306 108/274/306 140/273/306
f 141/279/314 114/879/1979 115/280/315
f 142/282/317 143/592/1980 112/283/318
f 140/285/320 115/587/320 112/218/320
f 144/287/321 147/291/324 146/288/322
f 147/291/324 144/287/321 150/292/325
f 151/294/327 152/319/1981 146/288/322
f 153/295/305 144/287/305 148/290/305
f 147/291/328 149/293/328 156/297/328
f 157/299/329 160/306/338 159/300/330
f 159/300/330 160/306/338 163/303/335
f 157/299/329 165/323/1982 164/305/337
f 161/302/333 159/300/332 167/307/339
f 163/306/341 160/303/1983 169/309/342
f 146/288/344 157/880/1984 158/311/345
f 170/312/347 173/368/1985 172/313/348
f 150/292/350 144/287/1986 159/315/351
f 150/317/353 162/292/1987 163/293/354
f 152/319/355 151/593/1988 164/320/356
f 152/322/358 165/299/1989 157/323/359
f 147/291/361 160/336/1990 164/325/362
f 174/326/364 177/346/1991 176/327/365
f 178/329/367 170/312/1992 171/314/368
f 153/296/370 154/295/371 166/331/371
f 156/333/372 149/318/1993 163/293/373
f 156/334/307 168/298/307 169/297/307
f 155/298/375 169/881/1994 160/336/376
f 153/295/378 181/339/382 180/337/379
f 167/338/381 182/341/384 181/339/382
f 167/338/381 159/315/385 183/340/383
f 144/287/380 180/337/379 183/340/383
f 181/342/386 177/882/1995 174/343/387
f 181/345/389 182/594/1996 176/327/390
f 182/347/392 183/595/1997 175/328/393
f 180/348/395 174/326/1998 175/328/396
f 148/350/398 145/354/402 185/351/399
f 158/353/401 186/356/404 185/351/399
f 161/355/403 187/883/1999 186/356/404
f 161/357/405 166/361/409 188/358/406
f 154/360/408 189/363/411 188/358/406
f 148/362/410 184/884/2000 189/363/411
f 185/364/412 173/885/2001 170/365/413
f 186/367/415 172/313/2002 173/368/416
f 186/370/418 187/374/422 171/371/419
f 188/373/421 179/886/1679 171/371/419
f 189/375/423 178/329/2003 179/330/424
f 189/377/426 184/366/414 170/365/413
f 190/379/428 193/596/2004 192/380/429
f 194/382/431 195/597/2005 192/383/432
f 195/385/434 196/598/2006 191/386/435
f 197/388/437 190/887/2007 191/389/438
f 197/391/440 196/387/2008 195/386/441
f 198/393/443 201/421/443 200/394/443
f 205/396/444 204/888/466 203/397/280
f 204/399/445 207/410/448 206/400/446
f 211/402/447 210/453/447 209/403/447
f 215/405/328 214/600/328 213/406/328
f 200/394/305 201/421/305 217/408/305
f 207/410/448 219/419/277 218/411/277
f 220/412/449 221/420/493 205/413/450
f 199/395/451 200/394/2009 207/410/452
f 222/416/454 223/438/1469 214/417/455
f 200/394/457 216/409/1474 219/419/458
f 198/393/460 205/423/2010 221/420/461
f 225/422/463 224/436/464 222/416/464
f 205/423/444 198/393/465 199/395/465
f 226/424/328 229/433/328 228/425/328
f 230/427/305 233/497/305 232/428/305
f 234/430/277 236/599/277 225/431/277
f 229/433/467 238/442/2011 237/434/468
f 236/435/470 239/439/1463 224/436/471
f 213/406/473 214/600/473 229/433/473
f 240/437/305 238/442/305 223/438/305
f 242/440/474 236/599/474 234/430/474
f 214/417/475 223/438/2012 238/442/476
f 240/437/478 239/439/1470 236/435/479
f 244/443/481 243/601/481 212/444/481
f 212/444/481 243/601/481 245/446/481
f 215/447/463 245/446/481 246/448/481
f 246/448/481 244/443/481 235/445/481
f 244/450/482 208/404/482 209/403/482
f 209/403/483 210/453/1473 245/452/484
f 210/453/486 211/402/486 246/454/486
f 246/456/487 211/402/2013 208/404/488
f 237/434/305 238/442/305 240/437/305
f 249/458/277 242/440/277 241/441/277
f 247/457/490 240/437/1468 242/440/491
f 250/460/328 251/461/328 221/420/493
f 251/461/494 217/408/1464 201/421/495
f 252/462/497 255/469/497 254/463/497
f 219/419/277 249/458/277 248/459/277
f 256/465/498 252/462/2014 253/464/499
f 227/426/328 228/425/328 251/461/328
f 254/463/501 255/469/1476 259/467/502
f 255/469/504 252/462/2015 216/409/505
f 216/409/505 252/462/2015 256/465/507
f 256/465/509 257/466/1490 249/458/510
f 257/466/512 253/464/2016 247/457/513
f 247/457/513 253/464/2016 254/463/515
f 237/434/516 254/463/515 258/468/517
f 228/425/519 258/468/2017 259/467/520
f 259/467/522 255/469/504 217/408/506
f 263/470/524 262/477/524 261/471/524
f 267/473/525 266/889/525 265/474/525
f 263/470/526 265/602/526 266/476/526
f 266/476/527 267/478/527 261/471/527
f 267/478/528 264/890/528 260/472/528
f 268/479/529 271/603/529 270/480/529
f 275/482/530 274/487/2018 273/483/531
f 273/485/533 274/487/2019 270/480/534
f 274/487/536 275/482/2020 269/481/537
f 269/481/539 275/482/2021 272/488/540
f 224/436/305 277/492/305 276/490/305
f 224/436/305 239/439/305 278/491/305
f 239/439/305 223/438/305 279/493/305
f 222/416/305 276/490/305 279/493/305
f 276/494/542 277/604/542 231/429/542
f 277/495/543 278/605/543 230/427/543
f 278/496/544 279/606/544 233/497/545
f 276/498/546 232/428/546 233/497/546
f 283/500/524 282/507/524 281/501/524
f 287/503/525 286/607/525 285/504/525
f 283/500/526 285/608/526 286/506/526
f 286/506/527 287/508/527 281/501/527
f 287/508/528 284/891/528 280/502/528
f 291/509/524 290/516/524 289/510/524
f 295/512/525 294/892/525 293/513/525
f 291/509/526 293/609/526 294/515/526
f 294/515/527 295/517/527 289/510/527
f 295/517/528 292/893/528 288/511/528
f 299/518/524 298/525/524 297/519/524
f 303/521/525 302/610/525 301/522/525
f 299/518/526 301/611/526 302/524/526
f 302/524/527 303/526/527 297/519/527
f 303/526/528 300/894/528 296/520/528
f 328/527/547 331/537/547 326/528/547
f 316/530/548 317/545/548 318/531/548
f 307/533/549 322/538/561 320/534/550
f 328/527/552 329/849/552 330/536/552
f 306/533/553 304/535/2022 321/534/554
f 307/539/556 305/895/556 314/540/556
f 315/542/556 304/612/556 306/543/556
f 317/545/548 309/613/548 311/546/548
f 310/547/548 308/896/548 316/530/548
f 306/543/557 323/551/563 324/548/558
f 311/546/559 322/552/563 325/549/558
f 311/550/560 309/614/2023 320/534/550
f 319/532/559 318/531/559 325/549/558
f 321/534/554 308/614/2024 310/550/562
f 310/547/559 319/532/559 324/548/558
f 322/552/563 307/539/557 313/541/557
f 312/553/564 328/557/568 327/554/565
f 324/556/567 329/897/2025 328/557/568
f 325/558/569 330/898/569 329/559/569
f 325/561/570 313/564/573 331/562/571
f 313/564/573 314/615/2026 326/565/574
f 333/566/575 334/575/575 335/567/575
f 337/569/576 333/577/576 332/570/576
f 339/572/577 335/576/577 334/573/577
f 340/568/575 341/566/575 342/575/575
f 345/569/578 341/577/578 340/570/576
f 346/574/577 347/572/577 343/576/577
f 348/568/575 349/566/575 350/575/575
f 353/569/576 349/577/576 348/570/576
f 354/574/577 355/572/577 351/576/577
f 357/566/575 358/575/575 359/567/575
f 360/571/576 361/569/576 357/577/576
f 362/574/577 363/572/577 359/576/577
f 365/566/575 366/575/575 367/567/575
f 368/571/576 369/569/576 365/577/576
f 371/572/577 367/576/577 366/573/577
f 923/578/307 127/243/304 134/254/307
f 137/580/305 136/264/305 924/263/309
f 124/235/294 138/262/305 137/580/305
f 758/583/580 134/616/580 133/251/580
f 372/206/581 375/208/270 374/207/582
f 376/209/584 379/211/2027 378/210/585
f 372/212/587 373/213/2028 379/211/588
f 383/215/277 382/874/277 381/214/277
f 372/206/278 376/875/278 377/217/278
f 384/218/590 387/220/590 386/219/590
f 379/211/280 381/225/280 382/221/280
f 391/223/591 390/229/605 389/222/592
f 393/224/593 392/222/593 381/225/593
f 381/214/594 392/227/594 394/226/594
f 380/228/595 394/229/595 395/223/595
f 395/223/596 393/224/2029 379/211/597
f 388/231/280 389/238/280 392/230/280
f 394/229/599 390/229/599 391/223/599
f 391/223/600 388/224/2030 393/224/601
f 397/237/607 396/253/1977 392/230/608
f 398/241/611 399/247/1978 390/240/612
f 403/245/307 402/266/307 401/244/307
f 398/241/615 1200/248/617 759/588/306
f 404/249/305 405/251/305 1203/250/305
f 397/237/280 1205/876/280 1206/252/280
f 407/254/305 406/256/305 397/236/606
f 406/256/305 1209/877/305 1205/255/305
f 405/251/616 404/249/616 406/257/616
f 404/249/280 1204/589/280 1209/259/280
f 409/262/307 408/261/307 398/239/610
f 398/239/615 408/261/307 410/264/307
f 410/265/618 401/244/618 402/266/618
f 402/245/619 403/266/619 409/267/619
f 403/245/620 400/246/620 408/269/620
f 400/244/621 401/246/621 410/591/621
f 413/273/306 412/878/306 383/272/306
f 374/275/306 415/277/306 414/276/306
f 373/278/306 414/276/306 413/273/306
f 385/280/622 386/879/2031 412/279/623
f 415/282/624 387/284/2032 384/283/625
f 384/218/627 385/587/627 413/285/627
f 416/287/628 419/289/2033 418/288/629
f 417/291/630 422/293/2034 421/292/631
f 423/294/632 417/291/630 418/288/629
f 425/295/307 426/296/307 420/290/307
f 417/291/328 428/298/328 427/297/328
f 429/299/634 432/301/2035 431/300/635
f 435/303/640 430/306/636 431/300/635
f 429/299/634 430/306/636 437/305/642
f 433/302/639 439/308/2036 438/307/644
f 441/309/645 430/303/2037 435/306/646
f 432/311/648 429/880/2038 418/288/649
f 442/312/651 445/314/2039 444/313/652
f 421/292/654 434/316/2040 431/315/655
f 435/293/657 434/292/2041 421/317/658
f 424/319/659 436/321/2042 437/320/660
f 429/323/662 436/299/2043 424/322/663
f 437/325/665 430/336/2044 417/291/666
f 446/326/668 449/328/2045 448/327/669
f 450/329/671 451/330/2046 445/314/672
f 425/296/674 438/332/674 439/331/675
f 427/333/676 440/297/1626 435/293/677
f 441/297/305 440/298/305 427/334/305
f 430/336/679 441/881/2047 428/298/680
f 453/337/682 452/339/685 425/295/683
f 452/339/685 454/341/2048 438/338/686
f 438/338/686 454/341/2048 455/340/687
f 455/340/687 453/337/682 416/287/684
f 446/343/689 447/882/2049 452/342/690
f 452/345/692 447/346/2050 448/327/693
f 454/347/695 448/327/2051 449/328/696
f 449/328/698 446/326/2052 453/348/699
f 420/350/701 457/352/2053 456/351/702
f 456/351/702 458/356/705 432/353/704
f 458/356/705 459/883/2054 433/355/706
f 433/357/707 459/359/2055 460/358/708
f 460/358/708 461/363/711 426/360/710
f 461/363/711 457/884/2056 420/362/712
f 442/365/713 443/885/2057 456/364/714
f 443/368/716 444/313/2058 458/367/717
f 458/370/719 444/372/2059 445/371/720
f 445/371/720 451/886/2060 460/373/722
f 451/330/723 450/329/2061 461/375/724
f 461/377/726 450/378/2062 442/365/713
f 462/379/727 465/381/2063 464/380/728
f 466/382/730 463/384/2064 464/383/731
f 467/385/733 464/387/2065 465/386/734
f 465/389/736 462/887/2066 469/388/737
f 467/386/739 468/387/2067 469/391/740
f 470/393/742 473/395/742 472/394/742
f 477/397/280 476/888/760 475/396/743
f 479/400/446 478/410/448 476/399/445
f 483/403/744 482/453/744 481/402/744
f 487/406/328 486/600/328 485/405/328
f 472/394/307 489/409/307 488/408/307
f 491/411/277 490/419/277 478/410/448
f 492/412/449 474/414/450 475/413/450
f 473/395/745 476/415/2068 478/410/746
f 494/416/748 485/418/1703 486/417/749
f 472/394/751 478/410/1709 490/419/752
f 493/420/754 475/423/2069 470/393/755
f 494/416/757 497/436/757 496/422/758
f 473/395/759 470/393/759 475/423/743
f 498/424/328 501/426/328 500/425/328
f 502/427/307 505/429/307 504/428/307
f 506/430/277 508/432/277 496/431/277
f 499/433/761 500/425/1708 510/434/762
f 507/435/764 496/422/1698 497/436/765
f 487/406/473 498/424/473 499/433/473
f 512/437/307 511/439/307 495/438/307
f 506/430/474 507/599/474 514/440/474
f 486/417/767 499/433/1704 509/442/768
f 507/435/770 511/439/2070 512/437/771
f 484/444/773 516/601/773 515/443/773
f 484/444/773 485/447/758 517/446/773
f 485/447/758 496/449/758 518/448/773
f 508/445/773 515/443/773 518/448/773
f 515/450/116 516/451/116 483/403/116
f 517/452/774 482/453/2071 483/403/775
f 518/454/777 481/402/777 482/453/777
f 518/456/778 515/450/1706 480/404/779
f 512/437/307 509/442/307 510/434/307
f 513/441/277 514/440/277 521/458/277
f 514/440/781 512/437/2072 519/457/782
f 522/460/328 492/412/449 493/420/493
f 523/461/784 493/420/1699 471/421/785
f 524/462/787 527/464/787 526/463/787
f 520/459/277 521/458/277 490/419/277
f 528/465/788 529/466/1712 527/464/789
f 501/426/328 522/460/328 523/461/328
f 531/467/791 525/469/2073 526/463/792
f 489/409/794 524/462/798 525/469/795
f 489/409/794 490/419/2074 528/465/797
f 521/458/799 529/466/2075 528/465/800
f 519/457/802 527/464/806 529/466/803
f 519/457/802 510/434/807 526/463/805
f 510/434/807 500/425/2076 530/468/808
f 500/425/809 523/461/1718 531/467/810
f 488/408/796 525/469/795 531/467/812
f 535/471/814 534/477/814 533/470/814
f 539/474/815 538/889/815 537/473/815
f 533/470/816 534/477/816 538/476/816
f 535/471/817 537/478/817 538/476/817
f 532/472/818 536/890/818 537/478/818
f 540/479/819 543/481/819 542/480/819
f 547/483/820 546/487/2077 545/482/821
f 542/480/823 546/487/2078 547/485/824
f 543/481/826 545/482/2079 546/487/827
f 543/481/829 540/489/2080 544/488/830
f 549/490/307 548/492/307 497/436/307
f 497/436/307 548/492/307 550/491/307
f 511/439/307 550/491/307 551/493/307
f 551/493/307 549/490/307 494/416/307
f 549/494/832 504/428/832 505/429/832
f 548/495/833 505/429/833 502/427/833
f 550/496/834 502/427/835 503/497/835
f 503/497/836 504/428/836 549/498/836
f 555/501/814 554/507/814 553/500/814
f 556/505/815 559/504/815 558/607/815
f 553/500/816 554/507/816 558/506/816
f 555/501/817 557/508/817 558/506/817
f 552/502/818 556/891/818 557/508/818
f 563/510/814 562/516/814 561/509/814
f 567/513/815 566/892/815 565/512/815
f 561/509/816 562/516/816 566/515/816
f 563/510/817 565/517/817 566/515/817
f 560/511/818 564/893/818 565/517/818
f 571/519/814 570/525/814 569/518/814
f 572/523/815 575/522/815 574/610/815
f 569/518/816 570/525/816 574/524/816
f 571/519/817 573/526/817 574/524/817
f 568/520/818 572/894/818 573/526/818
f 579/529/837 578/528/837 577/537/837
f 580/530/838 583/532/838 582/531/838
f 587/534/839 586/538/851 585/533/840
f 589/536/842 588/849/842 576/527/842
f 590/533/843 593/538/2081 592/534/844
f 595/540/846 584/895/846 585/539/846
f 596/542/846 597/544/846 590/543/846
f 581/545/838 582/531/838 599/546/838
f 580/530/838 601/896/838 600/547/838
f 597/544/847 602/548/852 593/551/848
f 582/531/849 603/549/852 586/552/848
f 587/534/839 598/614/2082 599/550/850
f 603/549/852 582/531/849 583/532/849
f 592/534/844 593/538/2081 600/550/853
f 602/548/852 583/532/849 600/547/849
f 603/549/852 594/541/847 585/539/847
f 579/554/855 576/557/858 597/553/856
f 576/557/858 588/897/2083 602/556/859
f 588/559/860 589/898/860 603/558/860
f 603/561/861 589/563/2084 577/562/862
f 594/564/863 577/562/862 578/565/864
f 607/567/866 606/575/866 605/566/866
f 608/571/867 604/570/867 605/577/867
f 606/573/868 607/576/868 611/572/868
f 612/568/866 615/567/866 614/575/866
f 612/570/869 613/577/869 617/569/869
f 618/574/868 614/573/868 615/576/868
f 620/568/866 623/567/866 622/575/866
f 620/570/867 621/577/867 625/569/867
f 622/573/868 623/576/868 627/572/868
f 631/567/866 630/575/866 629/566/866
f 632/571/867 628/570/867 629/577/867
f 634/574/868 630/573/868 631/576/868
f 639/567/866 638/575/866 637/566/866
f 640/571/867 636/570/867 637/577/867
f 638/573/868 639/576/868 643/572/868
f 759/578/305 1446/579/305 407/254/305
f 1200/263/617 410/264/307 411/580/307
f 1446/583/871 1203/250/871 405/251/871
f 644/617/872 645/650/2085 1449/618/873
f 761/620/875 762/899/2086 647/621/876
f 648/623/878 651/644/2087 650/624/879
f 763/626/881 1457/680/881 653/627/881
f 655/629/882 654/640/882 1462/630/883
f 656/632/884 648/623/2088 649/625/885
f 764/634/887 763/900/887 652/635/887
f 659/637/888 655/629/2089 1459/631/889
f 1469/639/890 1462/630/2090 654/640/891
f 649/625/893 650/624/2091 662/642/894
f 648/623/896 652/635/2092 653/627/897
f 657/633/886 649/625/885 661/643/899
f 664/646/901 667/658/2093 666/647/902
f 645/650/906 663/645/2094 1477/651/907
f 669/652/909 668/850/2095 652/635/910
f 652/635/910 668/850/2095 670/653/912
f 664/646/915 665/656/2096 668/654/916
f 665/656/918 666/901/2097 670/657/919
f 667/658/921 664/646/2098 669/655/922
f 672/660/924 671/669/2099 661/661/925
f 661/643/927 671/851/2100 673/663/928
f 673/663/928 1484/672/930 1477/651/930
f 765/664/931 766/673/931 674/665/931
f 674/665/932 675/667/2101 650/666/933
f 675/667/935 672/660/2102 662/662/936
f 672/660/938 654/675/2103 655/668/939
f 671/670/941 655/852/2104 659/669/942
f 659/671/944 1466/902/2105 1484/672/945
f 766/673/947 767/853/1837 676/674/947
f 676/674/949 660/854/2106 675/667/950
f 675/667/950 660/854/2106 654/675/952
f 647/621/954 762/899/2107 1469/639/955
f 767/676/957 761/620/1847 646/622/958
f 676/678/960 646/622/2108 647/621/961
f 1457/680/305 1488/855/305 677/681/305
f 677/681/305 678/682/305 651/644/305
f 678/682/305 1491/903/305 765/664/305
f 682/683/328 681/747/328 680/684/328
f 686/686/963 685/904/963 684/687/963
f 688/689/964 687/700/1000 768/690/965
f 690/692/966 689/738/1003 1505/693/967
f 691/695/328 694/856/328 693/696/328
f 680/698/968 683/708/1855 684/699/969
f 1511/701/971 696/716/2109 695/702/972
f 691/704/974 692/731/996 698/705/975
f 700/707/977 699/905/2110 683/708/978
f 699/709/980 701/752/980 686/686/980
f 702/710/981 694/856/2111 691/695/982
f 704/712/328 703/906/328 697/713/328
f 770/715/984 705/728/2112 696/716/985
f 706/717/987 709/857/987 708/718/987
f 710/720/988 712/858/2113 711/721/989
f 713/723/990 693/733/998 694/724/991
f 710/726/993 714/748/993 704/712/993
f 771/727/957 715/859/957 705/728/994
f 692/697/995 693/696/995 716/729/995
f 692/731/996 712/858/2113 710/720/988
f 717/732/997 716/860/2114 693/733/998
f 719/734/999 772/758/999 773/735/999
f 687/700/1000 688/689/964 679/737/1001
f 689/738/1003 690/692/966 697/739/1004
f 720/741/1006 718/736/1006 773/735/1006
f 721/743/1007 702/907/2115 697/739/1008
f 722/744/1010 713/723/1012 702/725/963
f 723/746/1011 717/732/1011 713/723/1012
f 681/747/328 682/683/328 714/748/328
f 727/749/963 726/908/963 725/750/963
f 701/752/980 716/860/2114 717/732/997
f 711/753/328 701/784/328 699/754/328
f 681/722/989 711/721/989 700/756/989
f 719/734/963 715/859/963 771/727/963
f 769/759/1014 1510/703/1014 695/702/1014
f 695/761/1015 696/764/1018 721/762/1016
f 696/764/1018 705/861/2116 722/765/1019
f 722/765/1019 705/861/2116 715/766/1020
f 723/767/1021 715/766/1020 719/768/1022
f 719/768/1022 718/862/2117 684/770/1024
f 684/770/1024 718/862/2117 720/771/1025
f 720/741/1027 774/742/1027 768/773/1027
f 725/750/1028 726/908/1028 717/775/1028
f 717/777/1029 726/863/1029 727/778/1029
f 727/749/1030 724/751/1030 685/780/1030
f 724/782/1031 725/909/1031 723/767/1021
f 712/730/328 729/786/328 728/783/328
f 728/783/328 730/864/328 701/784/328
f 701/784/328 730/864/328 731/785/328
f 716/729/328 731/785/328 729/786/328
f 729/787/1032 706/717/1032 707/719/1032
f 707/789/1033 708/865/2118 730/790/1034
f 708/718/1036 709/857/1036 731/792/1036
f 731/790/1037 709/865/1906 706/789/1037
f 775/794/306 776/821/306 733/795/306
f 735/797/280 734/819/280 777/798/280
f 736/800/307 737/817/307 1556/801/307
f 779/803/305 739/818/305 738/804/305
f 733/806/328 734/819/328 735/797/328
f 740/808/306 1561/866/306 780/809/306
f 743/811/306 742/910/306 1565/812/306
f 777/798/1039 734/819/1039 739/814/1039
f 1551/799/1040 1556/911/1040 737/816/1040
f 732/807/328 735/797/328 737/817/328
f 733/806/328 738/804/328 739/818/328
f 741/820/1041 780/820/1041 778/805/1041
f 776/821/1042 1561/866/1042 740/808/1042
f 740/822/1043 741/912/1043 738/804/1043
f 742/823/1043 743/913/1043 732/807/1043
f 743/811/1044 781/813/1044 775/794/1044
f 1557/802/1045 1565/824/1045 742/824/1045
f 783/2/1046 745/837/1171 744/1/1
f 788/8/1049 785/845/2119 786/7/1050
f 789/10/1052 746/13/11 790/12/10
f 794/15/1055 793/867/2120 792/14/1056
f 798/18/1058 797/32/1072 796/17/1059
f 794/20/1061 800/22/2121 799/21/1062
f 803/26/1067 805/28/1105 804/27/25
f 793/29/1069 806/31/2122 802/30/1070
f 797/32/1072 808/34/1139 807/33/1073
f 810/36/1075 811/38/1106 749/37/36
f 791/42/1080 815/43/1080 800/22/1081
f 819/45/1082 818/836/2123 817/44/1083
f 791/48/1088 792/49/2124 782/3/1089
f 823/51/1091 822/130/2125 821/50/1092
f 824/53/1094 797/55/2126 798/54/1095
f 795/57/1097 826/868/2127 825/56/1098
f 795/58/1100 796/59/1104 803/26/1067
f 827/60/1102 751/62/65 750/61/64
f 796/59/1104 807/47/2128 805/28/1105
f 799/21/1062 753/64/68 752/63/67
f 812/39/1077 813/40/1079 811/38/1106
f 751/62/70 827/60/2129 830/65/1107
f 831/67/72 833/69/1277 784/68/1108
f 824/70/1110 825/72/1113 834/71/1111
f 825/72/1113 826/74/1116 835/73/1114
f 803/75/1115 789/869/2130 835/73/1114
f 803/76/1117 747/78/83 746/77/82
f 753/64/84 799/21/2131 828/79/1119
f 799/80/1121 800/82/1124 827/81/1122
f 800/82/1124 815/84/1126 830/83/1125
f 744/1/94 829/870/1923 830/86/1128
f 806/31/1130 793/29/2132 809/35/1131
f 840/88/1133 839/871/2133 838/87/1134
f 813/90/1136 836/92/1174 841/91/1137
f 841/94/105 842/124/105 749/93/105
f 847/100/1142 846/840/2134 845/99/1143
f 810/36/1146 850/104/1149 849/103/1147
f 748/105/116 851/872/1928 850/104/1149
f 849/106/1150 850/108/2135 853/107/1151
f 851/109/121 854/200/1930 853/107/1153
f 807/47/1087 812/39/1086 856/111/1155
f 810/36/1146 857/112/1157 856/111/1155
f 805/28/1148 858/113/1158 857/112/1157
f 807/47/1087 855/835/1156 858/113/1158
f 856/114/1159 819/45/2136 816/46/1160
f 857/116/1162 818/836/2137 819/45/1163
f 857/118/1165 858/119/2138 817/44/1166
f 858/120/1168 855/121/2139 816/46/1169
f 783/2/1046 824/53/1173 831/67/138
f 801/122/1172 797/55/2140 824/53/1173
f 809/35/1176 752/63/1936 842/124/143
f 862/126/1178 861/179/2141 860/125/1179
f 782/3/1047 864/131/1183 863/128/1181
f 782/3/1047 792/49/1184 865/129/1182
f 801/122/1172 866/132/1185 865/129/1182
f 801/122/1172 783/2/1046 863/128/1181
f 864/131/1186 821/50/2142 822/130/1187
f 865/129/1189 820/52/2143 821/50/1190
f 865/129/1192 866/132/2144 823/51/1193
f 866/132/1195 863/128/2145 822/130/1196
f 808/133/1139 797/135/1072 868/134/1198
f 801/24/1066 869/136/1200 868/134/1198
f 802/25/1065 870/839/2146 869/136/1200
f 802/25/1201 848/138/1205 871/137/1202
f 843/139/1204 872/140/1207 871/137/1202
f 808/133/1206 867/838/2147 872/140/1207
f 869/144/1211 847/100/2148 844/101/1212
f 871/149/1217 846/873/2149 847/147/1216
f 871/150/1218 872/151/2150 845/99/1219
f 872/152/1221 867/141/1208 844/142/1210
f 813/153/1223 814/155/1226 874/154/1224
f 814/155/1226 806/157/2151 875/156/1227
f 876/158/1228 879/160/2152 878/159/1229
f 813/153/1223 873/842/1225 880/161/1231
f 874/164/1233 837/844/2153 838/163/1234
f 874/166/1236 875/168/2154 840/167/1237
f 875/169/1239 880/171/2155 839/170/1240
f 873/172/1242 838/163/2156 839/170/1243
f 814/173/1245 843/175/1249 882/174/1246
f 848/102/1248 883/176/1251 882/174/1246
f 806/31/1250 884/177/1252 883/176/1251
f 814/173/1245 881/178/1247 884/177/1252
f 881/178/1253 882/174/2157 861/179/1254
f 883/176/1256 860/125/2158 861/179/1257
f 884/177/1259 859/127/2159 860/125/1260
f 881/178/1262 862/126/2160 859/127/1263
f 784/4/1265 833/181/2161 834/180/1266
f 785/5/1268 754/183/232 832/182/231
f 788/8/1270 755/185/235 754/184/234
f 786/7/1272 834/187/2162 835/186/1273
f 806/157/1278 836/162/1281 886/190/1279
f 836/162/1281 880/161/1284 887/191/1282
f 875/156/1283 888/192/1285 887/191/1282
f 806/157/1278 885/846/1280 888/192/1285
f 885/193/1286 886/195/2163 879/194/1287
f 887/196/1289 878/197/2164 879/194/1290
f 888/198/1292 877/199/2165 878/197/1293
f 885/193/1295 876/847/2166 877/199/1296
f 852/201/1298 853/107/2167 854/200/261
f 804/27/263 805/28/1148 849/103/1147
f 890/203/264 849/204/2168 852/201/1300
f 891/206/1302 894/208/1541 893/207/1303
f 895/209/1305 898/211/2169 897/210/1306
f 891/212/1308 892/213/2170 898/211/1309
f 902/215/328 901/874/328 900/214/328
f 891/206/1311 895/875/1311 896/217/1311
f 903/218/279 906/220/279 905/219/279
f 898/211/280 900/225/280 901/221/280
f 910/223/282 909/229/1322 908/222/1312
f 912/224/283 911/222/283 900/225/283
f 900/214/1313 911/227/1313 913/226/1313
f 899/228/285 913/229/285 914/223/285
f 914/223/1314 912/224/2171 898/211/1315
f 907/231/280 908/238/280 911/230/280
f 913/229/289 909/229/289 910/223/289
f 910/223/1317 907/224/2172 912/224/1318
f 916/237/1324 915/253/2173 911/230/1325
f 917/241/1328 918/247/2174 909/240/1329
f 922/245/305 921/266/305 920/244/305
f 918/247/306 917/241/1333 924/248/309
f 925/249/307 927/251/307 756/250/307
f 916/237/280 928/876/280 1167/252/280
f 930/254/307 929/256/307 916/236/1323
f 929/256/307 757/877/307 928/255/307
f 927/251/1332 925/249/1332 929/257/1332
f 925/249/280 926/589/280 757/259/280
f 915/235/1321 932/262/305 931/261/305
f 917/239/1333 931/261/305 933/264/305
f 933/265/312 920/244/312 921/266/312
f 921/245/311 922/266/311 932/267/311
f 922/245/310 919/246/310 931/269/310
f 931/271/313 919/244/313 920/246/313
f 936/273/306 935/878/306 902/272/306
f 893/275/306 938/277/306 937/276/306
f 892/278/306 937/276/306 936/273/306
f 904/280/1334 905/879/2175 935/279/1335
f 938/282/1337 906/284/2176 903/283/1338
f 903/218/320 904/587/320 936/285/320
f 939/287/1340 942/289/2177 941/288/1341
f 940/291/1342 945/293/2178 944/292/1343
f 946/294/1344 940/291/1342 941/288/1341
f 948/295/305 949/296/305 943/290/305
f 940/291/277 951/298/277 950/297/277
f 952/299/1346 955/301/2179 954/300/1347
f 958/303/1352 953/306/1348 954/300/1347
f 952/299/1346 953/306/1348 960/305/1354
f 956/302/1351 962/308/2180 961/307/1356
f 964/309/1357 953/303/2181 958/306/1358
f 955/311/1360 952/880/2182 941/288/1361
f 965/312/1363 968/314/2183 967/313/1364
f 944/292/1366 957/316/2184 954/315/1367
f 958/293/1369 957/292/2185 944/317/1370
f 947/319/1371 959/321/2186 960/320/1372
f 952/323/1374 959/299/2187 947/322/1375
f 960/325/1377 953/336/2188 940/291/1378
f 969/326/1380 972/328/2189 971/327/1381
f 973/329/1383 974/330/2190 968/314/1384
f 948/296/1386 961/332/1386 962/331/1387
f 950/333/1388 963/297/374 958/293/1389
f 964/297/307 963/298/307 950/334/307
f 953/336/1391 964/881/1994 951/298/1392
f 976/337/1394 975/339/1397 948/295/1395
f 975/339/1397 977/341/2191 961/338/1398
f 961/338/1398 977/341/2191 978/340/1399
f 978/340/1399 976/337/1394 939/287/1396
f 969/343/1401 970/882/2192 975/342/1402
f 975/345/1404 970/346/2193 971/327/1405
f 977/347/1407 971/327/2194 972/328/1408
f 972/328/1410 969/326/2195 976/348/1411
f 943/350/1413 980/352/2196 979/351/1414
f 979/351/1414 981/356/1417 955/353/1416
f 981/356/1417 982/883/2197 956/355/1418
f 956/357/1419 982/359/2198 983/358/1420
f 983/358/1420 984/363/1423 949/360/1422
f 984/363/1423 980/884/2199 943/362/1424
f 965/365/1425 966/885/2200 979/364/1426
f 966/368/1428 967/313/2201 981/367/1429
f 981/370/1431 967/372/2202 968/371/1432
f 968/371/1432 974/886/2062 983/373/1434
f 974/330/1435 973/329/2203 984/375/1436
f 984/377/1438 973/378/2060 965/365/1425
f 985/379/1439 988/381/2204 987/380/1440
f 989/382/1442 986/384/2205 987/383/1443
f 990/385/1445 987/387/2206 988/386/1446
f 988/389/1448 985/887/2207 992/388/1449
f 990/386/1451 991/387/2208 992/391/1452
f 993/393/443 996/395/443 995/394/443
f 1000/397/280 999/888/466 998/396/444
f 1002/400/1454 1001/410/1456 999/399/1455
f 1006/403/447 1005/453/447 1004/402/447
f 1010/406/277 1009/600/277 1008/405/277
f 995/394/305 1012/409/305 1011/408/305
f 1014/411/328 1013/419/328 1001/410/1456
f 1015/412/1457 997/414/1458 998/413/1458
f 996/395/1460 999/415/2209 1001/410/1461
f 1017/416/471 1008/418/472 1009/417/470
f 995/394/495 1001/410/496 1013/419/494
f 1016/420/1465 998/423/2210 993/393/1466
f 1017/416/464 1020/436/464 1019/422/463
f 996/395/465 993/393/465 998/423/444
f 1021/424/277 1024/426/277 1023/425/277
f 1025/427/305 1028/429/305 1027/428/305
f 1029/430/328 1031/432/328 1019/431/328
f 1022/433/491 1023/425/492 1033/434/490
f 1030/435/455 1019/422/456 1020/436/454
f 1010/406/474 1021/424/474 1022/433/474
f 1035/437/305 1034/439/305 1018/438/305
f 1029/430/473 1030/599/473 1037/440/473
f 1009/417/479 1022/433/480 1032/442/478
f 1030/435/475 1034/439/2012 1035/437/476
f 1007/444/481 1039/601/481 1038/443/481
f 1007/444/481 1008/447/463 1040/446/481
f 1008/447/463 1019/449/463 1041/448/481
f 1031/445/481 1038/443/481 1041/448/481
f 1038/450/482 1039/451/482 1006/403/482
f 1040/452/487 1005/453/2013 1006/403/1471
f 1041/454/486 1004/402/486 1005/453/486
f 1041/456/484 1038/450/485 1003/404/1472
f 1035/437/305 1032/442/305 1033/434/305
f 1036/441/328 1037/440/328 1044/458/328
f 1037/440/467 1035/437/2011 1042/457/468
f 1045/460/277 1015/412/1457 1016/420/1459
f 1046/461/458 1016/420/459 994/421/457
f 1047/462/497 1050/464/497 1049/463/497
f 1043/459/328 1044/458/328 1013/419/328
f 1051/465/1475 1052/466/503 1050/464/501
f 1024/426/277 1045/460/277 1046/461/277
f 1054/467/1477 1048/469/2014 1049/463/499
f 1012/409/1478 1047/462/1482 1048/469/1479
f 1012/409/1478 1013/419/2211 1051/465/1481
f 1044/458/519 1052/466/2017 1051/465/520
f 1042/457/1483 1050/464/1487 1052/466/1484
f 1042/457/1483 1033/434/1488 1049/463/1486
f 1033/434/1488 1023/425/2212 1053/468/1489
f 1023/425/510 1046/461/511 1054/467/509
f 1011/408/1480 1048/469/1479 1054/467/1491
f 1058/471/524 1057/477/524 1056/470/524
f 1062/474/525 1061/889/525 1060/473/525
f 1056/470/528 1057/477/528 1061/476/528
f 1058/471/527 1060/478/527 1061/476/527
f 1055/472/526 1059/890/526 1060/478/526
f 1063/479/1493 1066/481/1493 1065/480/1493
f 1070/483/1494 1069/487/2213 1068/482/1495
f 1065/480/1497 1069/487/2214 1070/485/1498
f 1066/481/1500 1068/482/2215 1069/487/1501
f 1066/481/1503 1063/489/2216 1067/488/1504
f 1072/490/305 1071/492/305 1020/436/305
f 1020/436/305 1071/492/305 1073/491/305
f 1034/439/305 1073/491/305 1074/493/305
f 1074/493/305 1072/490/305 1017/416/305
f 1072/494/542 1027/428/542 1028/429/542
f 1071/495/546 1028/429/546 1025/427/546
f 1073/496/544 1025/427/1506 1026/497/1506
f 1026/497/543 1027/428/543 1072/498/543
f 1078/501/524 1077/507/524 1076/500/524
f 1079/505/525 1082/504/525 1081/607/525
f 1076/500/528 1077/507/528 1081/506/528
f 1078/501/527 1080/508/527 1081/506/527
f 1075/502/526 1079/891/526 1080/508/526
f 1086/510/524 1085/516/524 1084/509/524
f 1090/513/525 1089/892/525 1088/512/525
f 1084/509/528 1085/516/528 1089/515/528
f 1086/510/527 1088/517/527 1089/515/527
f 1083/511/526 1087/893/526 1088/517/526
f 1094/519/524 1093/525/524 1092/518/524
f 1098/522/525 1097/610/525 1096/521/525
f 1092/518/528 1093/525/528 1097/524/528
f 1094/519/527 1096/526/527 1097/524/527
f 1091/520/526 1095/894/526 1096/526/526
f 1102/529/1507 1101/528/1507 1100/537/1507
f 1103/530/1508 1106/532/1508 1105/531/1508
f 1110/534/1509 1109/538/1521 1108/533/1510
f 1100/537/1512 1112/536/1512 1111/849/1512
f 1113/533/1513 1116/538/2217 1115/534/1514
f 1118/540/1516 1107/895/1516 1108/539/1516
f 1119/542/1516 1120/544/1516 1113/543/1516
f 1104/545/1508 1105/531/1508 1122/546/1508
f 1103/530/1508 1124/896/1508 1123/547/1508
f 1125/548/1517 1116/551/1524 1113/543/1518
f 1126/549/1517 1109/552/1524 1122/546/1519
f 1110/534/1509 1121/614/2218 1122/550/1520
f 1125/548/1517 1126/549/1517 1105/531/1519
f 1115/534/1514 1116/538/2217 1123/550/1522
f 1125/548/1517 1106/532/1519 1123/547/1519
f 1126/549/1517 1117/541/1518 1108/539/1518
f 1102/554/1525 1099/557/1528 1120/553/1526
f 1099/557/1528 1111/897/2219 1125/556/1529
f 1111/559/1530 1112/898/1530 1126/558/1530
f 1126/561/1531 1112/563/2220 1100/562/1532
f 1117/564/1533 1100/562/1532 1101/565/1534
f 1130/567/1536 1129/575/1536 1128/566/1536
f 1127/570/1537 1128/577/2221 1132/569/1537
f 1133/574/1538 1129/573/1538 1130/576/1538
f 1135/568/1536 1138/567/1536 1137/575/1536
f 1139/571/1537 1135/570/1537 1136/577/1537
f 1141/574/1538 1137/573/1538 1138/576/1538
f 1146/567/1536 1145/575/1536 1144/566/1536
f 1147/571/1537 1143/570/1537 1144/577/1537
f 1149/574/1538 1145/573/1538 1146/576/1538
f 1154/567/1536 1153/575/1536 1152/566/1536
f 1155/571/1537 1151/570/1537 1152/577/1537
f 1153/573/1538 1154/576/1538 1158/572/1538
f 1162/567/1536 1161/575/1536 1160/566/1536
f 1163/571/1537 1159/570/1537 1160/577/1537
f 1161/573/1538 1162/576/1538 1166/572/1538
f 923/578/307 758/579/307 930/254/307
f 924/263/309 933/264/305 934/580/305
f 758/583/580 756/250/580 927/251/580
f 1168/206/1539 1171/584/2222 1170/207/1540
f 1172/209/1542 1175/585/1307 1174/210/1543
f 1168/212/1545 1172/586/2223 1173/211/1546
f 1179/214/328 1178/874/328 1177/215/328
f 1175/217/1311 1172/875/1311 1168/206/1311
f 1180/218/590 1183/587/590 1182/219/590
f 1178/221/280 1179/225/280 1173/211/280
f 1187/222/1548 1186/229/1558 1185/223/591
f 1179/225/593 1189/222/593 1188/224/593
f 1179/214/1549 1176/216/1549 1190/226/1549
f 1176/228/595 1171/213/595 1191/223/595
f 1173/211/1550 1188/224/2224 1191/223/1551
f 1189/230/280 1187/238/280 1184/231/280
f 1190/229/599 1191/223/599 1185/223/599
f 1188/224/1553 1184/224/2225 1185/223/1554
f 1189/230/1560 1192/253/2173 1193/237/1561
f 1186/240/1564 1195/247/2174 1194/241/1565
f 1199/244/307 1198/266/307 1197/245/307
f 759/588/306 1200/248/617 1194/241/306
f 1201/249/305 1204/589/305 1203/250/305
f 1206/252/280 1205/876/280 1193/237/280
f 1193/236/1559 1208/256/305 1207/254/305
f 1205/255/305 1209/877/305 1208/256/305
f 1208/257/1568 1201/249/1568 1202/251/1568
f 1209/259/280 1204/589/280 1201/249/280
f 1192/235/1557 1194/239/1563 1211/261/307
f 1212/265/620 1213/590/620 1198/266/620
f 1210/267/619 1197/266/619 1198/245/619
f 1211/269/618 1196/246/618 1197/245/618
f 1211/271/621 1212/591/621 1199/246/621
f 1177/272/306 1215/878/306 1214/273/306
f 1170/275/306 1171/278/306 1217/276/306
f 1171/278/306 1176/274/306 1214/273/306
f 1215/279/1569 1182/879/2226 1183/280/1570
f 1216/282/1571 1217/592/2227 1180/283/1572
f 1214/285/627 1183/587/627 1180/218/627
f 1218/287/1574 1221/291/1577 1220/288/1575
f 1221/291/1577 1218/287/1574 1224/292/1578
f 1225/294/1580 1226/319/2228 1220/288/1575
f 1227/295/307 1218/287/307 1222/290/307
f 1221/291/277 1223/293/277 1230/297/277
f 1231/299/1581 1234/306/1590 1233/300/1582
f 1233/300/1582 1234/306/1590 1237/303/1587
f 1231/299/1581 1239/323/2229 1238/305/1589
f 1235/302/1585 1233/300/1584 1241/307/1591
f 1237/306/1593 1234/303/2230 1243/309/1594
f 1220/288/1596 1231/880/2231 1232/311/1597
f 1244/312/1599 1247/368/2232 1246/313/1600
f 1224/292/1602 1218/287/2233 1233/315/1603
f 1224/317/1605 1236/292/2234 1237/293/1606
f 1226/319/1607 1225/593/2235 1238/320/1608
f 1226/322/1610 1239/299/2236 1231/323/1611
f 1221/291/1613 1234/336/2237 1238/325/1614
f 1248/326/1616 1251/346/2238 1250/327/1617
f 1252/329/1619 1244/312/2239 1245/314/1620
f 1227/296/1622 1228/295/1623 1240/331/1623
f 1230/333/1624 1223/318/2240 1237/293/1625
f 1230/334/305 1242/298/305 1243/297/305
f 1229/298/1627 1243/881/2047 1234/336/1628
f 1227/295/1630 1255/339/1634 1254/337/1631
f 1241/338/1633 1256/341/1636 1255/339/1634
f 1241/338/1633 1233/315/1637 1257/340/1635
f 1218/287/1632 1254/337/1631 1257/340/1635
f 1255/342/1638 1251/882/2241 1248/343/1639
f 1255/345/1641 1256/594/2242 1250/327/1642
f 1256/347/1644 1257/595/2243 1249/328/1645
f 1254/348/1647 1248/326/2244 1249/328/1648
f 1222/350/1650 1219/354/1654 1259/351/1651
f 1232/353/1653 1260/356/1656 1259/351/1651
f 1235/355/1655 1261/883/2245 1260/356/1656
f 1235/357/1657 1240/361/1661 1262/358/1658
f 1228/360/1660 1263/363/1663 1262/358/1658
f 1222/362/1662 1258/884/2246 1263/363/1663
f 1259/364/1664 1247/885/2247 1244/365/1665
f 1260/367/1667 1246/313/2248 1247/368/1668
f 1260/370/1670 1261/374/1674 1245/371/1671
f 1262/373/1673 1253/886/427 1245/371/1671
f 1263/375/1675 1252/329/2249 1253/330/1676
f 1263/377/1678 1258/366/1666 1244/365/1665
f 1264/379/1680 1267/596/2250 1266/380/1681
f 1268/382/1683 1269/597/2251 1266/383/1684
f 1269/385/1686 1270/598/2252 1265/386/1687
f 1271/388/1689 1264/887/2253 1265/389/1690
f 1271/391/1692 1270/387/2254 1269/386/1693
f 1272/393/742 1275/421/742 1274/394/742
f 1279/396/743 1278/888/760 1277/397/280
f 1278/399/1455 1281/410/1456 1280/400/1454
f 1285/402/744 1284/453/744 1283/403/744
f 1289/405/277 1288/600/277 1287/406/277
f 1274/394/307 1275/421/307 1291/408/307
f 1281/410/1456 1293/419/328 1292/411/328
f 1294/412/1457 1295/420/1459 1279/413/1458
f 1273/395/1695 1274/394/2255 1281/410/1696
f 1296/416/765 1297/438/766 1288/417/764
f 1274/394/785 1290/409/786 1293/419/784
f 1272/393/1700 1279/423/2256 1295/420/1701
f 1299/422/758 1298/436/757 1296/416/757
f 1279/423/743 1272/393/759 1273/395/759
f 1300/424/277 1303/433/277 1302/425/277
f 1304/427/307 1307/497/307 1306/428/307
f 1308/430/328 1310/599/328 1299/431/328
f 1303/433/781 1312/442/2072 1311/434/782
f 1310/435/749 1313/439/750 1298/436/748
f 1287/406/474 1288/600/474 1303/433/474
f 1314/437/307 1312/442/307 1297/438/307
f 1316/440/473 1310/599/473 1308/430/473
f 1288/417/770 1297/438/2257 1312/442/771
f 1314/437/768 1313/439/769 1310/435/767
f 1318/443/773 1317/601/773 1286/444/773
f 1286/444/773 1317/601/773 1319/446/773
f 1289/447/758 1319/446/773 1320/448/773
f 1320/448/773 1318/443/773 1309/445/773
f 1318/450/116 1282/404/116 1283/403/116
f 1283/403/1705 1284/453/780 1319/452/778
f 1284/453/777 1285/402/777 1320/454/777
f 1320/456/774 1285/402/2071 1282/404/1707
f 1311/434/307 1312/442/307 1314/437/307
f 1323/458/328 1316/440/328 1315/441/328
f 1321/457/762 1314/437/763 1316/440/761
f 1324/460/277 1325/461/277 1295/420/1459
f 1325/461/752 1291/408/753 1275/421/751
f 1326/462/787 1329/469/787 1328/463/787
f 1293/419/328 1323/458/328 1322/459/328
f 1330/465/1710 1326/462/2073 1327/464/792
f 1301/426/277 1302/425/277 1325/461/277
f 1328/463/789 1329/469/790 1333/467/1711
f 1329/469/1713 1326/462/2258 1290/409/1714
f 1290/409/1714 1326/462/2258 1330/465/1716
f 1330/465/810 1331/466/811 1323/458/809
f 1331/466/1719 1327/464/2259 1321/457/1720
f 1321/457/1720 1327/464/2259 1328/463/1722
f 1311/434/1723 1328/463/1722 1332/468/1724
f 1302/425/799 1332/468/2075 1333/467/800
f 1333/467/1726 1329/469/1713 1291/408/1715
f 1337/470/814 1336/477/814 1335/471/814
f 1341/473/815 1340/889/815 1339/474/815
f 1337/470/818 1339/602/818 1340/476/818
f 1340/476/817 1341/478/817 1335/471/817
f 1341/478/816 1338/890/816 1334/472/816
f 1342/479/1728 1345/603/1728 1344/480/1728
f 1349/482/1729 1348/487/2260 1347/483/1730
f 1347/485/1732 1348/487/2261 1344/480/1733
f 1348/487/1735 1349/482/2262 1343/481/1736
f 1343/481/1738 1349/482/2263 1346/488/1739
f 1298/436/307 1351/492/307 1350/490/307
f 1298/436/307 1313/439/307 1352/491/307
f 1313/439/307 1297/438/307 1353/493/307
f 1296/416/307 1350/490/307 1353/493/307
f 1350/494/832 1351/604/832 1305/429/832
f 1351/495/836 1352/605/836 1304/427/836
f 1352/496/834 1353/606/834 1307/497/1741
f 1350/498/833 1306/428/833 1307/497/833
f 1357/500/814 1356/507/814 1355/501/814
f 1361/503/815 1360/607/815 1359/504/815
f 1357/500/818 1359/608/818 1360/506/818
f 1360/506/817 1361/508/817 1355/501/817
f 1361/508/816 1358/891/816 1354/502/816
f 1365/509/814 1364/516/814 1363/510/814
f 1369/512/815 1368/892/815 1367/513/815
f 1365/509/818 1367/609/818 1368/515/818
f 1368/515/817 1369/517/817 1363/510/817
f 1369/517/816 1366/893/816 1362/511/816
f 1373/518/814 1372/525/814 1371/519/814
f 1377/521/815 1376/610/815 1375/522/815
f 1373/518/818 1375/611/818 1376/524/818
f 1376/524/817 1377/526/817 1371/519/817
f 1377/526/816 1374/894/816 1370/520/816
f 1381/537/1742 1380/528/1742 1379/529/1742
f 1382/530/1743 1385/545/1743 1384/531/1743
f 1389/533/1744 1388/538/1756 1387/534/1745
f 1381/537/1747 1378/527/1747 1391/849/1747
f 1392/533/1748 1395/535/2264 1394/534/1749
f 1389/539/1751 1386/895/1751 1397/540/1751
f 1398/542/1751 1395/612/1751 1392/543/1751
f 1385/545/1743 1401/613/1743 1400/546/1743
f 1403/547/1743 1402/896/1743 1382/530/1743
f 1392/543/1752 1393/551/1758 1404/548/1753
f 1400/546/1754 1388/552/1758 1405/549/1753
f 1400/550/1755 1401/614/2265 1387/534/1745
f 1383/532/1754 1384/531/1754 1405/549/1753
f 1394/534/1749 1402/614/2266 1403/550/1757
f 1403/547/1754 1383/532/1754 1404/548/1753
f 1389/539/1752 1396/541/1752 1405/549/1753
f 1399/553/1759 1378/557/1763 1379/554/1760
f 1404/556/1762 1391/897/2267 1378/557/1763
f 1405/558/1764 1390/898/1764 1391/559/1764
f 1405/561/1765 1396/564/1768 1381/562/1766
f 1396/564/1768 1397/615/2268 1380/565/1769
f 1409/566/1770 1408/575/1770 1407/567/1770
f 1410/571/1771 1411/569/1771 1409/577/1771
f 1413/572/1772 1407/576/1772 1408/573/1772
f 1414/568/1770 1417/566/1770 1416/575/1770
f 1419/569/1771 1417/577/1771 1414/570/1771
f 1420/574/1772 1421/572/1772 1415/576/1772
f 1425/566/1770 1424/575/1770 1423/567/1770
f 1427/569/1771 1425/577/1771 1422/570/1771
f 1428/574/1772 1429/572/1772 1423/576/1772
f 1433/566/1770 1432/575/1770 1431/567/1770
f 1434/571/1771 1435/569/1771 1433/577/1771
f 1437/572/1772 1431/576/1772 1432/573/1772
f 1441/566/1770 1440/575/1770 1439/567/1770
f 1442/571/1771 1443/569/1771 1441/577/1771
f 1445/572/1772 1439/576/1772 1440/573/1772
f 759/578/305 1195/243/1567 1207/254/305
f 1213/580/307 1212/264/307 1200/263/617
f 1192/235/1557 1210/262/307 1213/580/307
f 1446/583/871 1207/616/871 1202/251/871
f 1447/617/1774 760/619/874 1449/618/1775
f 1451/621/1777 762/899/2086 761/620/875
f 1452/623/1779 1455/625/2269 1454/624/1780
f 1458/627/881 1457/680/881 763/626/881
f 1462/630/883 1461/640/1782 1460/629/1782
f 1463/632/1783 1464/633/1795 1455/625/1784
f 1456/635/887 763/900/887 764/634/887
f 1459/631/889 1460/629/2270 1467/637/1786
f 1461/640/1787 1462/630/2090 1469/639/890
f 1455/625/1789 1471/643/2271 1470/642/1790
f 1458/627/1792 1456/635/2272 1452/623/1793
f 1464/633/1795 1472/645/1803 1471/643/1796
f 1473/646/1797 1476/648/2273 1475/647/1798
f 1477/651/907 1472/645/2274 1448/650/1802
f 1456/635/1804 1479/850/1807 1478/652/1805
f 1456/635/1804 1465/636/2275 1480/653/1806
f 1479/654/1808 1476/656/2276 1473/646/1809
f 1480/657/1811 1475/901/2277 1476/656/1812
f 1478/655/1814 1473/646/2278 1474/658/1815
f 1471/661/1817 1482/669/2279 1481/660/1818
f 1471/643/1820 1472/645/1823 1483/663/1821
f 1477/651/930 1484/672/930 1483/663/1821
f 765/664/931 1453/644/931 1485/665/931
f 1454/666/1824 1486/667/2280 1485/665/1825
f 1470/662/1827 1481/660/2281 1486/667/1828
f 1481/660/1830 1482/669/2282 1460/668/1831
f 1482/670/1833 1483/668/2283 1467/669/1834
f 1484/672/945 1466/902/2105 1467/671/1836
f 766/673/947 1485/665/948 1487/674/947
f 1486/667/1838 1468/854/1842 1487/674/1839
f 1486/667/1838 1481/660/2284 1461/675/1841
f 1469/639/1843 762/899/2285 1451/621/1844
f 767/676/957 1487/677/2286 1450/622/1846
f 1487/678/1848 1468/679/2287 1451/621/1849
f 1457/680/305 1458/627/305 1489/681/305
f 1453/644/305 1490/682/305 1489/681/305
f 765/664/305 1491/903/305 1490/682/305
f 1495/684/277 1494/747/277 1493/683/277
f 1499/687/963 1498/904/963 1497/686/963
f 768/690/965 1502/700/1881 1501/689/1851
f 1505/693/967 1504/738/1883 1503/692/1852
f 1506/695/277 1509/697/277 1508/696/277
f 1495/698/1853 1502/700/2288 1499/699/1854
f 1513/702/1856 1512/716/2289 1511/701/971
f 1515/705/1857 1509/731/1878 1506/704/1858
f 1496/708/1860 1517/905/2290 1516/707/1861
f 1497/686/1863 1518/752/1863 1517/709/1863
f 1519/710/1864 1514/711/2291 1506/695/1865
f 1514/713/277 1521/906/277 1520/712/277
f 770/715/984 1511/701/986 1512/716/1867
f 1523/717/1869 1526/719/1869 1525/718/1869
f 1527/720/1870 1494/722/1871 1529/721/1871
f 1530/723/1873 1519/725/2292 1507/724/1874
f 1527/726/1876 1515/714/1876 1520/712/1876
f 771/727/957 770/715/994 1522/728/994
f 1509/697/1877 1528/730/1877 1533/729/1877
f 1527/720/1870 1528/858/1872 1509/731/1878
f 1534/732/1879 1530/723/1873 1508/733/1875
f 773/735/999 772/758/999 1536/734/999
f 1502/700/1881 1495/698/2293 1492/737/1882
f 1504/738/1883 1521/740/1005 1514/739/1884
f 1537/741/1006 774/742/1006 773/735/1006
f 1514/739/1885 1519/907/2115 1538/743/1886
f 1519/725/963 1530/723/1012 1539/744/1010
f 1530/723/1012 1534/732/1011 1540/746/1011
f 1494/747/277 1527/726/277 1531/748/277
f 1544/750/963 1543/908/963 1542/749/963
f 1534/732/1879 1533/860/1880 1518/752/1863
f 1529/753/277 1516/755/277 1517/754/277
f 1494/722/1871 1495/757/2294 1516/756/1871
f 771/727/963 1532/859/963 1536/734/963
f 769/759/1014 1503/760/1014 1513/702/1014
f 1538/762/1888 1512/764/1892 1513/761/1889
f 1539/765/1891 1522/861/1894 1512/764/1892
f 1539/765/1891 1540/767/1895 1532/766/1893
f 1540/767/1895 1498/769/1898 1536/768/1896
f 1499/770/1897 1535/862/1900 1536/768/1896
f 1499/770/1897 1502/772/2295 1537/771/1899
f 768/773/1027 774/742/1027 1537/741/1027
f 1534/775/1028 1543/908/1028 1544/750/1028
f 1534/777/1031 1497/779/1031 1542/778/1031
f 1498/780/1030 1541/751/1030 1542/749/1030
f 1540/767/1895 1544/909/1029 1541/782/1029
f 1528/730/277 1529/753/277 1546/783/277
f 1518/784/277 1547/864/277 1546/783/277
f 1518/784/277 1533/729/277 1548/785/277
f 1533/729/277 1528/730/277 1545/786/277
f 1545/787/1901 1546/788/1901 1526/719/1901
f 1547/790/1902 1525/865/2296 1526/789/1903
f 1548/792/1905 1524/857/1905 1525/718/1905
f 1548/790/1037 1545/791/1038 1523/789/1037
f 1550/795/306 776/821/306 775/794/306
f 777/798/280 1553/819/280 1552/797/280
f 1554/800/307 1557/802/307 1556/801/307
f 1559/804/305 1558/818/305 779/803/305
f 1550/806/277 1549/807/277 1552/797/277
f 1560/808/306 1562/810/306 780/809/306
f 1565/812/306 1564/910/306 1563/811/306
f 777/798/1039 779/815/1039 1558/814/1039
f 1555/816/1040 1556/911/1040 1551/799/1040
f 1549/807/277 1554/800/277 1555/817/277
f 1558/818/277 1559/804/277 1550/806/277
f 778/805/1041 780/820/1041 1562/820/1041
f 776/821/1042 1550/795/1042 1560/808/1042
f 1559/804/1907 1562/912/1907 1560/822/1907
f 1549/807/1907 1563/913/1907 1564/823/1907
f 775/794/1044 781/813/1044 1563/811/1044
f 1557/802/1045 1554/800/1045 1564/824/1045
