# Blender 5.0.1
# www.blender.org
mtllib Cube.mtl
o Cube
v 0.834198 0.892883 -0.977290
v 0.834198 0.943406 -0.943716
v 0.893468 0.833287 -0.977290
v 0.894954 0.894377 -0.963061
v 0.891871 0.935487 -0.935839
v 0.923618 0.923199 -0.923618
v 0.893468 0.977165 -0.834198
v 0.943715 0.943406 -0.834198
v 0.834198 0.977165 -0.893468
v 0.894954 0.962858 -0.894954
v 0.935839 0.935487 -0.891871
v 0.977290 0.833287 -0.893468
v 0.943715 0.833287 -0.943716
v 0.977290 0.892883 -0.834198
v 0.963061 0.894377 -0.894954
v 0.935839 0.891277 -0.935839
v 0.834198 -0.988146 -0.893468
v 0.834198 -0.954387 -0.943715
v 0.893468 -0.988146 -0.834198
v 0.894954 -0.973839 -0.894954
v 0.891871 -0.946468 -0.935839
v 0.923618 -0.934179 -0.923618
v 0.893468 -0.844268 -0.977290
v 0.943715 -0.844268 -0.943715
v 0.834198 -0.903864 -0.977290
v 0.894954 -0.905358 -0.963061
v 0.935839 -0.902258 -0.935839
v 0.977290 -0.903864 -0.834198
v 0.943715 -0.954387 -0.834198
v 0.977290 -0.844268 -0.893468
v 0.963061 -0.905358 -0.894954
v 0.935839 -0.946468 -0.891871
v 0.977290 0.892883 0.834197
v 0.943715 0.943406 0.834197
v 0.977290 0.833287 0.893468
v 0.963061 0.894377 0.894954
v 0.935839 0.935487 0.891871
v 0.923618 0.923199 0.923618
v 0.834198 0.977165 0.893468
v 0.834198 0.943406 0.943715
v 0.893468 0.977165 0.834197
v 0.894954 0.962858 0.894954
v 0.891871 0.935487 0.935839
v 0.893468 0.833287 0.977290
v 0.943715 0.833287 0.943715
v 0.834198 0.892883 0.977290
v 0.894954 0.894377 0.963061
v 0.935839 0.891277 0.935839
v 0.977290 -0.844268 0.893468
v 0.943715 -0.844268 0.943715
v 0.977290 -0.903864 0.834198
v 0.963061 -0.905357 0.894954
v 0.935839 -0.902258 0.935839
v 0.923618 -0.934179 0.923618
v 0.834198 -0.903864 0.977290
v 0.834198 -0.954387 0.943715
v 0.893468 -0.844268 0.977290
v 0.894954 -0.905357 0.963061
v 0.891871 -0.946467 0.935839
v 0.893468 -0.988145 0.834198
v 0.943715 -0.954387 0.834198
v 0.834198 -0.988145 0.893468
v 0.894954 -0.973838 0.894954
v 0.935839 -0.946467 0.891871
v -0.893468 0.833287 -0.977290
v -0.943715 0.833287 -0.943716
v -0.834198 0.892883 -0.977290
v -0.894954 0.894377 -0.963061
v -0.935839 0.891277 -0.935839
v -0.923618 0.923199 -0.923618
v -0.977290 0.892883 -0.834198
v -0.943715 0.943406 -0.834198
v -0.977290 0.833287 -0.893468
v -0.963061 0.894377 -0.894954
v -0.935839 0.935487 -0.891871
v -0.834198 0.977165 -0.893468
v -0.834198 0.943406 -0.943716
v -0.893468 0.977165 -0.834198
v -0.894954 0.962858 -0.894954
v -0.891871 0.935487 -0.935839
v -0.977290 -0.844268 -0.893468
v -0.943715 -0.844268 -0.943715
v -0.977290 -0.903864 -0.834198
v -0.963061 -0.905358 -0.894954
v -0.935839 -0.902258 -0.935839
v -0.923618 -0.934179 -0.923618
v -0.834198 -0.903864 -0.977290
v -0.834198 -0.954387 -0.943715
v -0.893468 -0.844268 -0.977290
v -0.894954 -0.905358 -0.963061
v -0.891871 -0.946468 -0.935839
v -0.893468 -0.988146 -0.834198
v -0.943715 -0.954387 -0.834198
v -0.834198 -0.988146 -0.893468
v -0.894954 -0.973839 -0.894954
v -0.935839 -0.946468 -0.891871
v -0.977290 0.833287 0.893468
v -0.943715 0.833287 0.943715
v -0.977290 0.892883 0.834197
v -0.963061 0.894377 0.894954
v -0.935839 0.891277 0.935839
v -0.923618 0.923199 0.923618
v -0.834198 0.892883 0.977290
v -0.834198 0.943406 0.943715
v -0.893468 0.833287 0.977290
v -0.894954 0.894377 0.963061
v -0.891871 0.935487 0.935839
v -0.893468 0.977165 0.834197
v -0.943715 0.943406 0.834197
v -0.834198 0.977165 0.893468
v -0.894954 0.962858 0.894954
v -0.935839 0.935487 0.891871
v -0.834198 -0.988145 0.893468
v -0.834198 -0.954387 0.943715
v -0.893468 -0.988145 0.834198
v -0.894954 -0.973838 0.894954
v -0.891871 -0.946467 0.935839
v -0.923618 -0.934179 0.923618
v -0.893468 -0.844268 0.977290
v -0.943715 -0.844268 0.943715
v -0.834198 -0.903864 0.977290
v -0.894954 -0.905357 0.963061
v -0.935839 -0.902258 0.935839
v -0.977290 -0.903864 0.834198
v -0.943715 -0.954387 0.834198
v -0.977290 -0.844268 0.893468
v -0.963061 -0.905357 0.894954
v -0.935839 -0.946467 0.891871
v -0.834198 -1.000000 -0.834198
v -0.834198 -1.000000 0.834198
v -0.989080 -0.844268 0.834198
v -0.989080 -0.844268 -0.834198
v 0.834198 -1.000000 -0.834198
v -0.834198 -0.844268 -0.989080
v 0.834198 -0.844268 -0.989080
v 0.989080 0.833287 -0.834198
v 0.989080 -0.844268 -0.834198
v 0.834198 0.833287 -0.989080
v -0.834198 -0.844268 0.989080
v -0.834198 0.833287 0.989079
v -0.989080 0.833287 0.834197
v 0.834198 0.833287 0.989079
v 0.834198 -0.844268 0.989080
v 0.989080 -0.844268 0.834198
v 0.989080 0.833287 0.834197
v -0.834198 0.833287 -0.989080
v -0.989080 0.833287 -0.834198
v 0.834198 0.989020 0.834197
v -0.834198 0.989020 0.834197
v 0.834198 0.989020 -0.834198
v 0.834198 -1.000000 0.834198
v -0.834198 0.989020 -0.834198
v 0.225742 1.000000 0.193919
v -0.218748 1.000000 0.186093
v -0.218080 1.000000 -0.188098
v 0.225038 1.000000 -0.195909
v -0.275404 1.000000 -0.078586
v -0.284725 1.000000 -0.027674
v -0.275097 1.000000 0.078489
v -0.284610 1.000000 0.027691
v -0.246569 1.000000 0.146123
v -0.246105 1.000000 -0.148124
v 0.289422 1.000000 -0.077440
v 0.298469 1.000000 -0.027250
v 0.289124 1.000000 0.077329
v 0.298357 1.000000 0.027249
v 0.261276 1.000000 0.144379
v 0.260821 1.000000 -0.146375
v -0.082286 1.000000 -0.295735
v 0.070903 1.000000 -0.295735
v 0.092189 1.000000 0.302950
v -0.085196 1.000000 0.299826
v -0.192393 0.931584 0.042343
v -0.177093 0.916200 0.042343
v -0.177093 0.931584 0.027043
v -0.187911 0.920706 0.042343
v -0.185926 0.922702 0.033510
v -0.177093 0.920706 0.031525
v -0.187911 0.931584 0.031525
v -0.192393 0.931584 -0.042344
v -0.177093 0.931584 -0.027044
v -0.177093 0.916200 -0.042344
v -0.187911 0.931584 -0.031525
v -0.185926 0.922702 -0.033510
v -0.177093 0.920706 -0.031525
v -0.187911 0.920706 -0.042344
v 0.192393 0.931584 0.042343
v 0.177093 0.931584 0.027043
v 0.177093 0.916200 0.042343
v 0.187911 0.931584 0.031525
v 0.185926 0.922702 0.033510
v 0.177093 0.920706 0.031525
v 0.187911 0.920706 0.042343
v 0.192393 0.931584 -0.042344
v 0.177093 0.916200 -0.042344
v 0.177093 0.931584 -0.027044
v 0.187911 0.920706 -0.042344
v 0.185926 0.922702 -0.033510
v 0.177093 0.920706 -0.031525
v 0.187911 0.931584 -0.031525
v -0.177093 0.931584 -0.079285
v -0.192393 0.931584 -0.063985
v -0.177093 0.916200 -0.063985
v -0.187911 0.931584 -0.074803
v -0.185926 0.922702 -0.072818
v -0.187911 0.920706 -0.063985
v -0.177093 0.920706 -0.074803
v -0.177093 0.931584 0.079284
v -0.177093 0.916200 0.063984
v -0.192393 0.931584 0.063984
v -0.177093 0.920706 0.074803
v -0.185926 0.922702 0.072818
v -0.187911 0.920706 0.063984
v -0.187911 0.931584 0.074803
v 0.177093 0.931584 -0.079285
v 0.177093 0.916200 -0.063985
v 0.192393 0.931584 -0.063985
v 0.177093 0.920706 -0.074803
v 0.185926 0.922702 -0.072818
v 0.187911 0.920706 -0.063985
v 0.187911 0.931584 -0.074803
v 0.177093 0.931584 0.079284
v 0.192393 0.931584 0.063984
v 0.177093 0.916200 0.063984
v 0.187911 0.931584 0.074803
v 0.185926 0.922702 0.072818
v 0.187911 0.920706 0.063984
v 0.177093 0.920706 0.074803
v 0.000000 0.950030 -0.465258
v 0.000000 0.965415 -0.449884
v 0.000000 0.954536 -0.454387
v 0.087768 0.965415 -0.441240
v 0.090768 0.950030 -0.456319
v 0.088646 0.954536 -0.445657
v 0.172163 0.965415 -0.415639
v 0.178047 0.950030 -0.429843
v 0.173886 0.954536 -0.419799
v 0.249942 0.965415 -0.374065
v 0.258484 0.950030 -0.386849
v 0.252444 0.954536 -0.377810
v 0.318116 0.965415 -0.318116
v 0.328988 0.950030 -0.328988
v 0.321301 0.954536 -0.321301
v 0.374065 0.965415 -0.249943
v 0.386849 0.950030 -0.258484
v 0.377810 0.954536 -0.252444
v 0.415639 0.965415 -0.172163
v 0.429843 0.950030 -0.178047
v 0.419799 0.954536 -0.173886
v 0.441239 0.965415 -0.087768
v 0.456319 0.950030 -0.090768
v 0.445656 0.954536 -0.088646
v 0.449884 0.965415 -0.000000
v 0.465258 0.950030 -0.000000
v 0.454387 0.954536 -0.000000
v 0.441240 0.965415 0.087768
v 0.456319 0.950030 0.090768
v 0.445656 0.954536 0.088646
v 0.415639 0.965415 0.172163
v 0.429843 0.950030 0.178046
v 0.419799 0.954536 0.173886
v 0.374065 0.965415 0.249942
v 0.386849 0.950030 0.258484
v 0.377810 0.954536 0.252444
v 0.318116 0.965415 0.318116
v 0.328988 0.950030 0.328987
v 0.321301 0.954536 0.321300
v 0.249942 0.965415 0.374065
v 0.258484 0.950030 0.386849
v 0.252444 0.954536 0.377809
v 0.172163 0.965415 0.415639
v 0.178046 0.950030 0.429843
v 0.173886 0.954536 0.419799
v 0.087768 0.965415 0.441240
v 0.090767 0.950030 0.456319
v 0.088646 0.954536 0.445656
v 0.000000 0.965415 0.449884
v 0.000000 0.950030 0.465258
v 0.000000 0.954536 0.454387
v -0.087768 0.965415 0.441239
v -0.090768 0.950030 0.456319
v -0.088646 0.954536 0.445656
v -0.172163 0.965415 0.415639
v -0.178047 0.950030 0.429843
v -0.173887 0.954536 0.419799
v -0.249942 0.965415 0.374065
v -0.258484 0.950030 0.386848
v -0.252444 0.954536 0.377808
v -0.318117 0.965415 0.318116
v -0.328988 0.950030 0.328987
v -0.321301 0.954536 0.321300
v -0.374065 0.965415 0.249942
v -0.386849 0.950030 0.258483
v -0.377810 0.954536 0.252444
v -0.415639 0.965415 0.172163
v -0.429843 0.950030 0.178046
v -0.419799 0.954536 0.173886
v -0.441240 0.965415 0.087768
v -0.456319 0.950030 0.090767
v -0.445656 0.954536 0.088646
v -0.449884 0.965415 -0.000000
v -0.465258 0.950030 -0.000000
v -0.454387 0.954536 -0.000000
v -0.441239 0.965415 -0.087769
v -0.456319 0.950030 -0.090768
v -0.445656 0.954536 -0.088647
v -0.415639 0.965415 -0.172164
v -0.429842 0.950030 -0.178047
v -0.419799 0.954536 -0.173887
v -0.374065 0.965415 -0.249943
v -0.386848 0.950030 -0.258484
v -0.377809 0.954536 -0.252445
v -0.318116 0.965415 -0.318117
v -0.328987 0.950030 -0.328988
v -0.321300 0.954536 -0.321301
v -0.249941 0.965415 -0.374065
v -0.258483 0.950030 -0.386849
v -0.252444 0.954536 -0.377810
v -0.172162 0.965415 -0.415639
v -0.178046 0.950030 -0.429843
v -0.173886 0.954536 -0.419799
v -0.087767 0.965415 -0.441240
v -0.090767 0.950030 -0.456319
v -0.088646 0.954536 -0.445657
v 0.000000 0.965415 -0.514402
v 0.000000 0.950030 -0.499027
v 0.000000 0.954536 -0.509898
v 0.097355 0.950030 -0.489438
v 0.100355 0.965415 -0.504518
v 0.099477 0.954536 -0.500100
v 0.190969 0.950030 -0.461041
v 0.196853 0.965415 -0.475245
v 0.195130 0.954536 -0.471085
v 0.277245 0.950030 -0.414926
v 0.285786 0.965415 -0.427709
v 0.283284 0.954536 -0.423965
v 0.352865 0.950030 -0.352865
v 0.363737 0.965415 -0.363737
v 0.360552 0.954536 -0.360552
v 0.414926 0.950030 -0.277245
v 0.427709 0.965415 -0.285786
v 0.423965 0.954536 -0.283284
v 0.461041 0.950030 -0.190970
v 0.475245 0.965415 -0.196853
v 0.471085 0.954536 -0.195130
v 0.489438 0.950030 -0.097355
v 0.504518 0.965415 -0.100355
v 0.500100 0.954536 -0.099477
v 0.499027 0.950030 -0.000000
v 0.514401 0.965415 -0.000000
v 0.509898 0.954536 -0.000000
v 0.489438 0.950030 0.097355
v 0.504518 0.965415 0.100355
v 0.500100 0.954536 0.099476
v 0.461041 0.950030 0.190969
v 0.475245 0.965415 0.196852
v 0.471085 0.954536 0.195129
v 0.414926 0.950030 0.277245
v 0.427709 0.965415 0.285785
v 0.423965 0.954536 0.283284
v 0.352865 0.950030 0.352865
v 0.363737 0.965415 0.363737
v 0.360552 0.954536 0.360552
v 0.277245 0.950030 0.414926
v 0.285786 0.965415 0.427709
v 0.283284 0.954536 0.423965
v 0.190969 0.950030 0.461040
v 0.196853 0.965415 0.475245
v 0.195130 0.954536 0.471085
v 0.097355 0.950030 0.489438
v 0.100355 0.965415 0.504517
v 0.099476 0.954536 0.500100
v 0.000000 0.950030 0.499027
v 0.000000 0.965415 0.514401
v 0.000000 0.954536 0.509898
v -0.097355 0.950030 0.489438
v -0.100355 0.965415 0.504516
v -0.099477 0.954536 0.500100
v -0.190969 0.950030 0.461040
v -0.196854 0.965415 0.475245
v -0.195130 0.954536 0.471085
v -0.277245 0.950030 0.414926
v -0.285787 0.965415 0.427709
v -0.283284 0.954536 0.423965
v -0.352866 0.950030 0.352865
v -0.363737 0.965415 0.363736
v -0.360553 0.954536 0.360552
v -0.414926 0.950030 0.277244
v -0.427710 0.965415 0.285785
v -0.423965 0.954536 0.283284
v -0.461041 0.950030 0.190968
v -0.475245 0.965415 0.196852
v -0.471085 0.954536 0.195129
v -0.489438 0.950030 0.097355
v -0.504518 0.965415 0.100354
v -0.500100 0.954536 0.099476
v -0.499027 0.950030 -0.000000
v -0.514401 0.965415 -0.000001
v -0.509898 0.954536 -0.000000
v -0.489438 0.950030 -0.097356
v -0.504517 0.965415 -0.100355
v -0.500100 0.954536 -0.099477
v -0.461041 0.950030 -0.190970
v -0.475245 0.965415 -0.196854
v -0.471085 0.954536 -0.195131
v -0.414926 0.950030 -0.277245
v -0.427709 0.965415 -0.285787
v -0.423964 0.954536 -0.283285
v -0.352865 0.950030 -0.352866
v -0.363736 0.965415 -0.363737
v -0.360552 0.954536 -0.360553
v -0.277244 0.950030 -0.414926
v -0.285786 0.965415 -0.427710
v -0.283283 0.954536 -0.423965
v -0.190969 0.950030 -0.461041
v -0.196853 0.965415 -0.475245
v -0.195129 0.954536 -0.471085
v -0.097354 0.950030 -0.489438
v -0.100354 0.965415 -0.504518
v -0.099476 0.954536 -0.500100
v -0.858955 0.869038 0.362214
v -0.874255 0.853654 0.362214
v -0.874255 0.869038 0.377514
v -0.863437 0.858160 0.362214
v -0.865422 0.860156 0.371047
v -0.874255 0.858160 0.373032
v -0.863437 0.869038 0.373032
v -0.858955 0.869038 -0.362214
v -0.874255 0.869038 -0.377514
v -0.874255 0.853654 -0.362214
v -0.863437 0.869038 -0.373033
v -0.865422 0.860156 -0.371047
v -0.874255 0.858160 -0.373033
v -0.863437 0.858160 -0.362214
v 0.858955 0.869038 0.362214
v 0.874255 0.869038 0.377514
v 0.874255 0.853654 0.362214
v 0.863437 0.869038 0.373032
v 0.865422 0.860156 0.371047
v 0.874255 0.858160 0.373032
v 0.863437 0.858160 0.362214
v 0.874255 0.853654 -0.362214
v 0.874255 0.869038 -0.377514
v 0.858955 0.869038 -0.362214
v 0.874255 0.858160 -0.373033
v 0.865422 0.860156 -0.371047
v 0.863437 0.869038 -0.373033
v 0.863437 0.858160 -0.362214
v -0.858955 -0.880018 0.362214
v -0.874255 -0.880018 0.377514
v -0.874255 -0.864634 0.362214
v -0.863437 -0.880018 0.373032
v -0.865422 -0.871136 0.371047
v -0.874255 -0.869140 0.373032
v -0.863437 -0.869140 0.362214
v -0.874255 -0.864634 -0.362214
v -0.874255 -0.880018 -0.377514
v -0.858955 -0.880018 -0.362214
v -0.874255 -0.869140 -0.373032
v -0.865422 -0.871136 -0.371047
v -0.863437 -0.880018 -0.373032
v -0.863437 -0.869140 -0.362214
v 0.874255 -0.864634 0.362214
v 0.874255 -0.880018 0.377514
v 0.858955 -0.880018 0.362214
v 0.874255 -0.869140 0.373032
v 0.865422 -0.871136 0.371047
v 0.863437 -0.880018 0.373032
v 0.863437 -0.869140 0.362214
v 0.858955 -0.880018 -0.362214
v 0.874255 -0.880018 -0.377514
v 0.874255 -0.864634 -0.362214
v 0.863437 -0.880018 -0.373032
v 0.865422 -0.871136 -0.371047
v 0.874255 -0.869140 -0.373032
v 0.863437 -0.869140 -0.362214
v -0.362214 0.853654 -0.874255
v -0.377514 0.869038 -0.874255
v -0.362214 0.869038 -0.858955
v -0.373032 0.858160 -0.874255
v -0.371047 0.860156 -0.865422
v -0.373032 0.869038 -0.863437
v -0.362214 0.858160 -0.863437
v 0.362214 0.869038 -0.858955
v 0.377514 0.869038 -0.874255
v 0.362214 0.853654 -0.874255
v 0.373032 0.869038 -0.863437
v 0.371047 0.860156 -0.865422
v 0.373032 0.858160 -0.874255
v 0.362214 0.858160 -0.863437
v -0.362214 0.869038 0.858955
v -0.377514 0.869038 0.874255
v -0.362214 0.853654 0.874255
v -0.373032 0.869038 0.863437
v -0.371047 0.860156 0.865422
v -0.373032 0.858160 0.874255
v -0.362214 0.858160 0.863437
v 0.362214 0.869038 0.858955
v 0.362214 0.853654 0.874255
v 0.377514 0.869038 0.874255
v 0.362214 0.858160 0.863437
v 0.371047 0.860156 0.865422
v 0.373032 0.858160 0.874255
v 0.373032 0.869038 0.863437
v -0.362214 -0.880018 -0.858955
v -0.377514 -0.880018 -0.874255
v -0.362214 -0.864634 -0.874255
v -0.373032 -0.880018 -0.863437
v -0.371047 -0.871136 -0.865422
v -0.373032 -0.869140 -0.874255
v -0.362214 -0.869140 -0.863437
v 0.362214 -0.864634 -0.874255
v 0.377514 -0.880018 -0.874255
v 0.362214 -0.880018 -0.858955
v 0.373032 -0.869140 -0.874255
v 0.371047 -0.871136 -0.865422
v 0.373032 -0.880018 -0.863437
v 0.362214 -0.869140 -0.863437
v -0.362214 -0.864634 0.874255
v -0.377514 -0.880018 0.874255
v -0.362214 -0.880018 0.858955
v -0.373032 -0.869140 0.874255
v -0.371047 -0.871136 0.865422
v -0.373032 -0.880018 0.863437
v -0.362214 -0.869140 0.863437
v 0.362214 -0.880018 0.858955
v 0.377514 -0.880018 0.874255
v 0.362214 -0.864634 0.874255
v 0.373032 -0.880018 0.863437
v 0.371047 -0.871136 0.865422
v 0.373032 -0.869140 0.874255
v 0.362214 -0.869140 0.863437
v -0.672044 -0.939719 -0.656157
v -0.691619 -0.924947 -0.691619
v -0.656157 -0.939719 -0.672044
v -0.675847 -0.930026 -0.675847
v -0.666915 -0.941366 -0.666915
v -0.672044 -0.939719 0.656157
v -0.656157 -0.939719 0.672044
v -0.691619 -0.924947 0.691619
v -0.666915 -0.941366 0.666915
v -0.675847 -0.930026 0.675847
v -0.929127 -0.681224 0.656157
v -0.914437 -0.700906 0.691619
v -0.929127 -0.665250 0.672044
v -0.918739 -0.688769 0.673888
v -0.920985 -0.683296 0.674105
v -0.918739 -0.683078 0.679548
v -0.930765 -0.676066 0.666915
v -0.929127 -0.681224 -0.656157
v -0.929127 -0.665250 -0.672044
v -0.914437 -0.700906 -0.691619
v -0.930765 -0.676066 -0.666915
v -0.920985 -0.683296 -0.674105
v -0.918739 -0.683078 -0.679548
v -0.918739 -0.688769 -0.673888
v 0.656157 -0.939719 -0.672044
v 0.691619 -0.924947 -0.691619
v 0.672044 -0.939719 -0.656157
v 0.675847 -0.930026 -0.675847
v 0.666915 -0.941366 -0.666915
v -0.656157 -0.681224 -0.929127
v -0.691619 -0.700906 -0.914437
v -0.672044 -0.665250 -0.929127
v -0.673888 -0.688769 -0.918739
v -0.674105 -0.683296 -0.920985
v -0.679548 -0.683078 -0.918739
v -0.666915 -0.676066 -0.930765
v 0.656157 -0.681224 -0.929127
v 0.672044 -0.665250 -0.929127
v 0.691619 -0.700906 -0.914437
v 0.666915 -0.676066 -0.930765
v 0.674105 -0.683296 -0.920985
v 0.679548 -0.683078 -0.918739
v 0.673888 -0.688769 -0.918739
v 0.929127 0.654270 -0.672044
v 0.914437 0.689926 -0.691619
v 0.929127 0.670243 -0.656157
v 0.918739 0.672098 -0.679548
v 0.920985 0.672316 -0.674105
v 0.918739 0.677789 -0.673888
v 0.930765 0.665086 -0.666915
v 0.929127 -0.665250 -0.672044
v 0.929127 -0.681224 -0.656157
v 0.914437 -0.700906 -0.691619
v 0.930765 -0.676066 -0.666915
v 0.920985 -0.683296 -0.674105
v 0.918739 -0.688769 -0.673888
v 0.918739 -0.683078 -0.679548
v 0.672044 0.654269 -0.929128
v 0.656157 0.670243 -0.929128
v 0.691619 0.689926 -0.914437
v 0.666915 0.665086 -0.930766
v 0.674105 0.672316 -0.920986
v 0.673888 0.677789 -0.918739
v 0.679548 0.672097 -0.918739
v -0.672044 -0.665250 0.929127
v -0.691619 -0.700906 0.914437
v -0.656157 -0.681224 0.929127
v -0.679548 -0.683078 0.918739
v -0.674105 -0.683296 0.920985
v -0.673888 -0.688769 0.918739
v -0.666915 -0.676066 0.930765
v -0.672044 0.654270 0.929127
v -0.656157 0.670244 0.929127
v -0.691619 0.689926 0.914437
v -0.666915 0.665086 0.930765
v -0.674105 0.672316 0.920985
v -0.673888 0.677789 0.918739
v -0.679548 0.672097 0.918739
v -0.929127 0.654270 0.672044
v -0.914437 0.689926 0.691619
v -0.929127 0.670243 0.656157
v -0.918739 0.672098 0.679548
v -0.920985 0.672316 0.674105
v -0.918739 0.677789 0.673887
v -0.930765 0.665086 0.666914
v 0.672044 0.654270 0.929127
v 0.691619 0.689926 0.914437
v 0.656157 0.670244 0.929127
v 0.679548 0.672098 0.918739
v 0.674105 0.672316 0.920985
v 0.673888 0.677789 0.918739
v 0.666915 0.665086 0.930765
v 0.672044 -0.665250 0.929127
v 0.656157 -0.681224 0.929127
v 0.691619 -0.700906 0.914437
v 0.666915 -0.676066 0.930765
v 0.674105 -0.683296 0.920985
v 0.673888 -0.688769 0.918739
v 0.679548 -0.683078 0.918739
v 0.929127 -0.665250 0.672044
v 0.914437 -0.700906 0.691619
v 0.929127 -0.681224 0.656157
v 0.918739 -0.683078 0.679548
v 0.920985 -0.683296 0.674105
v 0.918739 -0.688769 0.673888
v 0.930765 -0.676066 0.666915
v 0.929127 0.654270 0.672044
v 0.929127 0.670243 0.656157
v 0.914437 0.689926 0.691619
v 0.930765 0.665086 0.666914
v 0.920985 0.672316 0.674105
v 0.918739 0.677789 0.673887
v 0.918739 0.672097 0.679548
v -0.672044 0.654269 -0.929128
v -0.691619 0.689926 -0.914437
v -0.656157 0.670243 -0.929128
v -0.679548 0.672098 -0.918739
v -0.674105 0.672316 -0.920986
v -0.673888 0.677789 -0.918739
v -0.666915 0.665086 -0.930766
v -0.929127 0.654270 -0.672044
v -0.929127 0.670243 -0.656157
v -0.914437 0.689926 -0.691619
v -0.930765 0.665086 -0.666915
v -0.920985 0.672316 -0.674105
v -0.918739 0.677789 -0.673888
v -0.918739 0.672097 -0.679548
v 0.656157 0.928738 0.672044
v 0.691619 0.913967 0.691619
v 0.672044 0.928738 0.656157
v 0.675847 0.919046 0.675847
v 0.666915 0.930384 0.666914
v -0.656157 0.928738 0.672044
v -0.672044 0.928738 0.656157
v -0.691619 0.913967 0.691619
v -0.666915 0.930384 0.666914
v -0.675847 0.919046 0.675847
v 0.672044 0.928738 -0.656157
v 0.691619 0.913967 -0.691619
v 0.656157 0.928738 -0.672044
v 0.675847 0.919046 -0.675847
v 0.666915 0.930384 -0.666915
v 0.656157 -0.939719 0.672044
v 0.672044 -0.939719 0.656157
v 0.691619 -0.924947 0.691619
v 0.666915 -0.941366 0.666915
v 0.675847 -0.930026 0.675847
v -0.672044 0.928738 -0.656157
v -0.656157 0.928738 -0.672044
v -0.691619 0.913967 -0.691619
v -0.666915 0.930384 -0.666915
v -0.675847 0.919046 -0.675847
v -0.758925 -0.988147 -0.740780
v -0.783979 -1.000000 -0.783979
v -0.740780 -0.988147 -0.758925
v -0.765256 -0.995833 -0.765256
v -0.751438 -0.985508 -0.751438
v -0.758925 -0.988147 0.740780
v -0.740780 -0.988147 0.758925
v -0.783979 -1.000000 0.783979
v -0.751438 -0.985508 0.751438
v -0.765256 -0.995833 0.765256
v -0.977292 -0.768582 0.740780
v -0.989080 -0.793773 0.783979
v -0.977292 -0.750337 0.758925
v -0.984935 -0.774947 0.765256
v -0.974667 -0.761054 0.751438
v -0.977292 -0.768582 -0.740780
v -0.977292 -0.750337 -0.758925
v -0.989080 -0.793774 -0.783979
v -0.974667 -0.761054 -0.751438
v -0.984935 -0.774947 -0.765256
v 0.740780 -0.988147 -0.758925
v 0.783979 -1.000000 -0.783979
v 0.758925 -0.988147 -0.740780
v 0.765256 -0.995833 -0.765256
v 0.751438 -0.985508 -0.751438
v -0.740780 -0.768582 -0.977292
v -0.783979 -0.793774 -0.989080
v -0.758925 -0.750337 -0.977292
v -0.765256 -0.774947 -0.984935
v -0.751438 -0.761054 -0.974667
v 0.740780 -0.768582 -0.977292
v 0.758925 -0.750337 -0.977292
v 0.783979 -0.793774 -0.989080
v 0.751438 -0.761054 -0.974667
v 0.765256 -0.774947 -0.984935
v 0.977292 0.739357 -0.758925
v 0.989080 0.782793 -0.783979
v 0.977292 0.757601 -0.740780
v 0.984935 0.763967 -0.765256
v 0.974667 0.750074 -0.751438
v 0.977292 -0.750337 -0.758925
v 0.977292 -0.768582 -0.740780
v 0.989080 -0.793774 -0.783979
v 0.974667 -0.761054 -0.751438
v 0.984935 -0.774947 -0.765256
v 0.758925 0.739357 -0.977292
v 0.740780 0.757601 -0.977292
v 0.783979 0.782793 -0.989080
v 0.751438 0.750074 -0.974667
v 0.765256 0.763967 -0.984935
v -0.758925 -0.750337 0.977292
v -0.783979 -0.793773 0.989080
v -0.740780 -0.768582 0.977292
v -0.765256 -0.774947 0.984935
v -0.751438 -0.761054 0.974667
v -0.758925 0.739357 0.977292
v -0.740780 0.757601 0.977292
v -0.783979 0.782793 0.989079
v -0.751438 0.750074 0.974667
v -0.765256 0.763967 0.984935
v -0.977292 0.739357 0.758925
v -0.989080 0.782793 0.783979
v -0.977292 0.757601 0.740780
v -0.984935 0.763967 0.765256
v -0.974667 0.750074 0.751438
v 0.758925 0.739357 0.977292
v 0.783979 0.782793 0.989079
v 0.740780 0.757601 0.977292
v 0.765256 0.763967 0.984935
v 0.751438 0.750074 0.974667
v 0.758925 -0.750337 0.977292
v 0.740780 -0.768582 0.977292
v 0.783979 -0.793773 0.989080
v 0.751438 -0.761054 0.974667
v 0.765256 -0.774947 0.984935
v 0.977292 -0.750337 0.758925
v 0.989080 -0.793773 0.783979
v 0.977292 -0.768582 0.740780
v 0.984935 -0.774947 0.765256
v 0.974667 -0.761054 0.751438
v 0.977292 0.739357 0.758925
v 0.977292 0.757601 0.740780
v 0.989080 0.782793 0.783979
v 0.974667 0.750074 0.751438
v 0.984935 0.763967 0.765256
v -0.758925 0.739357 -0.977292
v -0.783979 0.782793 -0.989080
v -0.740780 0.757601 -0.977292
v -0.765256 0.763967 -0.984935
v -0.751438 0.750074 -0.974667
v -0.977292 0.739357 -0.758925
v -0.977292 0.757601 -0.740780
v -0.989080 0.782793 -0.783979
v -0.974667 0.750074 -0.751438
v -0.984935 0.763967 -0.765256
v 0.740780 0.977167 0.758924
v 0.783979 0.989020 0.783979
v 0.758925 0.977166 0.740780
v 0.765256 0.984853 0.765256
v 0.751438 0.974528 0.751438
v -0.740780 0.977166 0.758924
v -0.758925 0.977167 0.740780
v -0.783979 0.989020 0.783979
v -0.751438 0.974528 0.751438
v -0.765256 0.984853 0.765256
v 0.758925 0.977167 -0.740780
v 0.783979 0.989020 -0.783979
v 0.740780 0.977166 -0.758925
v 0.765256 0.984853 -0.765256
v 0.751438 0.974528 -0.751438
v 0.740780 -0.988147 0.758925
v 0.758925 -0.988147 0.740780
v 0.783979 -1.000000 0.783979
v 0.751438 -0.985508 0.751438
v 0.765256 -0.995833 0.765256
v -0.758925 0.977166 -0.740780
v -0.740780 0.977167 -0.758925
v -0.783979 0.989020 -0.783979
v -0.751438 0.974528 -0.751438
v -0.765256 0.984853 -0.765256
v -0.716672 -0.936800 -0.698528
v -0.698528 -0.936800 -0.716672
v -0.709187 -0.934162 -0.709187
v -0.703942 -0.929409 -0.703942
v -0.695074 -0.928419 -0.705295
v -0.705295 -0.928419 -0.695074
v -0.698528 -0.936800 0.716672
v -0.716672 -0.936800 0.698528
v -0.695074 -0.928419 0.705295
v -0.703942 -0.929409 0.703942
v -0.709187 -0.934161 0.709187
v -0.705295 -0.928419 0.695074
v -0.926225 -0.726097 0.698528
v -0.926225 -0.707853 0.716672
v -0.923600 -0.718571 0.709187
v -0.918874 -0.713297 0.703942
v -0.917890 -0.704380 0.705295
v -0.917890 -0.714657 0.695074
v -0.926225 -0.707853 -0.716672
v -0.926225 -0.726097 -0.698528
v -0.917890 -0.704380 -0.705295
v -0.918874 -0.713297 -0.703942
v -0.923600 -0.718571 -0.709187
v -0.917890 -0.714657 -0.695074
v 0.698528 -0.936800 -0.716672
v 0.716672 -0.936800 -0.698528
v 0.709187 -0.934162 -0.709187
v 0.703942 -0.929409 -0.703942
v 0.705295 -0.928419 -0.695074
v 0.695074 -0.928419 -0.705295
v -0.698528 -0.726097 -0.926225
v -0.716672 -0.707853 -0.926225
v -0.709187 -0.718571 -0.923600
v -0.703942 -0.713297 -0.918874
v -0.705295 -0.704380 -0.917890
v -0.695074 -0.714657 -0.917890
v 0.716672 -0.707853 -0.926225
v 0.698528 -0.726097 -0.926225
v 0.705295 -0.704380 -0.917890
v 0.703942 -0.713297 -0.918874
v 0.709187 -0.718571 -0.923600
v 0.695074 -0.714657 -0.917890
v 0.926225 0.696872 -0.716672
v 0.926225 0.715117 -0.698528
v 0.923600 0.707589 -0.709187
v 0.918874 0.702316 -0.703942
v 0.917890 0.703677 -0.695074
v 0.917890 0.693400 -0.705295
v 0.926225 -0.726097 -0.698528
v 0.926225 -0.707853 -0.716672
v 0.917890 -0.714657 -0.695074
v 0.918874 -0.713297 -0.703942
v 0.923600 -0.718571 -0.709187
v 0.917890 -0.704380 -0.705295
v 0.698528 0.715117 -0.926225
v 0.716672 0.696872 -0.926225
v 0.695074 0.703677 -0.917890
v 0.703942 0.702317 -0.918874
v 0.709187 0.707589 -0.923601
v 0.705295 0.693399 -0.917890
v -0.716672 -0.707853 0.926225
v -0.698528 -0.726097 0.926225
v -0.709187 -0.718571 0.923600
v -0.703942 -0.713297 0.918874
v -0.695074 -0.714657 0.917890
v -0.705295 -0.704380 0.917890
v -0.698528 0.715117 0.926224
v -0.716672 0.696873 0.926224
v -0.695074 0.703677 0.917889
v -0.703942 0.702317 0.918874
v -0.709187 0.707589 0.923600
v -0.705295 0.693400 0.917889
v -0.926225 0.696872 0.716672
v -0.926225 0.715117 0.698527
v -0.923600 0.707589 0.709187
v -0.918874 0.702316 0.703942
v -0.917890 0.703677 0.695074
v -0.917890 0.693400 0.705295
v 0.716672 0.696873 0.926224
v 0.698528 0.715117 0.926224
v 0.709187 0.707589 0.923600
v 0.703942 0.702317 0.918874
v 0.695074 0.703677 0.917889
v 0.705295 0.693400 0.917889
v 0.698528 -0.726097 0.926225
v 0.716672 -0.707853 0.926225
v 0.695074 -0.714657 0.917890
v 0.703942 -0.713297 0.918874
v 0.709187 -0.718571 0.923600
v 0.705295 -0.704380 0.917890
v 0.926225 -0.707853 0.716672
v 0.926225 -0.726097 0.698528
v 0.923600 -0.718571 0.709187
v 0.918874 -0.713297 0.703942
v 0.917890 -0.714657 0.695074
v 0.917890 -0.704380 0.705295
v 0.926225 0.715117 0.698527
v 0.926225 0.696872 0.716672
v 0.917890 0.703677 0.695074
v 0.918874 0.702317 0.703942
v 0.923600 0.707589 0.709187
v 0.917890 0.693400 0.705295
v -0.716672 0.696872 -0.926225
v -0.698528 0.715117 -0.926225
v -0.709187 0.707589 -0.923601
v -0.703942 0.702316 -0.918874
v -0.695074 0.703677 -0.917890
v -0.705295 0.693399 -0.917890
v -0.926225 0.715117 -0.698528
v -0.926225 0.696872 -0.716672
v -0.917890 0.703677 -0.695074
v -0.918874 0.702317 -0.703942
v -0.923600 0.707589 -0.709187
v -0.917890 0.693400 -0.705295
v 0.698528 0.925820 0.716672
v 0.716672 0.925820 0.698527
v 0.709187 0.923181 0.709187
v 0.703942 0.918428 0.703942
v 0.705295 0.917439 0.695074
v 0.695074 0.917439 0.705295
v -0.716672 0.925820 0.698527
v -0.698528 0.925820 0.716672
v -0.705295 0.917439 0.695074
v -0.703942 0.918428 0.703942
v -0.709187 0.923181 0.709187
v -0.695074 0.917439 0.705295
v 0.716672 0.925820 -0.698528
v 0.698528 0.925820 -0.716672
v 0.709187 0.923181 -0.709187
v 0.703942 0.918428 -0.703942
v 0.695074 0.917439 -0.705295
v 0.705295 0.917439 -0.695074
v 0.716672 -0.936800 0.698528
v 0.698528 -0.936800 0.716672
v 0.705295 -0.928419 0.695074
v 0.703942 -0.929409 0.703942
v 0.709187 -0.934161 0.709187
v 0.695074 -0.928419 0.705295
v -0.698528 0.925820 -0.716672
v -0.716672 0.925820 -0.698528
v -0.695074 0.917439 -0.705295
v -0.703942 0.918428 -0.703942
v -0.709187 0.923181 -0.709187
v -0.705295 0.917439 -0.695074
v 0.655695 0.985229 0.639810
v 0.636121 1.000000 0.636120
v 0.639810 0.985229 0.655695
v 0.648313 0.995674 0.637080
v 0.646637 0.993758 0.646637
v 0.637080 0.995674 0.648313
v 0.650921 0.985229 0.650921
v 0.655695 0.985229 -0.639810
v 0.639810 0.985229 -0.655696
v 0.636121 1.000000 -0.636121
v 0.650921 0.985229 -0.650921
v 0.646637 0.993758 -0.646638
v 0.637080 0.995674 -0.648313
v 0.648313 0.995674 -0.637080
v -0.639810 0.985229 -0.655696
v -0.655695 0.985229 -0.639810
v -0.636121 1.000000 -0.636121
v -0.650921 0.985229 -0.650921
v -0.646637 0.993758 -0.646638
v -0.648313 0.995674 -0.637080
v -0.637080 0.995674 -0.648313
v -0.655695 0.985229 0.639810
v -0.639810 0.985229 0.655695
v -0.636121 1.000000 0.636120
v -0.650921 0.985229 0.650921
v -0.646637 0.993758 0.646637
v -0.637080 0.995674 0.648313
v -0.648313 0.995674 0.637080
v -0.639810 -0.985116 -0.655695
v -0.636121 -0.999888 -0.636121
v -0.655695 -0.985116 -0.639810
v -0.637080 -0.995562 -0.648313
v -0.646637 -0.993644 -0.646637
v -0.648313 -0.995562 -0.637080
v -0.650921 -0.985116 -0.650921
v 0.639810 -0.985116 -0.655695
v 0.655695 -0.985116 -0.639810
v 0.636121 -0.999888 -0.636121
v 0.650921 -0.985116 -0.650921
v 0.646637 -0.993644 -0.646637
v 0.648313 -0.995562 -0.637080
v 0.637080 -0.995562 -0.648313
v 0.655695 -0.985116 0.639810
v 0.639810 -0.985116 0.655695
v 0.636121 -0.999888 0.636121
v 0.650921 -0.985116 0.650921
v 0.646637 -0.993644 0.646637
v 0.637080 -0.995561 0.648313
v 0.648313 -0.995561 0.637080
v -0.639810 -0.985116 0.655695
v -0.655695 -0.985116 0.639810
v -0.636121 -0.999888 0.636121
v -0.650921 -0.985116 0.650921
v -0.646637 -0.993644 0.646637
v -0.648313 -0.995561 0.637080
v -0.637080 -0.995561 0.648313
v -0.655695 -0.648813 -0.985309
v -0.636121 -0.645103 -1.000000
v -0.639810 -0.664786 -0.985309
v -0.648313 -0.646068 -0.995697
v -0.646637 -0.655678 -0.993791
v -0.637080 -0.657363 -0.995697
v -0.650921 -0.659985 -0.985309
v -0.655695 0.637832 -0.985309
v -0.639810 0.653805 -0.985309
v -0.636121 0.634123 -1.000000
v -0.650921 0.649005 -0.985309
v -0.646637 0.644697 -0.993792
v -0.637080 0.646382 -0.995698
v -0.648313 0.635087 -0.995698
v 0.639810 0.653805 -0.985309
v 0.655695 0.637832 -0.985309
v 0.636121 0.634123 -1.000000
v 0.650921 0.649005 -0.985309
v 0.646637 0.644697 -0.993792
v 0.648313 0.635087 -0.995698
v 0.637080 0.646382 -0.995698
v 0.655695 -0.648813 -0.985309
v 0.639810 -0.664786 -0.985309
v 0.636121 -0.645103 -1.000000
v 0.650921 -0.659985 -0.985309
v 0.646637 -0.655678 -0.993791
v 0.637080 -0.657363 -0.995697
v 0.648313 -0.646068 -0.995697
v -0.985309 -0.648813 0.655695
v -1.000000 -0.645103 0.636121
v -0.985309 -0.664786 0.639810
v -0.995697 -0.646068 0.648313
v -0.993791 -0.655678 0.646637
v -0.995697 -0.657362 0.637080
v -0.985309 -0.659985 0.650921
v -0.985309 0.637832 0.655695
v -0.985309 0.653805 0.639810
v -1.000000 0.634123 0.636120
v -0.985309 0.649005 0.650921
v -0.993791 0.644697 0.646637
v -0.995697 0.646382 0.637080
v -0.995697 0.635087 0.648313
v -0.985309 0.653805 -0.639810
v -0.985309 0.637832 -0.655696
v -1.000000 0.634123 -0.636121
v -0.985309 0.649005 -0.650921
v -0.993791 0.644697 -0.646638
v -0.995697 0.635087 -0.648313
v -0.995697 0.646382 -0.637080
v -0.985309 -0.648813 -0.655695
v -0.985309 -0.664786 -0.639810
v -1.000000 -0.645103 -0.636121
v -0.985309 -0.659985 -0.650921
v -0.993791 -0.655678 -0.646637
v -0.995697 -0.657363 -0.637080
v -0.995697 -0.646068 -0.648313
v -0.639810 -0.664786 0.985309
v -0.636121 -0.645103 1.000000
v -0.655695 -0.648813 0.985309
v -0.637080 -0.657362 0.995697
v -0.646637 -0.655678 0.993791
v -0.648313 -0.646068 0.995697
v -0.650921 -0.659985 0.985309
v 0.639810 -0.664786 0.985309
v 0.655695 -0.648813 0.985309
v 0.636121 -0.645103 1.000000
v 0.650921 -0.659985 0.985309
v 0.646637 -0.655678 0.993791
v 0.648313 -0.646068 0.995697
v 0.637080 -0.657362 0.995697
v 0.655695 0.637832 0.985309
v 0.639810 0.653805 0.985309
v 0.636121 0.634123 1.000000
v 0.650921 0.649005 0.985309
v 0.646637 0.644698 0.993791
v 0.637080 0.646382 0.995697
v 0.648313 0.635088 0.995697
v -0.639810 0.653805 0.985309
v -0.655695 0.637832 0.985309
v -0.636121 0.634123 1.000000
v -0.650921 0.649005 0.985309
v -0.646637 0.644698 0.993791
v -0.648313 0.635088 0.995697
v -0.637080 0.646382 0.995697
v 0.985309 0.653805 -0.639810
v 1.000000 0.634123 -0.636121
v 0.985309 0.637832 -0.655696
v 0.995697 0.646382 -0.637080
v 0.993791 0.644697 -0.646638
v 0.995697 0.635087 -0.648313
v 0.985309 0.649005 -0.650921
v 0.985309 0.653805 0.639810
v 0.985309 0.637832 0.655695
v 1.000000 0.634123 0.636120
v 0.985309 0.649005 0.650921
v 0.993791 0.644697 0.646637
v 0.995697 0.635087 0.648313
v 0.995697 0.646382 0.637080
v 0.985309 -0.648813 0.655695
v 0.985309 -0.664786 0.639810
v 1.000000 -0.645103 0.636121
v 0.985309 -0.659985 0.650921
v 0.993791 -0.655678 0.646637
v 0.995697 -0.657362 0.637080
v 0.995697 -0.646068 0.648313
v 0.985309 -0.664786 -0.639810
v 0.985309 -0.648813 -0.655695
v 1.000000 -0.645103 -0.636121
v 0.985309 -0.659985 -0.650921
v 0.993791 -0.655678 -0.646637
v 0.995697 -0.646068 -0.648313
v 0.995697 -0.657363 -0.637080
v 0.392814 -0.998050 -0.843949
v 0.362214 -0.979664 -0.858955
v 0.377514 -0.976303 -0.874255
v 0.377514 -0.991421 -0.854560
v 0.377514 -0.988313 -0.859146
v 0.373032 -0.977984 -0.863437
v 0.381995 -0.990301 -0.859721
v -0.392814 0.977165 -0.893468
v -0.377514 0.962673 -0.887498
v -0.381995 0.972920 -0.891720
v -0.362214 0.968684 -0.858955
v -0.377514 0.965322 -0.874255
v -0.392814 0.987069 -0.843949
v -0.373032 0.967003 -0.863437
v -0.377514 0.977332 -0.859146
v -0.381995 0.979320 -0.859721
v -0.377514 0.980441 -0.854560
v -0.392814 0.892883 -0.977290
v -0.377514 0.886880 -0.962877
v -0.381995 0.891125 -0.973068
v -0.362214 0.853654 -0.969750
v -0.392814 0.838565 -0.988035
v -0.377514 0.869038 -0.966407
v -0.377514 0.849234 -0.981444
v -0.377514 0.853845 -0.978352
v -0.381995 0.854424 -0.980329
v -0.373032 0.858160 -0.968078
v -0.392814 0.943406 -0.943716
v -0.377514 0.932316 -0.932685
v -0.381995 0.940158 -0.940485
v -0.362214 -0.979664 -0.858955
v -0.392814 -0.998050 -0.843949
v -0.377514 -0.976303 -0.874255
v -0.377514 -0.991421 -0.854560
v -0.377514 -0.988313 -0.859146
v -0.381995 -0.990301 -0.859721
v -0.373032 -0.977984 -0.863437
v -0.392814 -0.988146 -0.893468
v -0.377514 -0.973653 -0.887498
v -0.381995 -0.983901 -0.891720
v 0.392814 -0.988146 -0.893468
v 0.377514 -0.973653 -0.887498
v 0.381995 -0.983901 -0.891720
v 0.392814 0.892883 -0.977290
v 0.377514 0.886880 -0.962877
v 0.381995 0.891125 -0.973068
v 0.362214 0.853654 -0.969750
v 0.377514 0.869038 -0.966407
v 0.392814 0.838565 -0.988035
v 0.373032 0.858160 -0.968078
v 0.377514 0.853845 -0.978352
v 0.381995 0.854424 -0.980329
v 0.377514 0.849234 -0.981444
v 0.362214 0.968684 -0.858955
v 0.392814 0.987069 -0.843949
v 0.377514 0.965322 -0.874255
v 0.377514 0.980441 -0.854560
v 0.377514 0.977332 -0.859146
v 0.381995 0.979320 -0.859721
v 0.373032 0.967003 -0.863437
v 0.392814 0.977165 -0.893468
v 0.377514 0.962673 -0.887498
v 0.381995 0.972920 -0.891720
v 0.392814 0.943406 -0.943716
v 0.377514 0.932316 -0.932685
v 0.381995 0.940158 -0.940485
v -0.362214 0.853654 0.969750
v -0.377514 0.869038 0.966407
v -0.392814 0.838565 0.988035
v -0.373032 0.858160 0.968078
v -0.377514 0.853845 0.978352
v -0.381995 0.854424 0.980329
v -0.377514 0.849234 0.981444
v -0.392814 0.892883 0.977290
v -0.377514 0.886881 0.962877
v -0.381995 0.891125 0.973068
v -0.392814 0.943406 0.943715
v -0.377514 0.932316 0.932685
v -0.381995 0.940158 0.940485
v -0.392814 0.977165 0.893468
v -0.377514 0.962673 0.887498
v -0.381995 0.972921 0.891719
v 0.377514 -0.943296 -0.932685
v 0.392814 -0.954387 -0.943715
v 0.381995 -0.951139 -0.940485
v -0.362214 0.968684 0.858955
v -0.392814 0.987069 0.843949
v -0.377514 0.965322 0.874255
v -0.377514 0.980441 0.854560
v -0.377514 0.977332 0.859146
v -0.381995 0.979320 0.859721
v -0.373032 0.967003 0.863437
v -0.392814 -0.954387 -0.943715
v -0.377514 -0.943296 -0.932685
v -0.381995 -0.951139 -0.940485
v 0.392814 0.892883 0.977290
v 0.377514 0.886881 0.962877
v 0.381995 0.891125 0.973068
v 0.362214 0.853654 0.969750
v 0.392814 0.838565 0.988035
v 0.377514 0.869038 0.966407
v 0.377514 0.849234 0.981444
v 0.377514 0.853845 0.978352
v 0.381995 0.854424 0.980329
v 0.373032 0.858160 0.968078
v 0.392814 0.943406 0.943715
v 0.377514 0.932316 0.932685
v 0.381995 0.940158 0.940485
v 0.392814 0.977165 0.893468
v 0.377514 0.962673 0.887498
v 0.381995 0.972921 0.891719
v 0.392814 0.987069 0.843949
v 0.362214 0.968684 0.858955
v 0.377514 0.965322 0.874255
v 0.377514 0.980441 0.854560
v 0.377514 0.977332 0.859146
v 0.373032 0.967003 0.863437
v 0.381995 0.979320 0.859721
v 0.392814 -0.903864 -0.977290
v 0.377514 -0.897861 -0.962877
v 0.381995 -0.902106 -0.973068
v -0.392814 -0.903864 -0.977290
v -0.377514 -0.897861 -0.962877
v -0.381995 -0.902106 -0.973068
v 0.362214 -0.864634 -0.969750
v 0.392814 -0.849546 -0.988035
v 0.377514 -0.880018 -0.966407
v 0.377514 -0.860215 -0.981444
v 0.377514 -0.864825 -0.978352
v 0.381995 -0.865403 -0.980329
v 0.373032 -0.869141 -0.968078
v -0.362214 -0.864634 -0.969750
v -0.377514 -0.880018 -0.966407
v -0.392814 -0.849546 -0.988035
v -0.373032 -0.869141 -0.968078
v -0.377514 -0.864825 -0.978352
v -0.381995 -0.865403 -0.980329
v -0.377514 -0.860215 -0.981444
v -0.392814 -0.954387 0.943715
v -0.377514 -0.943296 0.932685
v -0.381995 -0.951139 0.940485
v -0.392814 -0.903864 0.977290
v -0.377514 -0.897861 0.962877
v -0.381995 -0.902105 0.973068
v -0.362214 -0.864634 0.969750
v -0.392814 -0.849545 0.988035
v -0.377514 -0.880018 0.966407
v -0.377514 -0.860215 0.981444
v -0.377514 -0.864825 0.978352
v -0.381995 -0.865403 0.980329
v -0.373032 -0.869140 0.968078
v -0.392814 -0.988145 0.893468
v -0.377514 -0.973653 0.887498
v -0.381995 -0.983901 0.891720
v -0.362214 -0.979664 0.858955
v -0.377514 -0.976303 0.874255
v -0.392814 -0.998050 0.843949
v -0.373032 -0.977983 0.863437
v -0.377514 -0.988312 0.859146
v -0.381995 -0.990300 0.859721
v -0.377514 -0.991421 0.854560
v 0.362214 -0.864634 0.969750
v 0.377514 -0.880018 0.966407
v 0.392814 -0.849545 0.988035
v 0.373032 -0.869140 0.968078
v 0.377514 -0.864825 0.978352
v 0.381995 -0.865403 0.980329
v 0.377514 -0.860215 0.981444
v 0.392814 -0.903864 0.977290
v 0.377514 -0.897861 0.962877
v 0.381995 -0.902105 0.973068
v 0.392814 -0.954387 0.943715
v 0.377514 -0.943296 0.932685
v 0.381995 -0.951139 0.940485
v 0.392814 -0.988145 0.893468
v 0.377514 -0.973653 0.887498
v 0.381995 -0.983901 0.891720
v 0.362214 -0.979664 0.858955
v 0.392814 -0.998050 0.843949
v 0.377514 -0.976303 0.874255
v 0.377514 -0.991421 0.854560
v 0.377514 -0.988312 0.859146
v 0.381995 -0.990300 0.859721
v 0.373032 -0.977983 0.863437
v -0.843949 -0.998050 -0.392814
v -0.858955 -0.979664 -0.362214
v -0.874255 -0.976303 -0.377514
v -0.854560 -0.991421 -0.377514
v -0.859146 -0.988313 -0.377514
v -0.863437 -0.977984 -0.373032
v -0.859721 -0.990301 -0.381995
v -0.969750 0.853654 0.362214
v -0.988035 0.838565 0.392814
v -0.966407 0.869038 0.377514
v -0.981444 0.849234 0.377514
v -0.978352 0.853845 0.377514
v -0.980329 0.854424 0.381995
v -0.968078 0.858160 0.373032
v -0.977290 0.892883 0.392814
v -0.962877 0.886881 0.377514
v -0.973068 0.891125 0.381995
v -0.943715 0.943406 0.392814
v -0.932685 0.932316 0.377514
v -0.940485 0.940158 0.381995
v -0.893468 0.977165 0.392814
v -0.887498 0.962673 0.377514
v -0.891720 0.972921 0.381995
v -0.843949 0.987069 0.392814
v -0.858955 0.968684 0.362214
v -0.874255 0.965322 0.377514
v -0.854560 0.980441 0.377514
v -0.859146 0.977332 0.377514
v -0.863437 0.967003 0.373032
v -0.859721 0.979320 0.381995
v -0.858955 -0.979664 0.362214
v -0.843949 -0.998050 0.392814
v -0.874255 -0.976303 0.377514
v -0.854560 -0.991421 0.377514
v -0.859146 -0.988312 0.377514
v -0.859721 -0.990301 0.381995
v -0.863437 -0.977984 0.373032
v -0.893468 -0.988145 0.392814
v -0.887498 -0.973653 0.377514
v -0.891720 -0.983901 0.381995
v -0.893468 -0.988145 -0.392814
v -0.887498 -0.973653 -0.377514
v -0.891720 -0.983901 -0.381995
v -0.969750 0.853654 -0.362214
v -0.966407 0.869038 -0.377514
v -0.988035 0.838565 -0.392814
v -0.968078 0.858160 -0.373033
v -0.978352 0.853845 -0.377514
v -0.980329 0.854424 -0.381996
v -0.981444 0.849234 -0.377514
v -0.977290 0.892883 -0.392814
v -0.962877 0.886881 -0.377514
v -0.973068 0.891125 -0.381996
v -0.943715 -0.954387 0.392814
v -0.932685 -0.943296 0.377514
v -0.940485 -0.951139 0.381995
v -0.943715 0.943406 -0.392814
v -0.932685 0.932316 -0.377514
v -0.940485 0.940158 -0.381996
v -0.893468 0.977165 -0.392814
v -0.887498 0.962673 -0.377514
v -0.891720 0.972921 -0.381996
v -0.858955 0.968684 -0.362214
v -0.843949 0.987069 -0.392814
v -0.874255 0.965322 -0.377514
v -0.854560 0.980441 -0.377514
v -0.859146 0.977332 -0.377514
v -0.859721 0.979320 -0.381996
v -0.863437 0.967003 -0.373033
v -0.932685 -0.943296 -0.377514
v -0.943715 -0.954387 -0.392814
v -0.940485 -0.951139 -0.381995
v -0.977290 -0.903864 -0.392814
v -0.962877 -0.897861 -0.377514
v -0.973068 -0.902105 -0.381995
v -0.977290 -0.903864 0.392814
v -0.962877 -0.897861 0.377514
v -0.973068 -0.902105 0.381995
v -0.969750 -0.864634 -0.362214
v -0.988035 -0.849546 -0.392814
v -0.966407 -0.880018 -0.377514
v -0.981444 -0.860215 -0.377514
v -0.978352 -0.864825 -0.377514
v -0.980329 -0.865403 -0.381995
v -0.968078 -0.869140 -0.373032
v 0.893468 0.977165 0.392814
v 0.887498 0.962673 0.377514
v 0.891720 0.972921 0.381995
v 0.858955 0.968684 0.362214
v 0.843949 0.987069 0.392814
v 0.874255 0.965322 0.377514
v 0.854560 0.980441 0.377514
v 0.859146 0.977332 0.377514
v 0.859721 0.979320 0.381995
v 0.863437 0.967003 0.373032
v 0.969750 0.853654 0.362214
v 0.966407 0.869038 0.377514
v 0.988035 0.838565 0.392814
v 0.968078 0.858160 0.373032
v 0.978352 0.853845 0.377514
v 0.980329 0.854424 0.381995
v 0.981444 0.849234 0.377514
v 0.977290 0.892883 0.392814
v 0.962877 0.886881 0.377514
v 0.973068 0.891125 0.381995
v 0.943715 0.943406 0.392814
v 0.932685 0.932316 0.377514
v 0.940485 0.940158 0.381995
v -0.969750 -0.864634 0.362214
v -0.966407 -0.880018 0.377514
v -0.988035 -0.849546 0.392814
v -0.968078 -0.869140 0.373032
v -0.978352 -0.864825 0.377514
v -0.980329 -0.865403 0.381995
v -0.981444 -0.860215 0.377514
v 0.858955 0.968684 -0.362214
v 0.874255 0.965322 -0.377514
v 0.843949 0.987069 -0.392814
v 0.863437 0.967003 -0.373033
v 0.859146 0.977332 -0.377514
v 0.859721 0.979320 -0.381996
v 0.854560 0.980441 -0.377514
v 0.977290 0.892883 -0.392814
v 0.962877 0.886881 -0.377514
v 0.973068 0.891125 -0.381996
v 0.969750 0.853654 -0.362214
v 0.988035 0.838565 -0.392814
v 0.966407 0.869038 -0.377514
v 0.981444 0.849234 -0.377514
v 0.978352 0.853845 -0.377514
v 0.980329 0.854424 -0.381996
v 0.968078 0.858160 -0.373033
v 0.893468 0.977165 -0.392814
v 0.887498 0.962673 -0.377514
v 0.891720 0.972921 -0.381996
v 0.943715 0.943406 -0.392814
v 0.932685 0.932316 -0.377514
v 0.940485 0.940158 -0.381996
v 0.893468 -0.988145 0.392814
v 0.887498 -0.973653 0.377514
v 0.891720 -0.983901 0.381995
v 0.858955 -0.979664 0.362214
v 0.874255 -0.976303 0.377514
v 0.843949 -0.998050 0.392814
v 0.863437 -0.977984 0.373032
v 0.859146 -0.988312 0.377514
v 0.859721 -0.990301 0.381995
v 0.854560 -0.991421 0.377514
v 0.969750 -0.864634 0.362214
v 0.988035 -0.849546 0.392814
v 0.966407 -0.880018 0.377514
v 0.981444 -0.860215 0.377514
v 0.978352 -0.864825 0.377514
v 0.980329 -0.865403 0.381995
v 0.968078 -0.869140 0.373032
v 0.977290 -0.903864 0.392814
v 0.962877 -0.897861 0.377514
v 0.973068 -0.902105 0.381995
v 0.943715 -0.954387 0.392814
v 0.932685 -0.943296 0.377514
v 0.940485 -0.951139 0.381995
v 0.977290 -0.903864 -0.392814
v 0.962877 -0.897861 -0.377514
v 0.973068 -0.902105 -0.381995
v 0.969750 -0.864634 -0.362214
v 0.966407 -0.880018 -0.377514
v 0.988035 -0.849546 -0.392814
v 0.968078 -0.869140 -0.373032
v 0.978352 -0.864825 -0.377514
v 0.980329 -0.865403 -0.381995
v 0.981444 -0.860215 -0.377514
v 0.858955 -0.979664 -0.362214
v 0.843949 -0.998050 -0.392814
v 0.874255 -0.976303 -0.377514
v 0.854560 -0.991421 -0.377514
v 0.859146 -0.988313 -0.377514
v 0.859721 -0.990301 -0.381995
v 0.863437 -0.977984 -0.373032
v 0.893468 -0.988145 -0.392814
v 0.887498 -0.973653 -0.377514
v 0.891720 -0.983901 -0.381995
v 0.943715 -0.954387 -0.392814
v 0.932685 -0.943296 -0.377514
v 0.940485 -0.951139 -0.381995
v 0.000000 1.000000 -0.529776
v 0.000000 0.984616 -0.514402
v 0.000000 0.995495 -0.518904
v 0.000569 1.000000 -0.434337
v 0.000000 0.984616 -0.449884
v 0.000166 0.995495 -0.445330
v 0.103354 1.000000 -0.519596
v 0.100355 0.984616 -0.504518
v 0.101233 0.995495 -0.508934
v -0.172163 0.984616 0.415639
v -0.162015 1.000000 0.403005
v -0.169191 0.995495 0.411939
v -0.247186 1.000000 0.357453
v -0.249942 0.984616 0.374065
v -0.249135 0.995495 0.369199
v 0.202737 1.000000 -0.489449
v 0.196853 0.984616 -0.475245
v 0.198577 0.995495 -0.479405
v 0.374065 0.984616 -0.249943
v 0.366018 1.000000 -0.233542
v 0.371708 0.995495 -0.245139
v 0.403559 1.000000 -0.163098
v 0.415639 0.984616 -0.172163
v 0.412101 0.995495 -0.169509
v 0.294327 1.000000 -0.440493
v 0.285786 0.984616 -0.427709
v 0.288288 0.995495 -0.431453
v 0.363737 0.984616 -0.363737
v 0.374608 1.000000 -0.374608
v 0.366921 0.995495 -0.366921
v -0.300766 1.000000 0.313445
v -0.318117 0.984616 0.318116
v -0.313035 0.995495 0.316748
v 0.440493 1.000000 -0.294327
v 0.427709 0.984616 -0.285786
v 0.431453 0.995495 -0.288288
v 0.425625 1.000000 -0.090211
v 0.441239 0.984616 -0.087768
v 0.436666 0.995495 -0.088483
v 0.489449 1.000000 -0.202737
v 0.475245 0.984616 -0.196853
v 0.479405 0.995495 -0.198577
v -0.365295 1.000000 0.234749
v -0.374065 0.984616 0.249942
v -0.371496 0.995495 0.245491
v 0.519596 1.000000 -0.103354
v 0.504518 0.984616 -0.100355
v 0.508934 0.995495 -0.101233
v 0.434510 1.000000 -0.000000
v 0.449884 0.984616 -0.000000
v 0.445382 0.995495 -0.000000
v 0.529776 1.000000 -0.000000
v 0.514401 0.984616 -0.000000
v 0.518904 0.995495 -0.000000
v -0.403117 1.000000 0.163817
v -0.415639 0.984616 0.172163
v -0.411971 0.995495 0.169718
v 0.519596 1.000000 0.103354
v 0.504518 0.984616 0.100355
v 0.508934 0.995495 0.101233
v 0.425970 1.000000 0.086707
v 0.441240 0.984616 0.087768
v 0.436768 0.995495 0.087457
v 0.489449 1.000000 0.202736
v 0.475245 0.984616 0.196852
v 0.479405 0.995495 0.198575
v -0.426095 1.000000 0.087950
v -0.441240 0.984616 0.087768
v -0.436804 0.995495 0.087821
v 0.440493 1.000000 0.294327
v 0.427709 0.984616 0.285785
v 0.431453 0.995495 0.288288
v 0.402948 1.000000 0.162651
v 0.415639 0.984616 0.172163
v 0.411922 0.995495 0.169377
v 0.374608 1.000000 0.374608
v 0.363737 0.984616 0.363737
v 0.366921 0.995495 0.366921
v -0.434515 1.000000 0.002574
v -0.449884 0.984616 -0.000000
v -0.445383 0.995495 0.000754
v 0.294327 1.000000 0.440492
v 0.285786 0.984616 0.427709
v 0.288288 0.995495 0.431453
v 0.360107 1.000000 0.242832
v 0.374065 0.984616 0.249942
v 0.369977 0.995495 0.247859
v 0.202737 1.000000 0.489449
v 0.196853 0.984616 0.475245
v 0.198576 0.995495 0.479405
v -0.425658 1.000000 -0.087434
v -0.441239 0.984616 -0.087769
v -0.436676 0.995495 -0.087670
v 0.103354 1.000000 0.519596
v 0.100355 0.984616 0.504517
v 0.101233 0.995495 0.508934
v 0.304831 1.000000 0.310186
v 0.318116 0.984616 0.318116
v 0.314225 0.995495 0.315793
v 0.000000 1.000000 0.529776
v 0.000000 0.984616 0.514401
v 0.000000 0.995495 0.518904
v -0.402606 1.000000 -0.163467
v -0.415639 0.984616 -0.172164
v -0.411821 0.995495 -0.169616
v -0.103354 1.000000 0.519596
v -0.100355 0.984616 0.504516
v -0.101233 0.995495 0.508934
v 0.247668 1.000000 0.357137
v 0.249942 0.984616 0.374065
v 0.249276 0.995495 0.369107
v -0.202737 1.000000 0.489449
v -0.196854 0.984616 0.475245
v -0.198577 0.995495 0.479405
v -0.294327 1.000000 0.440492
v -0.285787 0.984616 0.427709
v -0.288288 0.995495 0.431453
v -0.374608 1.000000 0.374608
v -0.363737 0.984616 0.363736
v -0.366921 0.995495 0.366921
v -0.360366 1.000000 -0.242517
v -0.374065 0.984616 -0.249943
v -0.370052 0.995495 -0.247768
v -0.440493 1.000000 0.294327
v -0.427710 0.984616 0.285785
v -0.431453 0.995495 0.288287
v 0.161418 1.000000 0.403269
v 0.172163 0.984616 0.415639
v 0.169016 0.995495 0.412016
v -0.489449 1.000000 0.202735
v -0.475245 0.984616 0.196852
v -0.479405 0.995495 0.198575
v 0.085993 1.000000 -0.425919
v 0.087768 0.984616 -0.441240
v 0.087248 0.995495 -0.436752
v -0.519596 1.000000 0.103354
v -0.504518 0.984616 0.100354
v -0.508934 0.995495 0.101232
v -0.305056 1.000000 -0.309912
v -0.318116 0.984616 -0.318117
v -0.314291 0.995495 -0.315713
v -0.529776 1.000000 -0.000001
v -0.514401 0.984616 -0.000001
v -0.518904 0.995495 -0.000001
v 0.088272 1.000000 0.425472
v 0.087768 0.984616 0.441240
v 0.087915 0.995495 0.436621
v -0.519596 1.000000 -0.103355
v -0.504517 0.984616 -0.100355
v -0.508934 0.995495 -0.101233
v 0.162480 1.000000 -0.402711
v 0.172163 0.984616 -0.415639
v 0.169327 0.995495 -0.411853
v -0.489449 1.000000 -0.202737
v -0.475245 0.984616 -0.196854
v -0.479405 0.995495 -0.198577
v -0.247105 1.000000 -0.357506
v -0.249941 0.984616 -0.374065
v -0.249111 0.995495 -0.369216
v -0.440492 1.000000 -0.294328
v -0.427709 0.984616 -0.285787
v -0.431452 0.995495 -0.288288
v -0.000371 1.000000 0.434216
v 0.000000 0.984616 0.449884
v -0.000109 0.995495 0.445295
v -0.363736 0.984616 -0.363737
v -0.374607 1.000000 -0.374608
v -0.366920 0.995495 -0.366921
v 0.247583 1.000000 -0.357192
v 0.249942 0.984616 -0.374065
v 0.249251 0.995495 -0.369124
v -0.294327 1.000000 -0.440493
v -0.285786 0.984616 -0.427710
v -0.288287 0.995495 -0.431453
v -0.162191 1.000000 -0.402921
v -0.172162 0.984616 -0.415639
v -0.169242 0.995495 -0.411914
v -0.202736 1.000000 -0.489449
v -0.196853 0.984616 -0.475245
v -0.198576 0.995495 -0.479405
v -0.087484 1.000000 0.425626
v -0.087768 0.984616 0.441239
v -0.087685 0.995495 0.436667
v -0.103353 1.000000 -0.519596
v -0.100354 0.984616 -0.504518
v -0.101232 0.995495 -0.508934
v 0.299816 1.000000 -0.314289
v 0.318116 0.984616 -0.318116
v 0.312756 0.995495 -0.316995
v -0.087767 0.984616 -0.441240
v -0.087181 1.000000 -0.425685
v -0.087596 0.995495 -0.436684
v -0.192393 0.984616 -0.063985
v -0.177093 0.984616 -0.079285
v -0.207693 1.000000 -0.094585
v -0.187911 0.984616 -0.074803
v -0.192393 0.993499 -0.079285
v -0.192393 0.995495 -0.083766
v -0.196874 0.995495 -0.079285
v 0.192393 0.984616 -0.063985
v 0.207693 1.000000 -0.094585
v 0.177093 0.984616 -0.079285
v 0.196874 0.995495 -0.079285
v 0.192393 0.993499 -0.079285
v 0.192393 0.995495 -0.083766
v 0.187911 0.984616 -0.074803
v 0.177093 0.984616 -0.027044
v 0.207693 1.000000 -0.011743
v 0.192393 0.984616 -0.042344
v 0.192393 0.995495 -0.022562
v 0.192393 0.993499 -0.027044
v 0.196874 0.995495 -0.027044
v 0.187911 0.984616 -0.031525
v -0.177093 0.984616 -0.027044
v -0.192393 0.984616 -0.042344
v -0.207693 1.000000 -0.011743
v -0.187911 0.984616 -0.031525
v -0.192393 0.993499 -0.027044
v -0.196874 0.995495 -0.027044
v -0.192393 0.995495 -0.022562
v 0.207693 1.000000 0.094585
v 0.192393 0.984616 0.063984
v 0.177093 0.984616 0.079284
v 0.196874 0.995495 0.079284
v 0.192393 0.993499 0.079284
v 0.187911 0.984616 0.074803
v 0.192393 0.995495 0.083766
v -0.192393 0.984616 0.063984
v -0.207693 1.000000 0.094585
v -0.177093 0.984616 0.079284
v -0.196874 0.995495 0.079284
v -0.192393 0.993499 0.079284
v -0.192393 0.995495 0.083766
v -0.187911 0.984616 0.074803
v -0.177093 0.984616 0.027043
v -0.207693 1.000000 0.011743
v -0.192393 0.984616 0.042343
v -0.192393 0.995495 0.022562
v -0.192393 0.993499 0.027043
v -0.196874 0.995495 0.027043
v -0.187911 0.984616 0.031525
v 0.207693 1.000000 0.011743
v 0.177093 0.984616 0.027043
v 0.192393 0.984616 0.042343
v 0.192393 0.995495 0.022562
v 0.192393 0.993499 0.027043
v 0.187911 0.984616 0.031525
v 0.196874 0.995495 0.027043
vn 0.0973 0.3765 -0.9213
vn 0.3783 0.0967 -0.9206
vn 0.0970 0.0965 -0.9906
vn 0.0921 0.7022 -0.7060
vn 0.3706 0.3686 -0.8525
vn 0.7041 0.0914 -0.7041
vn 0.5784 0.5752 -0.5784
vn 0.6687 0.3250 -0.6687
vn 0.3801 0.9198 -0.0977
vn 0.0977 0.9198 -0.3801
vn 0.0975 0.9904 -0.0975
vn 0.7060 0.7022 -0.0921
vn 0.3718 0.8506 -0.3718
vn 0.3274 0.6663 -0.6700
vn 0.9206 0.0967 -0.3783
vn 0.9213 0.3765 -0.0973
vn 0.9906 0.0965 -0.0970
vn 0.8525 0.3686 -0.3706
vn 0.6700 0.6663 -0.3274
vn 0.0977 -0.9198 -0.3801
vn 0.3801 -0.9198 -0.0977
vn 0.0975 -0.9904 -0.0975
vn 0.0921 -0.7022 -0.7060
vn 0.3718 -0.8506 -0.3718
vn 0.7060 -0.7022 -0.0921
vn 0.5784 -0.5752 -0.5784
vn 0.6700 -0.6663 -0.3274
vn 0.3783 -0.0967 -0.9206
vn 0.0973 -0.3765 -0.9213
vn 0.0970 -0.0965 -0.9906
vn 0.7041 -0.0914 -0.7041
vn 0.3706 -0.3686 -0.8525
vn 0.3274 -0.6663 -0.6700
vn 0.9213 -0.3765 -0.0973
vn 0.9206 -0.0967 -0.3783
vn 0.9906 -0.0965 -0.0970
vn 0.8525 -0.3686 -0.3706
vn 0.6687 -0.3250 -0.6687
vn 0.9213 0.3765 0.0973
vn 0.9206 0.0967 0.3783
vn 0.9906 0.0965 0.0970
vn 0.7060 0.7022 0.0921
vn 0.8525 0.3686 0.3706
vn 0.7041 0.0914 0.7041
vn 0.5784 0.5752 0.5784
vn 0.6687 0.3250 0.6687
vn 0.0977 0.9198 0.3801
vn 0.3801 0.9198 0.0977
vn 0.0975 0.9904 0.0975
vn 0.0921 0.7022 0.7060
vn 0.3718 0.8506 0.3718
vn 0.6700 0.6663 0.3274
vn 0.3783 0.0967 0.9206
vn 0.0973 0.3765 0.9213
vn 0.0970 0.0965 0.9906
vn 0.3706 0.3686 0.8525
vn 0.3274 0.6663 0.6700
vn 0.9206 -0.0967 0.3783
vn 0.9213 -0.3765 0.0973
vn 0.9906 -0.0965 0.0970
vn 0.7041 -0.0914 0.7041
vn 0.8525 -0.3686 0.3706
vn 0.7060 -0.7022 0.0921
vn 0.5784 -0.5752 0.5784
vn 0.6700 -0.6663 0.3274
vn 0.0973 -0.3765 0.9213
vn 0.3783 -0.0967 0.9206
vn 0.0970 -0.0965 0.9906
vn 0.0921 -0.7022 0.7060
vn 0.3706 -0.3686 0.8525
vn 0.6687 -0.3250 0.6687
vn 0.3801 -0.9198 0.0977
vn 0.0977 -0.9198 0.3801
vn 0.0975 -0.9904 0.0975
vn 0.3718 -0.8506 0.3718
vn 0.3274 -0.6663 0.6700
vn -0.3783 0.0967 -0.9206
vn -0.0973 0.3765 -0.9213
vn -0.0970 0.0965 -0.9906
vn -0.7041 0.0914 -0.7041
vn -0.3706 0.3686 -0.8525
vn -0.0921 0.7022 -0.7060
vn -0.5784 0.5752 -0.5784
vn -0.3274 0.6663 -0.6700
vn -0.9213 0.3765 -0.0973
vn -0.9206 0.0967 -0.3783
vn -0.9906 0.0965 -0.0970
vn -0.7060 0.7022 -0.0921
vn -0.8525 0.3686 -0.3706
vn -0.6687 0.3250 -0.6687
vn -0.0977 0.9198 -0.3801
vn -0.3801 0.9198 -0.0977
vn -0.0975 0.9904 -0.0975
vn -0.3718 0.8506 -0.3718
vn -0.6700 0.6663 -0.3274
vn -0.9206 -0.0967 -0.3783
vn -0.9213 -0.3765 -0.0973
vn -0.9906 -0.0965 -0.0970
vn -0.7041 -0.0914 -0.7041
vn -0.8525 -0.3686 -0.3706
vn -0.7060 -0.7022 -0.0921
vn -0.5784 -0.5752 -0.5784
vn -0.6700 -0.6663 -0.3274
vn -0.0973 -0.3765 -0.9213
vn -0.3783 -0.0967 -0.9206
vn -0.0970 -0.0965 -0.9906
vn -0.0921 -0.7022 -0.7060
vn -0.3706 -0.3686 -0.8525
vn -0.6687 -0.3250 -0.6687
vn -0.3801 -0.9198 -0.0977
vn -0.0977 -0.9198 -0.3801
vn -0.0975 -0.9904 -0.0975
vn -0.3718 -0.8506 -0.3718
vn -0.3274 -0.6663 -0.6700
vn -0.9206 0.0967 0.3783
vn -0.9213 0.3765 0.0973
vn -0.9906 0.0965 0.0970
vn -0.7041 0.0914 0.7041
vn -0.8525 0.3686 0.3706
vn -0.7060 0.7022 0.0921
vn -0.5784 0.5752 0.5784
vn -0.6700 0.6663 0.3274
vn -0.0973 0.3765 0.9213
vn -0.3783 0.0967 0.9206
vn -0.0970 0.0965 0.9906
vn -0.0921 0.7022 0.7060
vn -0.3706 0.3686 0.8525
vn -0.6687 0.3250 0.6687
vn -0.3801 0.9198 0.0977
vn -0.0977 0.9198 0.3801
vn -0.0975 0.9904 0.0975
vn -0.3718 0.8506 0.3718
vn -0.3274 0.6663 0.6700
vn -0.0977 -0.9198 0.3801
vn -0.3801 -0.9198 0.0977
vn -0.0975 -0.9904 0.0975
vn -0.0921 -0.7022 0.7060
vn -0.3718 -0.8506 0.3718
vn -0.7060 -0.7022 0.0921
vn -0.5784 -0.5752 0.5784
vn -0.6700 -0.6663 0.3274
vn -0.3783 -0.0967 0.9206
vn -0.0973 -0.3765 0.9213
vn -0.0970 -0.0965 0.9906
vn -0.7041 -0.0914 0.7041
vn -0.3706 -0.3686 0.8525
vn -0.3274 -0.6663 0.6700
vn -0.9213 -0.3765 0.0973
vn -0.9206 -0.0967 0.3783
vn -0.9906 -0.0965 0.0970
vn -0.8525 -0.3686 0.3706
vn -0.6687 -0.3250 0.6687
vn 0.1016 -0.7405 0.6643
vn -0.0878 -0.7043 0.7044
vn -0.1016 -0.7405 0.6643
vn -0.7424 -0.1008 -0.6624
vn -0.7063 0.0871 -0.7025
vn -0.7063 -0.0871 -0.7025
vn -0.1016 -0.7405 -0.6643
vn 0.0878 -0.7043 -0.7044
vn 0.1016 -0.7405 -0.6643
vn 0.6624 0.1008 -0.7424
vn 0.7025 -0.0871 -0.7063
vn 0.6624 -0.1008 -0.7424
vn 0.7441 -0.6603 -0.1016
vn 0.7082 -0.7005 0.0878
vn 0.7082 -0.7005 -0.0878
vn 0.7424 0.1008 0.6624
vn 0.7063 -0.0871 0.7025
vn 0.7424 -0.1008 0.6624
vn 0.1016 0.6603 0.7441
vn -0.0878 0.7005 0.7082
vn -0.1016 0.6603 0.7441
vn -0.7424 0.1008 0.6624
vn -0.7063 -0.0871 0.7025
vn -0.7063 0.0871 0.7025
vn 0.7424 -0.1008 -0.6624
vn 0.7063 0.0871 -0.7025
vn 0.7424 0.1008 -0.6624
vn 0.1016 0.7405 -0.6643
vn -0.0878 0.7043 -0.7044
vn -0.1016 0.7405 -0.6643
vn -0.6624 0.1008 -0.7424
vn -0.7025 -0.0871 -0.7063
vn -0.7025 0.0871 -0.7063
vn -0.6643 -0.7405 -0.1016
vn -0.7044 -0.7043 0.0878
vn -0.7044 -0.7043 -0.0878
vn -0.6643 0.7405 -0.1016
vn -0.7044 0.7043 0.0878
vn -0.6643 0.7405 0.1016
vn -0.7441 -0.6603 0.1016
vn -0.7082 -0.7005 -0.0878
vn -0.7082 -0.7005 0.0878
vn 0.6643 0.7405 0.1016
vn 0.7044 0.7043 -0.0878
vn 0.6643 0.7405 -0.1016
vn 0.7441 0.6603 -0.1016
vn 0.7082 0.7005 0.0878
vn 0.7441 0.6603 0.1016
vn -0.7441 0.6603 -0.1016
vn -0.7082 0.7005 0.0878
vn -0.7082 0.7005 -0.0878
vn -0.1016 -0.6603 0.7441
vn 0.0878 -0.7005 0.7082
vn 0.1016 -0.6603 0.7441
vn -0.1016 0.7405 0.6643
vn 0.0878 0.7043 0.7044
vn 0.1016 0.7405 0.6643
vn -0.6624 -0.1008 0.7424
vn -0.7025 0.0871 0.7063
vn -0.7025 -0.0871 0.7063
vn -0.1512 0.9769 0.1512
vn 0.1512 0.9769 0.1512
vn -0.0000 0.9830 -0.1834
vn 0.6624 -0.1008 0.7424
vn 0.7025 0.0871 0.7063
vn 0.6624 0.1008 0.7424
vn -0.1016 0.6603 -0.7441
vn 0.0878 0.7005 -0.7082
vn 0.1016 0.6603 -0.7441
vn 0.1016 -0.6603 -0.7441
vn -0.0878 -0.7005 -0.7082
vn -0.1016 -0.6603 -0.7441
vn 0.0276 -0.9992 -0.0276
vn 0.0276 -0.9992 0.0276
vn -0.9992 0.0273 0.0275
vn -0.9992 0.0273 -0.0275
vn -0.0276 -0.9992 0.0276
vn -0.0275 0.0273 -0.9992
vn 0.0275 0.0273 -0.9992
vn 0.9992 0.0273 0.0275
vn 0.9992 -0.0273 0.0275
vn -0.0275 -0.0273 -0.9992
vn 0.0275 -0.0273 0.9992
vn 0.0275 0.0273 0.9992
vn -0.9992 -0.0273 -0.0275
vn -0.0275 0.0273 0.9992
vn -0.0275 -0.0273 0.9992
vn 0.9992 -0.0273 -0.0275
vn 0.9992 0.0273 -0.0275
vn 0.0275 -0.0273 -0.9992
vn 0.0276 0.9992 -0.0276
vn -0.0276 0.9992 -0.0276
vn -0.0276 0.9992 0.0276
vn -0.0276 -0.9992 -0.0276
vn 0.0276 0.9992 0.0276
vn -0.9992 -0.0273 0.0275
vn 0.1569 -0.4802 -0.8630
vn -0.1165 -0.4307 -0.8950
vn 0.1165 -0.4307 -0.8950
vn -0.5085 0.1336 0.8506
vn -0.4498 -0.1619 0.8783
vn -0.5085 -0.1336 0.8506
vn -0.1569 -0.4802 0.8630
vn 0.1165 -0.4307 0.8950
vn -0.1165 -0.4307 0.8950
vn -0.8506 0.1336 -0.5085
vn -0.8783 -0.1619 -0.4498
vn -0.8506 -0.1336 -0.5085
vn 0.5105 0.8492 0.1349
vn 0.4516 0.8771 -0.1634
vn 0.5105 0.8492 -0.1349
vn 0.4498 0.1619 -0.8783
vn 0.5085 -0.1336 -0.8506
vn 0.5085 0.1336 -0.8506
vn 0.1349 -0.8492 0.5105
vn -0.1634 -0.8771 0.4516
vn -0.1349 -0.8492 0.5105
vn -0.4498 -0.1619 -0.8783
vn -0.5085 0.1336 -0.8506
vn -0.5085 -0.1336 -0.8506
vn 0.4498 -0.1619 0.8783
vn 0.5085 0.1336 0.8506
vn 0.5085 -0.1336 0.8506
vn 0.1629 0.4478 0.8792
vn -0.1200 0.4000 0.9086
vn 0.1200 0.4000 0.9086
vn 0.8783 -0.1619 -0.4498
vn 0.8506 0.1336 -0.5085
vn 0.8506 -0.1336 -0.5085
vn 0.8630 -0.4802 0.1569
vn 0.8950 -0.4307 -0.1165
vn 0.8950 -0.4307 0.1165
vn 0.8792 0.4478 -0.1629
vn 0.9086 0.4000 0.1200
vn 0.9086 0.4000 -0.1200
vn -0.5105 0.8492 -0.1349
vn -0.4516 0.8771 0.1634
vn -0.5105 0.8492 0.1349
vn -0.8792 0.4478 0.1629
vn -0.9086 0.4000 -0.1200
vn -0.9086 0.4000 0.1200
vn 0.4516 -0.8771 -0.1634
vn 0.5105 -0.8492 0.1349
vn 0.5105 -0.8492 -0.1349
vn -0.4516 -0.8771 0.1634
vn -0.5105 -0.8492 -0.1349
vn -0.5105 -0.8492 0.1349
vn -0.1634 0.8771 0.4516
vn 0.1349 0.8492 0.5105
vn -0.1349 0.8492 0.5105
vn -0.1200 0.4000 -0.9086
vn 0.1629 0.4478 -0.8792
vn 0.1200 0.4000 -0.9086
vn 0.8783 0.1619 0.4498
vn 0.8506 -0.1336 0.5085
vn 0.8506 0.1336 0.5085
vn 0.6643 -0.7405 0.1016
vn 0.7044 -0.7043 -0.0878
vn 0.7044 -0.7043 0.0878
vn -0.8783 -0.1619 0.4498
vn -0.8506 0.1336 0.5085
vn -0.8506 -0.1336 0.5085
vn -0.1634 -0.8771 -0.4516
vn 0.1349 -0.8492 -0.5105
vn -0.1349 -0.8492 -0.5105
vn 0.1634 0.8771 -0.4516
vn -0.1349 0.8492 -0.5105
vn 0.1349 0.8492 -0.5105
vn -0.1504 0.1496 -0.9772
vn 0.1504 -0.1496 -0.9772
vn -0.1504 -0.1496 -0.9772
vn -0.9772 0.1496 0.1504
vn -0.9772 -0.1496 -0.1504
vn -0.9772 -0.1496 0.1504
vn 0.1504 -0.1496 0.9772
vn -0.1504 0.1496 0.9772
vn -0.1504 -0.1496 0.9772
vn 0.9772 0.1496 0.1504
vn 0.9772 -0.1496 -0.1504
vn 0.9772 0.1496 -0.1504
vn -0.0461 -0.9692 -0.2419
vn -0.9675 0.1784 -0.1794
vn -0.9769 0.1972 -0.0821
vn -0.9767 0.0817 -0.1983
vn -0.1803 0.9669 0.1803
vn 0.1413 0.9626 0.2310
vn -0.1413 0.9626 0.2310
vn 0.9675 0.1784 -0.1794
vn 0.9767 0.0817 -0.1983
vn 0.9769 0.1972 -0.0821
vn 0.1794 0.1784 -0.9675
vn -0.1406 0.2286 -0.9633
vn -0.1794 0.1784 -0.9675
vn 0.1794 0.1784 0.9675
vn -0.1406 0.2286 0.9633
vn 0.1406 0.2286 0.9633
vn 0.1803 -0.9669 -0.1803
vn -0.1413 -0.9626 -0.2310
vn -0.1803 -0.9669 -0.1803
vn -0.9519 0.1983 0.2335
vn -0.9768 0.1510 0.1518
vn -0.9520 0.2322 0.1994
vn 0.9675 0.1784 0.1794
vn 0.9769 0.1972 0.0821
vn 0.9767 0.0817 0.1983
vn 0.1794 -0.1784 -0.9675
vn -0.1406 -0.2286 -0.9633
vn 0.1406 -0.2286 -0.9633
vn -0.1803 -0.9669 0.1803
vn 0.1413 -0.9626 0.2310
vn 0.1803 -0.9669 0.1803
vn -0.9769 -0.1972 -0.0821
vn -0.9675 -0.1784 -0.1794
vn -0.9767 -0.0817 -0.1983
vn 0.9675 -0.1784 -0.1794
vn 0.9769 -0.1972 -0.0821
vn 0.9767 -0.0817 -0.1983
vn -0.9675 -0.1784 0.1794
vn -0.9769 -0.1972 0.0821
vn -0.9767 -0.0817 0.1983
vn -0.8630 -0.4802 -0.1569
vn -0.8950 -0.4307 0.1165
vn -0.8950 -0.4307 -0.1165
vn 0.9675 -0.1784 0.1794
vn 0.9767 -0.0817 0.1983
vn 0.9769 -0.1972 0.0821
vn -0.1794 -0.1784 0.9675
vn 0.1406 -0.2286 0.9633
vn -0.1406 -0.2286 0.9633
vn 0.1943 0.6917 -0.6955
vn -0.1943 -0.6917 -0.6955
vn -0.1943 0.6917 -0.6955
vn -0.1940 0.3737 0.9070
vn 0.1943 -0.6917 -0.6955
vn 0.1940 -0.3737 0.9070
vn -0.1940 -0.3737 -0.9070
vn -0.0461 0.9692 0.2419
vn 0.0458 -0.2395 -0.9698
vn 0.1947 0.9055 0.3771
vn -0.1943 0.6917 0.6955
vn 0.1943 0.6917 0.6955
vn -0.1940 -0.3737 0.9071
vn -0.1943 -0.6917 0.6955
vn -0.2419 -0.9692 0.0461
vn -0.0458 -0.2395 0.9698
vn -0.1947 -0.9055 0.3771
vn 0.1943 -0.6917 0.6955
vn 0.0461 -0.9692 0.2419
vn -0.0458 0.2395 -0.9698
vn 0.0458 0.2395 0.9698
vn 0.0461 0.9692 -0.2419
vn -0.1947 0.9055 -0.3771
vn 0.1947 -0.9055 -0.3771
vn 0.1940 0.3737 -0.9070
vn -0.9633 0.2286 0.1406
vn -0.9675 0.1784 0.1794
vn 0.1803 0.9669 0.1803
vn 0.2310 0.9626 -0.1413
vn 0.2310 0.9626 0.1413
vn -0.1794 0.1784 0.9675
vn -0.0821 0.1972 0.9769
vn -0.1983 0.0817 0.9767
vn -0.2335 0.1983 -0.9519
vn -0.1518 0.1510 -0.9768
vn -0.1994 0.2322 -0.9520
vn 0.9633 0.2286 0.1406
vn 0.9633 0.2286 -0.1406
vn -0.2310 -0.9626 0.1413
vn 0.1983 0.0817 0.9767
vn 0.0821 0.1972 0.9769
vn 0.0821 0.1972 -0.9769
vn 0.1983 0.0817 -0.9767
vn -0.9633 -0.2286 0.1406
vn -0.9633 -0.2286 -0.1406
vn 0.2310 -0.9626 -0.1413
vn -0.0821 -0.1972 0.9769
vn -0.1983 -0.0817 0.9767
vn -0.1794 -0.1784 -0.9675
vn -0.0821 -0.1972 -0.9769
vn -0.1983 -0.0817 -0.9767
vn 0.1794 -0.1784 0.9675
vn 0.0821 -0.1972 0.9769
vn 0.1983 -0.0817 0.9767
vn 0.1803 0.9669 -0.1803
vn -0.1413 0.9626 -0.2310
vn 0.1413 0.9626 -0.2310
vn 0.1983 -0.0817 -0.9767
vn 0.0821 -0.1972 -0.9769
vn 0.9633 -0.2286 0.1406
vn 0.9633 -0.2286 -0.1406
vn -0.9698 0.2395 0.0458
vn -0.3771 -0.9055 0.1947
vn -0.6955 -0.6917 0.1943
vn -0.6955 0.6917 0.1943
vn -0.3771 0.9055 0.1947
vn -0.9698 -0.2395 -0.0458
vn 0.2419 0.9692 0.0461
vn 0.6955 0.6917 -0.1943
vn 0.3771 0.9055 -0.1947
vn 0.9698 0.2395 -0.0458
vn 0.6955 -0.6917 -0.1943
vn 0.9071 0.3737 0.1940
vn 0.3771 0.9055 0.1947
vn 0.6955 0.6917 0.1943
vn -0.3771 -0.9055 -0.1947
vn -0.9070 -0.3737 0.1940
vn -0.2419 0.9692 -0.0461
vn -0.6955 -0.6917 -0.1943
vn -0.3771 0.9055 -0.1947
vn -0.6955 0.6917 -0.1943
vn -0.9070 0.3737 -0.1940
vn 0.9698 -0.2395 0.0458
vn -0.0000 1.0000 -0.0000
vn 0.0005 0.9788 -0.2049
vn -0.0425 0.9783 -0.2029
vn 0.2419 -0.9692 -0.0461
vn 0.6955 -0.6917 0.1943
vn 0.3771 -0.9055 0.1947
vn 0.9071 -0.3737 0.1940
vn 0.9070 -0.3737 -0.1940
vn 0.1914 0.1926 0.9624
vn -0.0000 0.1972 0.9804
vn 0.1913 0.1973 0.9615
vn -0.3755 0.1926 0.9066
vn -0.5446 0.1973 0.8151
vn -0.3752 0.1973 0.9057
vn -0.5452 0.1926 0.8159
vn -0.6932 0.1973 0.6932
vn -0.8159 0.1926 0.5452
vn -0.6939 0.1926 0.6939
vn -0.9066 0.1926 0.3755
vn -0.8151 0.1973 0.5446
vn -0.9624 0.1926 0.1914
vn -0.9057 0.1973 0.3752
vn -0.9813 0.1926 -0.0000
vn -0.9615 0.1973 0.1913
vn -0.9624 0.1926 -0.1914
vn -0.9804 0.1972 -0.0000
vn -0.9066 0.1926 -0.3755
vn -0.9615 0.1973 -0.1913
vn -0.8159 0.1926 -0.5452
vn -0.9057 0.1973 -0.3752
vn -0.6939 0.1926 -0.6939
vn -0.8151 0.1973 -0.5446
vn -0.5452 0.1926 -0.8159
vn -0.6932 0.1973 -0.6932
vn -0.3755 0.1926 -0.9066
vn -0.5446 0.1973 -0.8151
vn -0.1914 0.1926 -0.9624
vn -0.3752 0.1973 -0.9057
vn -0.0000 0.1926 -0.9813
vn -0.1913 0.1973 -0.9615
vn 0.1914 0.1926 -0.9624
vn -0.0000 0.1972 -0.9804
vn 0.3755 0.1926 -0.9066
vn 0.1913 0.1973 -0.9615
vn 0.5452 0.1926 -0.8159
vn 0.3752 0.1973 -0.9057
vn 0.6939 0.1926 -0.6939
vn 0.5447 0.1973 -0.8151
vn 0.8151 0.1972 -0.5447
vn 0.6932 0.1973 -0.6932
vn 0.8159 0.1926 -0.5452
vn 0.9057 0.1973 -0.3752
vn 0.9066 0.1926 -0.3755
vn 0.9615 0.1973 -0.1913
vn 0.9624 0.1926 -0.1914
vn 0.9804 0.1972 -0.0000
vn 0.9813 0.1926 -0.0000
vn 0.9615 0.1973 0.1913
vn 0.9624 0.1926 0.1914
vn 0.9057 0.1973 0.3752
vn 0.9066 0.1926 0.3755
vn 0.8151 0.1972 0.5447
vn 0.8159 0.1926 0.5452
vn 0.6932 0.1973 0.6932
vn 0.6939 0.1926 0.6939
vn 0.5447 0.1972 0.8151
vn 0.5452 0.1926 0.8159
vn 0.3752 0.1973 0.9057
vn 0.3755 0.1926 0.9066
vn -0.2310 0.9626 -0.1413
vn -0.1803 0.9669 -0.1803
vn -0.1914 0.1926 0.9624
vn -0.1913 0.1973 0.9615
vn -0.0000 0.9830 -0.1835
vn 0.0404 0.9783 0.2030
vn -0.0358 0.9830 -0.1800
vn -0.0004 0.1945 -0.9809
vn -0.0000 0.1973 -0.9803
vn 0.5409 0.1931 -0.8186
vn 0.6982 0.1973 -0.6882
vn 0.8151 0.1973 -0.5447
vn 0.8114 0.1986 -0.5497
vn 0.9070 0.1845 -0.3785
vn 0.9642 0.1872 -0.1879
vn 0.9803 0.1973 -0.0000
vn 0.9631 0.1905 0.1902
vn 0.9055 0.1927 0.3780
vn 0.8151 0.1973 0.5447
vn 0.8163 0.1946 0.5439
vn 0.6963 0.1887 0.6925
vn 0.5447 0.1973 0.8151
vn 0.5408 0.1931 0.8187
vn 0.3787 0.1949 0.9048
vn 0.1890 0.1927 0.9629
vn -0.0000 0.1973 0.9803
vn 0.0003 0.1958 0.9806
vn -0.1895 0.1926 0.9628
vn -0.3783 0.1949 0.9049
vn -0.5447 0.1973 0.8151
vn -0.5411 0.1930 0.8185
vn -0.6977 0.1961 0.6890
vn -0.8121 0.1975 0.5491
vn -0.8151 0.1973 0.5447
vn -0.9070 0.1859 0.3778
vn -0.9640 0.1866 0.1895
vn -0.9813 0.1926 -0.0018
vn -0.9803 0.1973 -0.0000
vn -0.9628 0.1924 -0.1896
vn -0.9057 0.1927 -0.3775
vn -0.8162 0.1942 -0.5442
vn -0.8151 0.1973 -0.5447
vn -0.6961 0.1890 -0.6926
vn -0.5412 0.1930 -0.8185
vn -0.3781 0.1950 -0.9050
vn -0.1898 0.1927 -0.9627
vn -0.0000 0.1926 0.9813
vn 0.3778 0.1959 -0.9049
vn 0.1150 0.9783 -0.1721
vn -0.0702 0.9830 0.1695
vn -0.1019 0.9830 0.1526
vn 0.1526 0.9830 -0.1019
vn -0.1912 0.9783 0.0792
vn -0.1721 0.9783 0.1150
vn -0.1297 0.9830 0.1297
vn 0.1800 0.9830 -0.0358
vn 0.1695 0.9830 -0.0702
vn -0.1526 0.9830 0.1019
vn 0.1463 0.9783 -0.1463
vn 0.1835 0.9830 -0.0000
vn -0.2030 0.9783 0.0404
vn 0.1912 0.9784 -0.0792
vn 0.1721 0.9784 -0.1150
vn -0.2030 0.9783 -0.0404
vn -0.2070 0.9783 -0.0000
vn -0.1695 0.9830 0.0702
vn 0.2030 0.9783 -0.0404
vn 0.1695 0.9830 0.0702
vn 0.1800 0.9830 0.0358
vn 0.2070 0.9783 -0.0000
vn -0.1800 0.9830 0.0358
vn -0.1835 0.9830 -0.0000
vn 0.1526 0.9830 0.1019
vn -0.1912 0.9783 -0.0792
vn -0.1800 0.9830 -0.0358
vn 0.1298 0.9830 0.1298
vn -0.1721 0.9783 -0.1150
vn 0.1912 0.9784 0.0792
vn 0.2030 0.9783 0.0404
vn -0.1150 0.9783 -0.1721
vn 0.1019 0.9830 0.1526
vn -0.1695 0.9830 -0.0702
vn 0.1721 0.9783 0.1150
vn -0.0792 0.9783 -0.1912
vn -0.0404 0.9783 0.2030
vn -0.0000 0.9783 0.2070
vn -0.1526 0.9830 -0.1019
vn 0.1463 0.9783 0.1463
vn 0.0702 0.9830 0.1695
vn -0.0404 0.9783 -0.2030
vn -0.0792 0.9783 0.1912
vn 0.0358 0.9830 -0.1800
vn 0.0702 0.9830 -0.1695
vn 0.1150 0.9783 0.1721
vn -0.1297 0.9830 -0.1297
vn -0.1019 0.9830 -0.1526
vn -0.0000 0.9783 -0.2070
vn 0.0358 0.9830 0.1800
vn -0.0000 0.9830 0.1835
vn 0.1019 0.9830 -0.1526
vn 0.0792 0.9783 0.1912
vn -0.0702 0.9830 -0.1695
vn 0.0404 0.9783 -0.2030
vn 0.1298 0.9830 -0.1298
vn -0.1150 0.9783 0.1721
vn -0.0358 0.9830 0.1800
vn 0.0792 0.9783 -0.1912
vn 0.1512 0.9769 -0.1512
vn -0.1512 0.9769 -0.1512
vn -0.0000 0.9830 0.1834
vn 0.1512 -0.9769 -0.1512
vn -0.1512 -0.9769 0.1512
vn -0.1512 -0.9769 -0.1512
vn -0.1499 0.2438 -0.9582
vn 0.9582 0.2438 0.1499
vn 0.9582 0.2438 -0.1499
vn 0.1906 0.1926 -0.9626
vn -0.9582 0.2438 0.1499
vn -0.1499 0.2438 0.9582
vn 0.1499 0.2438 0.9582
vn -0.0490 0.9976 -0.0490
vn 0.0490 0.9976 -0.0490
vn 0.0490 0.9976 0.0490
vn -0.0490 0.9976 0.0490
vn 0.0414 0.9783 -0.2028
vn -0.1210 0.9778 -0.1711
vn -0.1475 0.9774 -0.1517
vn 0.0752 0.9789 -0.1901
vn -0.0754 0.9786 -0.1913
vn 0.2069 0.9784 -0.0000
vn 0.2100 0.9766 -0.0466
vn 0.1748 0.9786 -0.1084
vn 0.1418 0.9781 -0.1526
vn -0.1741 0.9787 0.1091
vn -0.1423 0.9781 0.1520
vn -0.2096 0.9768 0.0445
vn -0.1996 0.9766 0.0797
vn -0.2073 0.9783 0.0022
vn -0.2032 0.9782 -0.0427
vn -0.1926 0.9782 -0.0770
vn -0.1701 0.9787 -0.1151
vn 0.1217 0.9777 -0.1712
vn -0.1212 0.9778 0.1711
vn -0.0753 0.9786 0.1915
vn 0.2018 0.9762 -0.0797
vn 0.2050 0.9778 0.0425
vn 0.1932 0.9782 0.0765
vn 0.1217 0.9777 0.1712
vn 0.1477 0.9772 0.1523
vn 0.0750 0.9785 0.1921
vn 0.0435 0.9782 0.2031
vn -0.0003 0.9791 0.2035
vn -0.0428 0.9783 0.2029
vn 0.1696 0.9788 0.1151
vn 0.6994 0.1471 0.6994
vn 0.7012 0.6974 0.1483
vn 0.1483 0.6974 0.7012
vn 0.7012 0.6974 -0.1483
vn 0.6994 0.1471 -0.6994
vn 0.1483 0.6974 -0.7012
vn -0.7012 0.6974 0.1483
vn -0.6994 0.1471 0.6994
vn -0.1483 0.6974 0.7012
vn -0.6994 0.1471 -0.6994
vn -0.7012 0.6974 -0.1483
vn -0.1483 0.6974 -0.7012
vn -0.7012 -0.6974 -0.1483
vn -0.6994 -0.1471 -0.6994
vn -0.1483 -0.6974 -0.7012
vn -0.7012 -0.6974 0.1483
vn -0.1483 -0.6974 0.7012
vn -0.6994 -0.1471 0.6994
vn 0.7012 -0.6974 -0.1483
vn 0.1483 -0.6974 -0.7012
vn 0.6994 -0.1471 -0.6994
vn 0.7012 -0.6974 0.1483
vn 0.6994 -0.1471 0.6994
vn 0.1483 -0.6974 0.7012
vn -0.2755 -0.9210 -0.2755
vn -0.5544 -0.6207 -0.5544
vn -0.5544 -0.6207 0.5544
vn -0.2755 -0.9210 0.2755
vn -0.8368 -0.3861 0.3882
vn -0.5734 -0.5777 0.5809
vn -0.9216 -0.1401 0.3619
vn -0.9222 -0.3602 0.1410
vn -0.9585 0.2835 -0.0297
vn -0.8368 -0.3861 -0.3882
vn -0.9222 -0.3602 -0.1410
vn -0.5734 -0.5777 -0.5809
vn -0.9216 -0.1401 -0.3619
vn -0.9590 0.2819 0.0302
vn 0.2755 -0.9210 -0.2755
vn 0.5544 -0.6207 -0.5544
vn -0.3882 -0.3861 -0.8368
vn -0.5809 -0.5777 -0.5734
vn -0.3619 -0.1401 -0.9216
vn -0.1410 -0.3602 -0.9222
vn 0.2850 0.0298 -0.9581
vn 0.3882 -0.3861 -0.8368
vn 0.1410 -0.3602 -0.9222
vn 0.5809 -0.5777 -0.5734
vn 0.3619 -0.1401 -0.9216
vn -0.2849 0.0295 -0.9581
vn 0.8368 0.3861 -0.3882
vn 0.5734 0.5777 -0.5809
vn 0.9222 0.3602 -0.1410
vn 0.9216 0.1401 -0.3619
vn 0.9770 -0.2115 0.0280
vn 0.8368 -0.3861 -0.3882
vn 0.9216 -0.1401 -0.3619
vn 0.5734 -0.5777 -0.5809
vn 0.9222 -0.3602 -0.1410
vn 0.9581 0.2849 0.0295
vn 0.3882 0.3861 -0.8368
vn 0.3619 0.1401 -0.9216
vn 0.5809 0.5777 -0.5734
vn 0.1410 0.3602 -0.9222
vn -0.2999 -0.0270 -0.9536
vn -0.3882 -0.3861 0.8368
vn -0.5809 -0.5777 0.5734
vn -0.1410 -0.3602 0.9222
vn -0.3619 -0.1401 0.9216
vn 0.2833 0.0299 0.9586
vn -0.3882 0.3861 0.8368
vn -0.3619 0.1401 0.9216
vn -0.5809 0.5777 0.5734
vn -0.1410 0.3602 0.9222
vn 0.3017 -0.0267 0.9530
vn -0.8368 0.3861 0.3882
vn -0.5734 0.5777 0.5809
vn -0.9222 0.3602 0.1410
vn -0.9216 0.1401 0.3619
vn -0.9770 -0.2115 -0.0280
vn 0.3882 0.3861 0.8368
vn 0.5809 0.5777 0.5734
vn 0.1410 0.3602 0.9222
vn 0.3619 0.1401 0.9216
vn -0.3031 -0.0261 0.9526
vn 0.3882 -0.3861 0.8368
vn 0.3619 -0.1401 0.9216
vn 0.5809 -0.5777 0.5734
vn 0.1410 -0.3602 0.9222
vn -0.2850 0.0298 0.9581
vn 0.8368 -0.3861 0.3882
vn 0.5734 -0.5777 0.5809
vn 0.9222 -0.3602 0.1410
vn 0.9216 -0.1401 0.3619
vn 0.9585 0.2835 -0.0300
vn 0.8368 0.3861 0.3882
vn 0.9216 0.1401 0.3619
vn 0.5734 0.5777 0.5809
vn 0.9222 0.3602 0.1410
vn 0.9777 -0.2079 -0.0288
vn -0.3882 0.3861 -0.8368
vn -0.5809 0.5777 -0.5734
vn -0.1410 0.3602 -0.9222
vn -0.3619 0.1401 -0.9216
vn 0.3031 -0.0261 -0.9526
vn -0.8368 0.3861 -0.3882
vn -0.9216 0.1401 -0.3619
vn -0.5734 0.5777 -0.5809
vn -0.9222 0.3602 -0.1410
vn -0.9772 -0.2106 0.0281
vn 0.2755 0.9210 0.2755
vn 0.5725 0.5870 0.5725
vn -0.5725 0.5870 0.5725
vn -0.2755 0.9210 0.2755
vn 0.2755 0.9210 -0.2755
vn 0.5725 0.5870 -0.5725
vn 0.5544 -0.6207 0.5544
vn 0.2755 -0.9210 0.2755
vn -0.5725 0.5870 -0.5725
vn -0.2755 0.9210 -0.2755
vn 0.1850 -0.9652 0.1850
vn 0.3969 -0.8276 0.3969
vn 0.0878 -0.7043 0.7044
vn 0.3969 -0.8276 -0.3969
vn 0.1850 -0.9652 -0.1850
vn -0.9657 0.1831 -0.1841
vn -0.8298 0.3936 -0.3957
vn -0.8298 0.3936 0.3957
vn -0.9657 0.1831 0.1841
vn -0.1850 -0.9652 0.1850
vn -0.3969 -0.8276 0.3969
vn 0.1841 0.1831 -0.9657
vn 0.3957 0.3936 -0.8298
vn 0.7025 0.0871 -0.7063
vn -0.0878 0.7005 -0.7082
vn -0.3957 0.3936 -0.8298
vn -0.1841 0.1831 -0.9657
vn 0.9657 -0.1831 0.1841
vn 0.8298 -0.3936 0.3957
vn 0.7063 0.0871 0.7025
vn 0.8298 0.3936 0.3957
vn 0.9657 0.1831 0.1841
vn -0.3957 -0.3936 -0.8298
vn -0.1841 -0.1831 -0.9657
vn 0.1841 0.1831 0.9657
vn 0.3957 0.3936 0.8298
vn 0.0878 0.7005 0.7082
vn 0.7025 -0.0871 0.7063
vn 0.3957 -0.3936 0.8298
vn 0.1841 -0.1831 0.9657
vn -0.9657 -0.1831 -0.1841
vn -0.8298 -0.3936 -0.3957
vn -0.1841 -0.1831 0.9657
vn -0.3957 -0.3936 0.8298
vn -0.0878 -0.7005 0.7082
vn -0.3957 0.3936 0.8298
vn -0.1841 0.1831 0.9657
vn 0.9657 0.1831 -0.1841
vn 0.8298 0.3936 -0.3957
vn 0.7082 0.7005 -0.0878
vn 0.7063 -0.0871 -0.7025
vn 0.8298 -0.3936 -0.3957
vn 0.9657 -0.1831 -0.1841
vn 0.1841 -0.1831 -0.9657
vn 0.3957 -0.3936 -0.8298
vn 0.0878 -0.7005 -0.7082
vn -0.8298 -0.3936 0.3957
vn -0.9657 -0.1831 0.1841
vn -0.1850 0.9652 -0.1850
vn -0.3969 0.8276 -0.3969
vn -0.7044 0.7043 -0.0878
vn 0.0878 0.7043 -0.7044
vn 0.3969 0.8276 -0.3969
vn 0.1850 0.9652 -0.1850
vn -0.1850 0.9652 0.1850
vn -0.3969 0.8276 0.3969
vn -0.0878 0.7043 0.7044
vn -0.0878 -0.7043 -0.7044
vn -0.3969 -0.8276 -0.3969
vn -0.1850 -0.9652 -0.1850
vn 0.7044 0.7043 0.0878
vn 0.3969 0.8276 0.3969
vn 0.1850 0.9652 0.1850
vn 0.3063 -0.9013 0.3063
vn 0.4043 -0.9104 0.0875
vn 0.4227 -0.8017 0.4227
vn 0.0875 -0.9104 0.4043
vn -0.0265 -0.9961 0.0844
vn 0.0875 -0.9104 -0.4043
vn 0.4043 -0.9104 -0.0875
vn -0.0265 -0.9961 -0.0844
vn 0.3063 -0.9013 -0.3063
vn 0.6643 -0.7405 -0.1016
vn 0.4227 -0.8017 -0.4227
vn -0.9027 0.3034 -0.3051
vn -0.9121 0.4007 -0.0872
vn -0.7424 0.1008 -0.6624
vn -0.8040 0.4193 -0.4216
vn -0.9113 0.0866 -0.4025
vn -0.9113 0.0866 0.4025
vn -0.9121 0.4007 0.0872
vn -0.9027 0.3034 0.3051
vn -0.7441 0.6603 0.1016
vn -0.8040 0.4193 0.4216
vn -0.3063 -0.9013 0.3063
vn -0.0875 -0.9104 0.4043
vn -0.6643 -0.7405 0.1016
vn -0.4227 -0.8017 0.4227
vn -0.4043 -0.9104 0.0875
vn 0.0258 -0.9961 0.0843
vn 0.3051 0.3034 -0.9027
vn 0.0872 0.4006 -0.9121
vn 0.4216 0.4193 -0.8040
vn 0.4025 0.0866 -0.9113
vn -0.4025 0.0866 -0.9113
vn -0.0872 0.4006 -0.9121
vn -0.3051 0.3034 -0.9027
vn -0.4216 0.4193 -0.8040
vn 0.9027 -0.3035 0.3051
vn 0.9113 -0.0866 0.4025
vn 0.7441 -0.6603 0.1016
vn 0.8040 -0.4193 0.4216
vn 0.9121 -0.4007 0.0872
vn 0.9121 0.4007 0.0872
vn 0.9113 0.0866 0.4025
vn 0.9027 0.3034 0.3051
vn 0.8040 0.4193 0.4216
vn -0.0872 -0.4006 -0.9121
vn -0.4025 -0.0866 -0.9113
vn -0.3051 -0.3035 -0.9027
vn -0.6624 -0.1008 -0.7424
vn -0.4216 -0.4193 -0.8040
vn 0.3051 0.3034 0.9027
vn 0.4025 0.0866 0.9113
vn 0.4216 0.4193 0.8040
vn 0.0872 0.4006 0.9121
vn 0.0872 -0.4006 0.9121
vn 0.4025 -0.0866 0.9113
vn 0.3051 -0.3035 0.9027
vn 0.4216 -0.4193 0.8040
vn -0.9027 -0.3035 -0.3051
vn -0.9113 -0.0866 -0.4025
vn -0.7441 -0.6603 -0.1016
vn -0.8040 -0.4193 -0.4216
vn -0.9121 -0.4007 -0.0872
vn -0.3051 -0.3035 0.9027
vn -0.4025 -0.0866 0.9113
vn -0.4216 -0.4193 0.8040
vn -0.0872 -0.4006 0.9121
vn -0.0872 0.4006 0.9121
vn -0.4025 0.0866 0.9113
vn -0.3051 0.3034 0.9027
vn -0.6624 0.1008 0.7424
vn -0.4216 0.4193 0.8040
vn 0.9027 0.3034 -0.3051
vn 0.9113 0.0866 -0.4025
vn 0.8040 0.4193 -0.4216
vn 0.9121 0.4007 -0.0872
vn 0.9121 -0.4006 -0.0872
vn 0.9113 -0.0866 -0.4025
vn 0.9027 -0.3035 -0.3051
vn 0.8040 -0.4193 -0.4216
vn 0.3051 -0.3035 -0.9027
vn 0.4025 -0.0866 -0.9113
vn 0.4216 -0.4193 -0.8040
vn 0.0872 -0.4006 -0.9121
vn -0.9121 -0.4006 0.0872
vn -0.9113 -0.0866 0.4025
vn -0.9027 -0.3035 0.3051
vn -0.7424 -0.1008 0.6624
vn -0.8040 -0.4193 0.4216
vn -0.3063 0.9013 -0.3063
vn -0.0875 0.9104 -0.4043
vn -0.4227 0.8017 -0.4227
vn -0.4043 0.9104 -0.0875
vn -0.0475 0.9426 -0.3305
vn 0.4043 0.9104 -0.0875
vn 0.0875 0.9104 -0.4043
vn 0.0472 0.9426 -0.3304
vn 0.3063 0.9013 -0.3063
vn 0.4227 0.8017 -0.4227
vn -0.3063 0.9013 0.3063
vn -0.4043 0.9104 0.0875
vn -0.4227 0.8017 0.4227
vn -0.0875 0.9104 0.4043
vn -0.0472 0.9426 0.3304
vn -0.4043 -0.9104 -0.0875
vn -0.0875 -0.9104 -0.4043
vn 0.0270 -0.9961 -0.0845
vn -0.3063 -0.9013 -0.3063
vn -0.4227 -0.8017 -0.4227
vn 0.0875 0.9104 0.4043
vn 0.4043 0.9104 0.0875
vn 0.0475 0.9426 0.3305
vn 0.3063 0.9013 0.3063
vn 0.4227 0.8017 0.4227
vn 0.8792 0.4478 0.1629
vn 0.4804 0.7338 0.4804
vn 0.6237 0.4710 0.6237
vn 0.5888 0.7993 0.1204
vn 0.1204 0.7993 0.5888
vn 0.4804 0.7338 -0.4804
vn 0.5888 0.7993 -0.1204
vn 0.6237 0.4710 -0.6237
vn 0.1204 0.7993 -0.5888
vn -0.1629 0.4478 -0.8792
vn -0.4804 0.7338 -0.4804
vn -0.1204 0.7993 -0.5888
vn -0.8792 0.4478 -0.1629
vn -0.6237 0.4710 -0.6237
vn -0.5888 0.7993 -0.1204
vn -0.4804 0.7338 0.4804
vn -0.5888 0.7993 0.1204
vn -0.1629 0.4478 0.8792
vn -0.6237 0.4710 0.6237
vn -0.1204 0.7993 0.5888
vn -0.1569 -0.4802 -0.8630
vn -0.4804 -0.7338 -0.4804
vn -0.6080 -0.5107 -0.6080
vn -0.1205 -0.7993 -0.5888
vn -0.5888 -0.7993 -0.1205
vn 0.4804 -0.7338 -0.4804
vn 0.1205 -0.7993 -0.5888
vn 0.8630 -0.4802 -0.1568
vn 0.6080 -0.5107 -0.6080
vn 0.5888 -0.7993 -0.1205
vn 0.4804 -0.7338 0.4804
vn 0.5888 -0.7993 0.1205
vn 0.1569 -0.4802 0.8630
vn 0.6080 -0.5107 0.6080
vn 0.1512 -0.9769 0.1512
vn 0.1205 -0.7993 0.5888
vn -0.4804 -0.7338 0.4804
vn -0.1205 -0.7993 0.5888
vn -0.8630 -0.4802 0.1568
vn -0.6080 -0.5107 0.6080
vn -0.5888 -0.7993 0.1205
vn -0.4796 -0.4770 -0.7365
vn -0.6243 -0.6209 -0.4741
vn -0.5868 -0.1194 -0.8009
vn -0.1202 -0.5846 -0.8023
vn -0.8783 0.1619 -0.4498
vn -0.4796 0.4770 -0.7365
vn -0.5868 0.1194 -0.8009
vn -0.1634 0.8771 -0.4516
vn -0.6243 0.6209 -0.4741
vn -0.1202 0.5846 -0.8023
vn 0.4796 0.4770 -0.7365
vn 0.1202 0.5846 -0.8023
vn 0.8783 0.1619 -0.4498
vn 0.6243 0.6209 -0.4741
vn 0.1504 0.1496 -0.9772
vn 0.5868 0.1194 -0.8009
vn 0.4796 -0.4770 -0.7365
vn 0.5868 -0.1194 -0.8009
vn 0.1634 -0.8771 -0.4516
vn 0.6243 -0.6209 -0.4741
vn 0.1202 -0.5846 -0.8023
vn -0.7365 -0.4770 0.4796
vn -0.4741 -0.6209 0.6243
vn -0.8009 -0.1194 0.5868
vn -0.8023 -0.5846 0.1202
vn -0.4498 0.1619 0.8783
vn -0.7365 0.4770 0.4796
vn -0.8009 0.1194 0.5868
vn -0.4741 0.6209 0.6243
vn -0.8023 0.5846 0.1203
vn -0.4516 0.8771 -0.1634
vn -0.7365 0.4770 -0.4796
vn -0.8023 0.5846 -0.1203
vn -0.4498 0.1619 -0.8783
vn -0.4741 0.6209 -0.6243
vn -0.9772 0.1496 -0.1504
vn -0.8009 0.1194 -0.5868
vn -0.7365 -0.4770 -0.4796
vn -0.8009 -0.1194 -0.5868
vn -0.4516 -0.8771 -0.1634
vn -0.4741 -0.6209 -0.6243
vn -0.8023 -0.5846 -0.1202
vn -0.4796 -0.4770 0.7365
vn -0.6243 -0.6209 0.4741
vn -0.1202 -0.5846 0.8023
vn -0.5868 -0.1194 0.8009
vn 0.1634 -0.8771 0.4516
vn 0.4796 -0.4770 0.7365
vn 0.1202 -0.5846 0.8023
vn 0.8783 -0.1619 0.4498
vn 0.6243 -0.6209 0.4741
vn 0.5868 -0.1194 0.8009
vn 0.4796 0.4770 0.7365
vn 0.5868 0.1194 0.8009
vn 0.1634 0.8771 0.4516
vn 0.6243 0.6209 0.4741
vn 0.1504 0.1496 0.9772
vn 0.1202 0.5846 0.8023
vn -0.4796 0.4770 0.7365
vn -0.1202 0.5846 0.8023
vn -0.8783 0.1619 0.4498
vn -0.6243 0.6209 0.4741
vn -0.5868 0.1194 0.8009
vn 0.7365 0.4770 -0.4796
vn 0.4741 0.6209 -0.6243
vn 0.8023 0.5846 -0.1203
vn 0.8009 0.1194 -0.5868
vn 0.4516 0.8771 0.1634
vn 0.7365 0.4770 0.4796
vn 0.8023 0.5846 0.1203
vn 0.4498 0.1619 0.8783
vn 0.4741 0.6209 0.6243
vn 0.8009 0.1194 0.5868
vn 0.7365 -0.4770 0.4796
vn 0.8009 -0.1194 0.5868
vn 0.4516 -0.8771 0.1634
vn 0.4741 -0.6209 0.6243
vn 0.9772 -0.1496 0.1504
vn 0.8023 -0.5846 0.1202
vn 0.7365 -0.4770 -0.4796
vn 0.8023 -0.5846 -0.1202
vn 0.4498 -0.1619 -0.8783
vn 0.4741 -0.6209 -0.6243
vn 0.8009 -0.1194 -0.5868
vn -0.0458 -0.2395 -0.9698
vn -0.4136 -0.3332 -0.8473
vn -0.1617 -0.5425 -0.8243
vn -0.4374 -0.6996 -0.5650
vn -0.1621 -0.8215 -0.5466
vn -0.9520 -0.2322 -0.1994
vn -0.6451 -0.2848 -0.7091
vn 0.1406 0.2286 -0.9633
vn 0.4374 0.6996 -0.5650
vn 0.1621 0.8215 -0.5466
vn 0.9520 0.2322 -0.1994
vn 0.6451 0.2848 -0.7091
vn 0.4150 0.8454 -0.3362
vn 0.4370 0.5614 -0.7027
vn 0.6466 0.7068 -0.2870
vn 0.1618 0.5425 -0.8243
vn 0.4136 0.3332 -0.8473
vn 0.9519 0.1983 -0.2335
vn 0.4374 -0.6996 -0.5650
vn 0.6451 -0.2848 -0.7091
vn 0.4136 -0.3332 -0.8473
vn 0.1617 -0.5425 -0.8243
vn 0.9520 -0.2322 -0.1994
vn 0.4150 -0.8454 -0.3362
vn -0.4370 0.5614 -0.7027
vn -0.1618 0.5425 -0.8243
vn -0.9519 0.1983 -0.2335
vn -0.6466 0.7068 -0.2870
vn -0.4136 0.3332 -0.8473
vn -0.4374 0.6996 -0.5650
vn -0.6451 0.2848 -0.7091
vn -0.1621 0.8215 -0.5466
vn -0.4150 0.8454 -0.3362
vn -0.9520 0.2322 -0.1994
vn 0.4370 0.5614 0.7027
vn 0.1618 0.5425 0.8243
vn 0.9519 0.1983 0.2335
vn 0.6466 0.7068 0.2870
vn 0.4136 0.3332 0.8473
vn 0.4374 0.6996 0.5650
vn 0.6451 0.2848 0.7091
vn 0.9520 0.2322 0.1994
vn 0.4150 0.8454 0.3362
vn -0.4370 0.5614 0.7027
vn -0.6466 0.7068 0.2870
vn -0.1618 0.5425 0.8243
vn -0.4136 0.3332 0.8473
vn -0.0458 0.2395 0.9698
vn -0.4374 0.6996 0.5650
vn -0.1621 0.8215 0.5466
vn -0.6451 0.2848 0.7091
vn -0.4370 -0.5614 -0.7027
vn -0.6466 -0.7068 -0.2870
vn -0.9519 -0.1983 -0.2335
vn 0.1413 -0.9626 -0.2310
vn 0.4370 -0.5614 -0.7027
vn 0.9519 -0.1983 -0.2335
vn 0.6466 -0.7068 -0.2870
vn 0.4370 -0.5614 0.7027
vn 0.6466 -0.7068 0.2870
vn 0.0458 -0.2395 0.9698
vn 0.4136 -0.3332 0.8473
vn 0.1617 -0.5425 0.8243
vn 0.9519 -0.1983 0.2335
vn 0.4374 -0.6996 0.5650
vn 0.1621 -0.8215 0.5466
vn 0.9520 -0.2322 0.1994
vn 0.6451 -0.2848 0.7091
vn -0.1413 -0.9626 0.2310
vn -0.4370 -0.5614 0.7027
vn -0.1617 -0.5425 0.8243
vn -0.9519 -0.1983 0.2335
vn -0.6466 -0.7068 0.2870
vn -0.0461 -0.9692 0.2419
vn -0.4150 -0.8454 0.3362
vn -0.1621 -0.8215 0.5466
vn -0.4374 -0.6996 0.5650
vn -0.6451 -0.2848 0.7091
vn -0.9520 -0.2322 0.1994
vn -0.9698 -0.2395 0.0458
vn -0.8473 -0.3332 0.4136
vn -0.8243 -0.5425 0.1618
vn -0.5650 -0.6996 0.4374
vn -0.5466 -0.8215 0.1621
vn -0.1994 -0.2322 0.9520
vn -0.7091 -0.2848 0.6451
vn -0.7027 0.5614 -0.4370
vn -0.2870 0.7068 -0.6466
vn -0.8243 0.5425 -0.1618
vn -0.8473 0.3332 -0.4137
vn -0.9698 0.2395 -0.0458
vn -0.9633 0.2286 -0.1406
vn -0.5650 0.6996 -0.4374
vn -0.5466 0.8215 -0.1621
vn -0.7091 0.2848 -0.6451
vn -0.5650 -0.6996 -0.4374
vn -0.7091 -0.2848 -0.6451
vn -0.3362 -0.8454 -0.4150
vn -0.5466 -0.8215 -0.1621
vn -0.2419 -0.9692 -0.0461
vn -0.1994 -0.2322 -0.9520
vn -0.2310 0.9626 0.1413
vn -0.7027 0.5614 0.4370
vn -0.8243 0.5425 0.1618
vn -0.2335 0.1983 0.9519
vn -0.2870 0.7068 0.6466
vn -0.8473 0.3332 0.4137
vn -0.5650 0.6996 0.4374
vn -0.7091 0.2848 0.6451
vn -0.5466 0.8215 0.1621
vn -0.3362 0.8454 0.4150
vn -0.1994 0.2322 0.9520
vn -0.7027 -0.5615 0.4370
vn -0.2870 -0.7068 0.6466
vn -0.2335 -0.1983 0.9519
vn 0.5650 0.6996 -0.4374
vn 0.7091 0.2848 -0.6451
vn 0.5466 0.8215 -0.1621
vn 0.3362 0.8454 -0.4150
vn 0.1994 0.2322 -0.9520
vn 0.7027 0.5614 -0.4370
vn 0.8243 0.5425 -0.1618
vn 0.2335 0.1983 -0.9519
vn 0.2870 0.7068 -0.6466
vn 0.8473 0.3332 -0.4137
vn -0.2310 -0.9626 -0.1413
vn -0.7027 -0.5615 -0.4370
vn -0.8243 -0.5425 -0.1618
vn -0.2335 -0.1983 -0.9519
vn -0.2870 -0.7068 -0.6466
vn -0.8473 -0.3332 -0.4136
vn 0.5650 0.6996 0.4374
vn 0.5466 0.8215 0.1621
vn 0.1994 0.2322 0.9520
vn 0.7091 0.2848 0.6451
vn 0.3362 0.8454 0.4150
vn 0.7027 0.5614 0.4370
vn 0.2870 0.7068 0.6466
vn 0.8243 0.5425 0.1618
vn 0.8473 0.3332 0.4136
vn 0.2335 0.1983 0.9519
vn 0.5650 -0.6996 -0.4374
vn 0.5466 -0.8215 -0.1621
vn 0.1994 -0.2322 -0.9520
vn 0.7091 -0.2848 -0.6451
vn 0.7027 -0.5615 -0.4370
vn 0.8243 -0.5425 -0.1618
vn 0.8473 -0.3332 -0.4136
vn 0.2870 -0.7068 -0.6466
vn 0.9698 -0.2395 -0.0458
vn 0.2335 -0.1983 -0.9519
vn 0.2310 -0.9626 0.1413
vn 0.7027 -0.5615 0.4370
vn 0.8243 -0.5425 0.1618
vn 0.2335 -0.1983 0.9519
vn 0.2870 -0.7068 0.6466
vn 0.2419 -0.9692 0.0461
vn 0.3362 -0.8454 0.4150
vn 0.5466 -0.8215 0.1621
vn 0.5650 -0.6996 0.4374
vn 0.7091 -0.2848 0.6451
vn 0.1994 -0.2322 0.9520
vn 0.4452 0.7769 0.4452
vn 0.4081 0.8959 0.1754
vn 0.6678 0.3288 0.6678
vn 0.1753 0.8959 0.4081
vn -0.4452 0.7769 0.4452
vn -0.6678 0.3288 0.6678
vn -0.1753 0.8959 0.4081
vn -0.4081 0.8959 0.1754
vn -0.4452 0.7769 -0.4452
vn -0.6678 0.3288 -0.6678
vn -0.4081 0.8959 -0.1754
vn -0.1753 0.8959 -0.4081
vn -0.9582 0.2438 -0.1499
vn 0.1499 0.2438 -0.9582
vn 0.4452 0.7769 -0.4452
vn 0.1753 0.8959 -0.4081
vn 0.6678 0.3288 -0.6678
vn 0.4081 0.8959 -0.1754
vn -0.0000 0.6946 0.7194
vn -0.1403 0.6946 0.7056
vn -0.3997 0.6946 0.5982
vn -0.2753 0.6946 0.6647
vn -0.5087 0.6946 0.5087
vn -0.1463 0.9783 0.1463
vn -0.5982 0.6946 0.3997
vn -0.6647 0.6946 0.2753
vn -0.7056 0.6946 0.1404
vn -0.7194 0.6946 -0.0000
vn -0.7056 0.6946 -0.1403
vn -0.6647 0.6946 -0.2753
vn -0.5982 0.6946 -0.3997
vn -0.5087 0.6946 -0.5087
vn -0.1463 0.9783 -0.1463
vn -0.3997 0.6946 -0.5982
vn -0.2753 0.6946 -0.6647
vn -0.1403 0.6946 -0.7056
vn -0.0000 0.6946 -0.7194
vn 0.1404 0.6946 -0.7056
vn 0.2753 0.6946 -0.6646
vn 0.3997 0.6946 -0.5982
vn 0.5087 0.6946 -0.5087
vn 0.5982 0.6946 -0.3997
vn 0.6647 0.6946 -0.2753
vn 0.7056 0.6946 -0.1404
vn 0.7194 0.6946 -0.0000
vn 0.7056 0.6946 0.1404
vn 0.6647 0.6946 0.2753
vn 0.5982 0.6946 0.3997
vn 0.5087 0.6946 0.5087
vn 0.3997 0.6946 0.5982
vn 0.1403 0.6946 0.7056
vn 0.2753 0.6946 0.6646
vn 0.1357 0.7185 -0.6821
vn -0.0000 0.7185 -0.6955
vn 0.2661 0.7185 -0.6425
vn 0.3864 0.7186 -0.5783
vn 0.4918 0.7186 -0.4918
vn 0.5783 0.7186 -0.3864
vn 0.6425 0.7185 -0.2661
vn 0.6821 0.7186 -0.1357
vn 0.6821 0.7185 0.1357
vn 0.6955 0.7185 -0.0000
vn 0.6425 0.7185 0.2661
vn 0.5783 0.7186 0.3864
vn 0.4918 0.7186 0.4918
vn 0.3864 0.7185 0.5783
vn 0.2662 0.7185 0.6425
vn 0.1357 0.7185 0.6821
vn -0.0000 0.7185 0.6955
vn -0.1357 0.7186 0.6821
vn -0.2661 0.7186 0.6425
vn -0.4918 0.7186 0.4918
vn -0.3864 0.7185 0.5783
vn -0.5783 0.7186 0.3864
vn -0.6425 0.7185 0.2661
vn -0.6821 0.7185 0.1357
vn -0.6955 0.7185 -0.0000
vn -0.6821 0.7186 -0.1357
vn -0.6426 0.7185 -0.2662
vn -0.5783 0.7185 -0.3864
vn -0.3864 0.7186 -0.5783
vn -0.4918 0.7185 -0.4918
vn -0.2661 0.7186 -0.6425
vn -0.1357 0.7185 -0.6821
vn 0.0458 0.2395 -0.9698
vn 0.6892 0.2760 -0.6700
vn 0.9768 0.1510 -0.1518
vn 0.6906 0.6677 -0.2781
vn 0.6898 0.5105 -0.5133
vn 0.1947 0.9055 -0.3771
vn -0.0461 0.9692 -0.2419
vn -0.6906 0.6677 -0.2781
vn -0.9768 0.1510 -0.1518
vn -0.6892 0.2760 -0.6700
vn -0.6898 0.5105 -0.5133
vn -0.1940 0.3737 -0.9070
vn 0.0461 0.9692 0.2419
vn 0.6906 0.6677 0.2781
vn 0.6898 0.5105 0.5133
vn 0.9768 0.1510 0.1518
vn 0.1940 0.3737 0.9071
vn 0.6892 0.2760 0.6700
vn -0.6892 0.2760 0.6700
vn -0.9767 0.0817 0.1983
vn -0.1947 0.9055 0.3771
vn -0.6898 0.5105 0.5133
vn -0.6906 0.6677 0.2781
vn -0.4150 0.8454 0.3362
vn -0.9769 0.1972 0.0821
vn 0.1621 0.8215 0.5466
vn 0.0461 -0.9692 -0.2419
vn 0.6906 -0.6677 -0.2781
vn 0.9768 -0.1510 -0.1518
vn 0.6892 -0.2760 -0.6700
vn 0.6898 -0.5105 -0.5133
vn 0.1940 -0.3737 -0.9070
vn -0.1947 -0.9055 -0.3771
vn -0.6898 -0.5105 -0.5133
vn -0.6906 -0.6677 -0.2781
vn -0.9768 -0.1510 -0.1518
vn -0.4150 -0.8454 -0.3362
vn -0.6892 -0.2760 -0.6700
vn 0.1621 -0.8215 -0.5466
vn 0.6892 -0.2760 0.6700
vn 0.9768 -0.1510 0.1518
vn 0.6906 -0.6677 0.2781
vn 0.6898 -0.5105 0.5133
vn 0.1947 -0.9055 0.3771
vn 0.4150 -0.8454 0.3362
vn -0.6906 -0.6677 0.2781
vn -0.9768 -0.1510 0.1518
vn -0.6898 -0.5105 0.5133
vn -0.6892 -0.2760 0.6700
vn -0.4136 -0.3332 0.8473
vn -0.6700 0.2760 -0.6892
vn -0.1983 0.0817 -0.9767
vn -0.5133 0.5105 -0.6898
vn -0.2781 0.6677 -0.6906
vn -0.3362 0.8454 -0.4150
vn -0.0821 0.1972 -0.9769
vn -0.2419 0.9692 0.0461
vn -0.2781 0.6677 0.6906
vn -0.5133 0.5105 0.6898
vn -0.1518 0.1510 0.9768
vn -0.9071 0.3737 0.1940
vn -0.6700 0.2760 0.6892
vn 0.2419 0.9692 -0.0461
vn 0.2781 0.6677 -0.6906
vn 0.5133 0.5105 -0.6898
vn 0.1518 0.1510 -0.9768
vn 0.9071 0.3737 -0.1940
vn 0.6700 0.2760 -0.6892
vn 0.9698 0.2395 0.0458
vn 0.6700 0.2760 0.6892
vn 0.5133 0.5105 0.6898
vn 0.1518 0.1510 0.9768
vn 0.2781 0.6677 0.6906
vn -0.2781 -0.6677 -0.6906
vn -0.1518 -0.1509 -0.9768
vn -0.9071 -0.3737 -0.1940
vn -0.5133 -0.5105 -0.6898
vn -0.6700 -0.2760 -0.6892
vn -0.2781 -0.6677 0.6906
vn -0.5133 -0.5105 0.6898
vn -0.1518 -0.1509 0.9768
vn -0.3362 -0.8454 0.4150
vn -0.6700 -0.2760 0.6892
vn 0.6700 -0.2760 -0.6892
vn 0.1518 -0.1509 -0.9768
vn 0.2781 -0.6677 -0.6906
vn 0.5133 -0.5105 -0.6898
vn 0.3771 -0.9055 -0.1947
vn 0.3362 -0.8454 -0.4150
vn 0.2781 -0.6677 0.6906
vn 0.1518 -0.1509 0.9768
vn 0.5133 -0.5105 0.6898
vn 0.6700 -0.2760 0.6892
vn 0.8473 -0.3332 0.4136
vn -0.0358 0.9830 0.1799
vn -0.0000 0.7186 0.6955
vn -0.1019 0.9830 0.1525
vn -0.3864 0.7186 0.5782
vn -0.5782 0.7186 0.3864
vn -0.1525 0.9830 0.1019
vn -0.6425 0.7186 0.2661
vn -0.6821 0.7186 0.1357
vn -0.1799 0.9830 0.0358
vn -0.6955 0.7186 -0.0000
vn -0.1799 0.9830 -0.0358
vn -0.6425 0.7186 -0.2661
vn -0.5782 0.7186 -0.3864
vn -0.1525 0.9830 -0.1019
vn -0.4918 0.7186 -0.4918
vn -0.3864 0.7186 -0.5782
vn -0.1019 0.9830 -0.1525
vn -0.0358 0.9830 -0.1799
vn -0.1357 0.7186 -0.6821
vn -0.0000 0.7186 -0.6955
vn 0.0358 0.9830 -0.1799
vn 0.1357 0.7186 -0.6821
vn 0.2661 0.7186 -0.6425
vn 0.1019 0.9830 -0.1525
vn 0.3864 0.7186 -0.5782
vn 0.1297 0.9830 -0.1297
vn 0.1525 0.9830 -0.1019
vn 0.6425 0.7186 -0.2661
vn 0.1799 0.9830 -0.0358
vn 0.1834 0.9830 -0.0000
vn 0.6955 0.7186 -0.0000
vn 0.6821 0.7186 0.1357
vn 0.1799 0.9830 0.0358
vn 0.6425 0.7186 0.2661
vn 0.1525 0.9830 0.1019
vn 0.1297 0.9830 0.1297
vn 0.1019 0.9830 0.1525
vn 0.3864 0.7186 0.5783
vn 0.2661 0.7186 0.6425
vn 0.1357 0.7186 0.6821
vn 0.0358 0.9830 0.1799
vn -0.1408 0.6946 -0.7055
vn 0.0001 0.6974 -0.7167
vn -0.4008 0.6946 0.5973
vn -0.2734 0.6978 0.6621
vn 0.6757 0.6823 -0.2791
vn 0.5932 0.7022 -0.3937
vn -0.5046 0.6986 0.5072
vn 0.7134 0.6861 -0.1427
vn -0.5939 0.7010 0.3948
vn -0.6737 0.6845 0.2784
vn 0.7084 0.6915 0.1412
vn -0.7140 0.6855 0.1424
vn 0.6649 0.6946 0.2747
vn -0.7194 0.6946 0.0004
vn 0.5956 0.6976 0.3983
vn -0.7058 0.6943 -0.1408
vn 0.5124 0.6886 0.5131
vn -0.6648 0.6947 -0.2748
vn 0.4009 0.6947 0.5973
vn -0.5961 0.6969 -0.3986
vn 0.2733 0.6976 0.6623
vn 0.1405 0.6946 -0.7055
vn -0.5120 0.6892 -0.5127
vn 0.1410 0.6947 0.7054
vn 0.2729 0.6992 -0.6608
vn -0.4007 0.6947 -0.5974
vn -0.0001 0.6993 0.7148
vn 0.4009 0.6947 -0.5973
vn -0.2734 0.6979 -0.6620
vn -0.1408 0.6946 0.7055
vn 0.5034 0.7000 -0.5066
vt 0.433677 0.427701
vt 0.427070 0.434322
vt 0.426986 0.427701
vt 0.439516 0.427701
vt 0.433943 0.434488
vt 0.427307 0.439935
vt 0.437418 0.437690
vt 0.433792 0.439055
vt 0.018321 0.211311
vt 0.011700 0.204690
vt 0.018321 0.204690
vt 0.018321 0.216924
vt 0.011534 0.211477
vt 0.006087 0.204690
vt 0.008332 0.214679
vt 0.006967 0.211133
vt 0.427070 0.011700
vt 0.433678 0.018321
vt 0.426987 0.018321
vt 0.427306 0.006087
vt 0.433944 0.011534
vt 0.439516 0.018321
vt 0.437417 0.008332
vt 0.438693 0.011878
vt 0.011700 0.241332
vt 0.018321 0.234711
vt 0.018321 0.241332
vt 0.006087 0.241332
vt 0.011534 0.234545
vt 0.018321 0.229098
vt 0.008332 0.231343
vt 0.011878 0.229977
vt 0.241073 0.434322
vt 0.234465 0.427701
vt 0.240990 0.427701
vt 0.241310 0.439935
vt 0.234400 0.434488
vt 0.229101 0.427701
vt 0.231483 0.437690
vt 0.230034 0.434144
vt 0.234463 0.018321
vt 0.241071 0.011700
vt 0.240988 0.018321
vt 0.229098 0.018321
vt 0.234398 0.011534
vt 0.241307 0.006087
vt 0.231480 0.008332
vt 0.234933 0.006967
vt 0.433678 0.204690
vt 0.427070 0.211311
vt 0.426987 0.204690
vt 0.439516 0.204690
vt 0.433944 0.211477
vt 0.427307 0.216924
vt 0.437417 0.214679
vt 0.433792 0.216044
vt 0.211311 0.204690
vt 0.204690 0.211311
vt 0.204690 0.204690
vt 0.216924 0.204690
vt 0.211477 0.211477
vt 0.204690 0.216924
vt 0.214679 0.214679
vt 0.211133 0.216044
vt 0.649659 0.234711
vt 0.656266 0.241332
vt 0.649575 0.241332
vt 0.649896 0.229098
vt 0.656532 0.234545
vt 0.662105 0.241332
vt 0.660007 0.231343
vt 0.661283 0.234889
vt 0.241071 0.211311
vt 0.234463 0.204690
vt 0.240988 0.204690
vt 0.241307 0.216924
vt 0.234398 0.211477
vt 0.229098 0.204690
vt 0.231480 0.214679
vt 0.230031 0.211133
vt 0.457054 0.241332
vt 0.463662 0.234711
vt 0.463579 0.241332
vt 0.451690 0.241332
vt 0.456989 0.234545
vt 0.463899 0.229098
vt 0.454072 0.231343
vt 0.457525 0.229977
vt 0.204690 0.234711
vt 0.211311 0.241332
vt 0.204690 0.241332
vt 0.204690 0.229098
vt 0.211477 0.234545
vt 0.216924 0.241332
vt 0.214679 0.231343
vt 0.216044 0.234889
vt 0.427070 0.234711
vt 0.433677 0.241332
vt 0.426986 0.241332
vt 0.427307 0.229098
vt 0.433943 0.234545
vt 0.439516 0.241332
vt 0.437418 0.231343
vt 0.438694 0.234889
vt 0.656269 0.204690
vt 0.649661 0.211311
vt 0.649578 0.204690
vt 0.662107 0.204690
vt 0.656535 0.211477
vt 0.649898 0.216924
vt 0.660009 0.214679
vt 0.656383 0.216044
vt 0.011700 0.018321
vt 0.018321 0.011700
vt 0.018321 0.018321
vt 0.006087 0.018321
vt 0.011534 0.011534
vt 0.018321 0.006087
vt 0.008332 0.008332
vt 0.011878 0.006967
vt 0.463663 0.211311
vt 0.457055 0.204690
vt 0.463580 0.204690
vt 0.463899 0.216924
vt 0.456990 0.211477
vt 0.451690 0.204690
vt 0.454072 0.214679
vt 0.452623 0.211133
vt 0.234465 0.241332
vt 0.241073 0.234711
vt 0.240990 0.241332
vt 0.229101 0.241332
vt 0.234400 0.234545
vt 0.241310 0.229098
vt 0.231483 0.231343
vt 0.234936 0.229977
vt 0.018321 0.434322
vt 0.011700 0.427701
vt 0.018321 0.427701
vt 0.018321 0.439935
vt 0.011534 0.434488
vt 0.006087 0.427701
vt 0.008332 0.437690
vt 0.006967 0.434144
vt 0.649661 0.011700
vt 0.656269 0.018321
vt 0.649578 0.018321
vt 0.649898 0.006087
vt 0.656535 0.011534
vt 0.662107 0.018321
vt 0.660008 0.008332
vt 0.661285 0.011878
vt 0.656266 0.427701
vt 0.649659 0.434322
vt 0.649575 0.427701
vt 0.662105 0.427701
vt 0.656532 0.434488
vt 0.649896 0.439935
vt 0.660007 0.437690
vt 0.656381 0.439055
vt 0.204690 0.011700
vt 0.211311 0.018321
vt 0.204690 0.018321
vt 0.204690 0.006087
vt 0.211477 0.011534
vt 0.216924 0.018321
vt 0.214679 0.008332
vt 0.216044 0.011878
vt 0.211311 0.427701
vt 0.204690 0.434322
vt 0.204690 0.427701
vt 0.216924 0.427701
vt 0.211477 0.434488
vt 0.204690 0.439935
vt 0.214679 0.437690
vt 0.211133 0.439055
vt 0.463662 0.434322
vt 0.457054 0.427701
vt 0.463579 0.427701
vt 0.463899 0.439935
vt 0.456989 0.434488
vt 0.451690 0.427701
vt 0.454072 0.437690
vt 0.452623 0.434144
vt 0.457055 0.018321
vt 0.463663 0.011700
vt 0.463580 0.018321
vt 0.451690 0.018321
vt 0.456990 0.011534
vt 0.463899 0.006087
vt 0.454072 0.008332
vt 0.457525 0.006967
vt 0.980272 0.615622
vt 0.974877 0.454843
vt 0.980272 0.459562
vt 0.920459 0.798092
vt 0.926163 0.637933
vt 0.926163 0.803101
vt 0.980731 0.642703
vt 0.986126 0.803483
vt 0.980731 0.798763
vt 0.887203 0.013184
vt 0.892907 0.173941
vt 0.887203 0.168933
vt 0.831005 0.392611
vt 0.836710 0.231832
vt 0.836710 0.397331
vt 0.924664 0.236194
vt 0.930369 0.396950
vt 0.924664 0.391941
vt 0.831007 0.013541
vt 0.836712 0.174320
vt 0.831007 0.169600
vt 0.924666 0.169616
vt 0.930371 0.008860
vt 0.930371 0.174028
vt 0.934568 0.459891
vt 0.940272 0.620050
vt 0.934568 0.615638
vt 0.189228 0.459562
vt 0.195219 0.620342
vt 0.189228 0.615622
vt 0.905935 0.169617
vt 0.911639 0.008860
vt 0.911639 0.174030
vt 0.970372 0.013541
vt 0.964976 0.174320
vt 0.964976 0.008821
vt 0.189228 0.642703
vt 0.195218 0.803483
vt 0.189228 0.798763
vt 0.882995 0.798763
vt 0.888699 0.637984
vt 0.888699 0.803483
vt 0.215177 0.798763
vt 0.209186 0.637983
vt 0.215177 0.642703
vt 0.887201 0.236552
vt 0.892905 0.397331
vt 0.887201 0.392611
vt 0.849737 0.392611
vt 0.855442 0.231832
vt 0.855442 0.397331
vt 0.849739 0.013541
vt 0.855444 0.174320
vt 0.849739 0.169600
vt 0.208290 0.459562
vt 0.214281 0.620342
vt 0.208290 0.615622
vt 0.901727 0.798095
vt 0.907431 0.637933
vt 0.907431 0.803103
vt 0.413603 0.636611
vt 0.555720 0.636611
vt 0.484662 0.648491
vt 0.905933 0.236879
vt 0.911637 0.397041
vt 0.905933 0.392628
vt 0.875027 0.392611
vt 0.869323 0.231832
vt 0.875027 0.236552
vt 0.875029 0.169600
vt 0.869325 0.008821
vt 0.875029 0.013541
vt 0.199081 0.422091
vt 0.023930 0.422091
vt 0.469178 0.199081
vt 0.469178 0.023930
vt 0.023930 0.246941
vt 0.246588 0.422091
vt 0.246588 0.246941
vt 0.246586 0.023930
vt 0.421389 0.023930
vt 0.421388 0.422091
vt 0.643977 0.422091
vt 0.469177 0.422091
vt 0.643980 0.023930
vt 0.469177 0.246941
vt 0.643977 0.246941
vt 0.421389 0.199081
vt 0.246587 0.199081
vt 0.421388 0.246941
vt 0.199081 0.023930
vt 0.199081 0.199081
vt 0.023930 0.199081
vt 0.199081 0.246941
vt 0.023930 0.023930
vt 0.643980 0.199081
vt 0.111330 0.822416
vt 0.106412 0.967183
vt 0.106412 0.820590
vt 0.909163 0.966380
vt 0.902887 0.822018
vt 0.909163 0.820080
vt 0.092085 0.822416
vt 0.087167 0.967183
vt 0.087167 0.820590
vt 0.960736 0.600440
vt 0.954460 0.456076
vt 0.960736 0.454138
vt 0.739830 0.940838
vt 0.733554 0.796071
vt 0.739830 0.794245
vt 0.034293 0.822021
vt 0.028017 0.966614
vt 0.028017 0.820314
vt 0.754325 0.794245
vt 0.760600 0.939012
vt 0.754325 0.940838
vt 0.961121 0.781535
vt 0.967397 0.637173
vt 0.967397 0.783473
vt 0.007247 0.964676
vt 0.013523 0.820314
vt 0.013523 0.966614
vt 0.677283 0.796290
vt 0.670904 0.941057
vt 0.670904 0.794463
vt 0.940351 0.944266
vt 0.946627 0.799901
vt 0.946627 0.946203
vt 0.053594 0.822416
vt 0.048675 0.967183
vt 0.048675 0.820590
vt 0.719010 0.796290
vt 0.712632 0.941057
vt 0.712632 0.794463
vt 0.775095 0.794245
vt 0.781371 0.939012
vt 0.775095 0.940838
vt 0.698147 0.796290
vt 0.691768 0.941057
vt 0.691768 0.794463
vt 0.802141 0.796071
vt 0.795865 0.940838
vt 0.795865 0.794245
vt 0.816635 0.939012
vt 0.822911 0.794245
vt 0.822911 0.940838
vt 0.843681 0.796071
vt 0.837406 0.940838
vt 0.837406 0.794245
vt 0.650040 0.794463
vt 0.656419 0.939231
vt 0.650040 0.941057
vt 0.944559 0.152711
vt 0.950835 0.008116
vt 0.950835 0.154418
vt 0.964167 0.392611
vt 0.969562 0.231832
vt 0.969562 0.397331
vt 0.944557 0.375385
vt 0.950833 0.231022
vt 0.950833 0.377323
vt 0.858176 0.939012
vt 0.864452 0.794245
vt 0.864452 0.940838
vt 0.946627 0.639056
vt 0.940351 0.783823
vt 0.940351 0.637230
vt 0.921005 0.453471
vt 0.779172 0.595588
vt 0.779172 0.453471
vt 0.675671 0.149566
vt 0.817505 0.007449
vt 0.817505 0.149566
vt 0.727599 0.636611
vt 0.869432 0.778728
vt 0.727599 0.778728
vt 0.675668 0.230460
vt 0.817503 0.372577
vt 0.675668 0.372577
vt 0.017231 0.290637
vt 0.744124 0.191880
vt 0.742232 0.202195
vt 0.734153 0.193463
vt 0.383696 0.901022
vt 0.394363 0.820099
vt 0.394363 0.901022
vt 0.744121 0.398426
vt 0.734151 0.396843
vt 0.742230 0.388112
vt 0.125847 0.820099
vt 0.136895 0.901022
vt 0.125847 0.901022
vt 0.151641 0.901022
vt 0.162689 0.820099
vt 0.162689 0.901022
vt 0.538992 0.905151
vt 0.549660 0.986073
vt 0.538992 0.986073
vt 0.733835 0.425469
vt 0.737320 0.418309
vt 0.743696 0.414393
vt 0.744124 0.165247
vt 0.742232 0.175562
vt 0.734153 0.166830
vt 0.307282 0.901022
vt 0.318330 0.820099
vt 0.318330 0.901022
vt 0.564348 0.905151
vt 0.575015 0.986073
vt 0.564348 0.986073
vt 0.792618 0.165020
vt 0.794451 0.175345
vt 0.784489 0.173706
vt 0.794448 0.388192
vt 0.792616 0.398518
vt 0.784487 0.389832
vt 0.794451 0.191679
vt 0.792618 0.202005
vt 0.784489 0.193319
vt 0.067979 0.965357
vt 0.072898 0.820590
vt 0.072898 0.967183
vt 0.794448 0.424990
vt 0.784487 0.423350
vt 0.792616 0.414665
vt 0.292759 0.820099
vt 0.281711 0.901022
vt 0.281711 0.820099
vt 0.006087 0.067626
vt 0.006087 0.290637
vt 0.439516 0.378396
vt 0.656266 0.290637
vt 0.229101 0.290637
vt 0.457054 0.378396
vt 0.234465 0.378396
vt 0.205780 0.155385
vt 0.240412 0.290637
vt 0.211311 0.067626
vt 0.216924 0.155385
vt 0.662105 0.378396
vt 0.457054 0.290637
vt 0.451690 0.290637
vt 0.067626 0.428790
vt 0.463001 0.290637
vt 0.211311 0.290637
vt 0.216924 0.378396
vt 0.205780 0.378396
vt 0.427579 0.378396
vt 0.650168 0.378396
vt 0.017231 0.067626
vt 0.011700 0.155385
vt 0.011700 0.378396
vt 0.433677 0.290637
vt 0.203229 0.820099
vt 0.214277 0.901022
vt 0.203229 0.901022
vt 0.589704 0.986073
vt 0.600371 0.905151
vt 0.600371 0.986073
vt 0.769280 0.388258
vt 0.767389 0.398573
vt 0.759310 0.389841
vt 0.758994 0.425469
vt 0.762479 0.418309
vt 0.768855 0.414393
vt 0.177435 0.901022
vt 0.188483 0.820099
vt 0.188483 0.901022
vt 0.615059 0.905151
vt 0.625726 0.986073
vt 0.615059 0.986073
vt 0.769282 0.202049
vt 0.759312 0.200466
vt 0.767391 0.191734
vt 0.769282 0.165247
vt 0.767391 0.175562
vt 0.759312 0.166830
vt 0.255944 0.901022
vt 0.266992 0.820099
vt 0.266992 0.901022
vt 0.332984 0.820099
vt 0.343652 0.901022
vt 0.332984 0.901022
vt 0.842948 0.414664
vt 0.844780 0.424990
vt 0.834819 0.423350
vt 0.819614 0.414826
vt 0.817782 0.425151
vt 0.809653 0.416465
vt 0.819617 0.191679
vt 0.817784 0.202004
vt 0.809655 0.193319
vt 0.981940 0.901022
vt 0.992607 0.820099
vt 0.992607 0.901022
vt 0.844783 0.201843
vt 0.834822 0.200204
vt 0.842950 0.191518
vt 0.230373 0.820099
vt 0.241422 0.901022
vt 0.230373 0.901022
vt 0.650171 0.155385
vt 0.067626 0.434322
vt 0.067626 0.439935
vt 0.662107 0.155385
vt 0.067626 0.011700
vt 0.067626 0.006087
vt 0.463002 0.067626
vt 0.067626 0.205780
vt 0.155385 0.216924
vt 0.155385 0.211311
vt 0.427580 0.155385
vt 0.155385 0.229098
vt 0.433678 0.067626
vt 0.067626 0.211311
vt 0.067626 0.216924
vt 0.439516 0.155385
vt 0.155385 0.434322
vt 0.457055 0.155385
vt 0.155385 0.017231
vt 0.451690 0.067626
vt 0.155385 0.011700
vt 0.155385 0.006087
vt 0.656269 0.067626
vt 0.240410 0.067626
vt 0.562474 0.818086
vt 0.544457 0.818949
vt 0.549930 0.810760
vt 0.155385 0.240242
vt 0.067626 0.229098
vt 0.067626 0.234711
vt 0.234463 0.067626
vt 0.229098 0.067626
vt 0.234463 0.155385
vt 0.966335 0.827453
vt 0.964136 0.838663
vt 0.964206 0.827453
vt 0.966541 0.860653
vt 0.964748 0.870587
vt 0.964412 0.860653
vt 0.966877 0.870587
vt 0.965200 0.879295
vt 0.966876 0.900888
vt 0.965197 0.892180
vt 0.967326 0.892180
vt 0.966541 0.910822
vt 0.964747 0.900888
vt 0.966334 0.921602
vt 0.964412 0.910822
vt 0.966265 0.932812
vt 0.964206 0.921602
vt 0.966334 0.944022
vt 0.964136 0.932812
vt 0.966541 0.954801
vt 0.964206 0.944022
vt 0.966876 0.964736
vt 0.964412 0.954801
vt 0.967326 0.973443
vt 0.964746 0.964736
vt 0.886974 0.827454
vt 0.885297 0.818746
vt 0.887426 0.818746
vt 0.886639 0.837388
vt 0.884845 0.827454
vt 0.886432 0.848167
vt 0.884510 0.837388
vt 0.886362 0.859378
vt 0.884303 0.848167
vt 0.886432 0.870588
vt 0.884233 0.859378
vt 0.886639 0.881367
vt 0.884303 0.870588
vt 0.886974 0.891302
vt 0.884510 0.881367
vt 0.887426 0.900009
vt 0.884845 0.891302
vt 0.986973 0.006442
vt 0.984393 0.015150
vt 0.984844 0.006442
vt 0.986522 0.015150
vt 0.984059 0.025085
vt 0.986188 0.025085
vt 0.983853 0.035864
vt 0.985981 0.035864
vt 0.983783 0.047074
vt 0.985912 0.047074
vt 0.983853 0.058284
vt 0.985981 0.058284
vt 0.984059 0.069064
vt 0.986188 0.069064
vt 0.984393 0.078998
vt 0.986522 0.078998
vt 0.984844 0.087706
vt 0.967329 0.798032
vt 0.964748 0.806740
vt 0.965200 0.798032
vt 0.966877 0.806740
vt 0.964412 0.816674
vt 0.966541 0.816674
vt 0.358340 0.820099
vt 0.369007 0.901022
vt 0.358340 0.901022
vt 0.966335 0.849874
vt 0.964206 0.849874
vt 0.444426 0.803113
vt 0.452744 0.795604
vt 0.453839 0.799214
vt 0.177495 0.940992
vt 0.179564 0.950796
vt 0.177435 0.950796
vt 0.177680 0.970028
vt 0.180103 0.978716
vt 0.177975 0.978716
vt 0.180500 0.986331
vt 0.178371 0.986331
vt 0.884763 0.920509
vt 0.887284 0.912894
vt 0.886891 0.920509
vt 0.884471 0.929198
vt 0.886600 0.929198
vt 0.884292 0.938625
vt 0.886421 0.938625
vt 0.884233 0.948430
vt 0.886362 0.948429
vt 0.884295 0.958234
vt 0.886424 0.958234
vt 0.884477 0.967661
vt 0.886606 0.967661
vt 0.884771 0.976350
vt 0.886900 0.976349
vt 0.885166 0.983965
vt 0.887295 0.983965
vt 0.152174 0.922876
vt 0.154698 0.915260
vt 0.154303 0.922876
vt 0.151881 0.931564
vt 0.154010 0.931564
vt 0.151701 0.940992
vt 0.153830 0.940992
vt 0.151641 0.950796
vt 0.153770 0.950796
vt 0.151703 0.960600
vt 0.153832 0.960600
vt 0.151885 0.970028
vt 0.154014 0.970027
vt 0.152180 0.978716
vt 0.154308 0.978716
vt 0.152575 0.986331
vt 0.154704 0.986331
vt 0.126771 0.915260
vt 0.128507 0.922876
vt 0.126378 0.922876
vt 0.128215 0.931564
vt 0.126086 0.931564
vt 0.128036 0.940992
vt 0.125907 0.940992
vt 0.127976 0.950796
vt 0.125847 0.950796
vt 0.128038 0.960600
vt 0.125909 0.960600
vt 0.128220 0.970028
vt 0.126091 0.970028
vt 0.128514 0.978716
vt 0.126385 0.978716
vt 0.128909 0.986331
vt 0.126780 0.986331
vt 0.178361 0.915260
vt 0.180096 0.922876
vt 0.177967 0.922876
vt 0.179804 0.931564
vt 0.177675 0.931564
vt 0.179624 0.940992
vt 0.966265 0.838663
vt 0.177498 0.960600
vt 0.179809 0.970027
vt 0.518088 0.875226
vt 0.509101 0.881919
vt 0.514761 0.873448
vt 0.417204 0.843854
vt 0.413450 0.854412
vt 0.413450 0.843484
vt 0.518660 0.864035
vt 0.419192 0.864035
vt 0.417204 0.854042
vt 0.520648 0.854042
vt 0.522270 0.865130
vt 0.423091 0.873448
vt 0.415582 0.865130
vt 0.524402 0.843484
vt 0.524402 0.854412
vt 0.425835 0.884312
vt 0.419764 0.875226
vt 0.520648 0.843854
vt 0.522270 0.832767
vt 0.435955 0.889123
vt 0.428751 0.881919
vt 0.518088 0.822671
vt 0.518660 0.833862
vt 0.514761 0.824449
vt 0.444426 0.894784
vt 0.433562 0.892039
vt 0.509101 0.815978
vt 0.453839 0.898683
vt 0.442648 0.898110
vt 0.504290 0.805857
vt 0.512017 0.813585
vt 0.463462 0.904424
vt 0.463832 0.900670
vt 0.501897 0.808773
vt 0.495203 0.799786
vt 0.474390 0.904424
vt 0.433562 0.805857
vt 0.442648 0.799786
vt 0.493425 0.803113
vt 0.485108 0.795604
vt 0.474020 0.900670
vt 0.485108 0.902292
vt 0.425835 0.813585
vt 0.435955 0.808773
vt 0.428751 0.815978
vt 0.474390 0.793472
vt 0.484013 0.799214
vt 0.474020 0.797226
vt 0.495204 0.898110
vt 0.484013 0.898683
vt 0.493425 0.894784
vt 0.423091 0.824449
vt 0.463462 0.793472
vt 0.463832 0.797226
vt 0.504290 0.892039
vt 0.419192 0.833862
vt 0.419764 0.822671
vt 0.501897 0.889123
vt 0.512017 0.884312
vt 0.555720 0.778728
vt 0.413603 0.778728
vt 0.484662 0.766849
vt 0.570618 0.636611
vt 0.712735 0.778728
vt 0.570618 0.778728
vt 0.681396 0.427386
vt 0.675516 0.387821
vt 0.681396 0.387821
vt 0.809538 0.387350
vt 0.811955 0.393230
vt 0.809538 0.393230
vt 0.179627 0.960600
vt 0.716545 0.426885
vt 0.718963 0.387321
vt 0.718963 0.426885
vt 0.799979 0.610361
vt 0.797562 0.616241
vt 0.797562 0.610361
vt 0.675519 0.204375
vt 0.681399 0.164810
vt 0.681399 0.204375
vt 0.781970 0.610361
vt 0.779552 0.616241
vt 0.779552 0.610361
vt 0.809540 0.164339
vt 0.811957 0.170219
vt 0.809540 0.170219
vt 0.701925 0.427386
vt 0.696046 0.387821
vt 0.701925 0.387821
vt 0.701928 0.164810
vt 0.696048 0.204375
vt 0.696048 0.164810
vt 0.585653 0.867209
vt 0.587736 0.875110
vt 0.579665 0.874322
vt 0.597055 0.820689
vt 0.604991 0.815188
vt 0.599369 0.821926
vt 0.609494 0.818801
vt 0.607530 0.826289
vt 0.575179 0.861609
vt 0.577492 0.862846
vt 0.567018 0.857246
vt 0.559118 0.859752
vt 0.556123 0.853619
vt 0.574245 0.872594
vt 0.594037 0.810498
vt 0.599543 0.812261
vt 0.568870 0.869735
vt 0.588894 0.816326
vt 0.585643 0.809722
vt 0.564402 0.866200
vt 0.617127 0.830019
vt 0.594488 0.874218
vt 0.614654 0.825173
vt 0.580229 0.810377
vt 0.554406 0.833177
vt 0.621297 0.849165
vt 0.612263 0.866804
vt 0.540787 0.827807
vt 0.565069 0.798596
vt 0.572810 0.795394
vt 0.539045 0.836564
vt 0.556123 0.804569
vt 0.564390 0.884572
vt 0.555971 0.878945
vt 0.544991 0.865525
vt 0.540523 0.854750
vt 0.629638 0.818145
vt 0.633992 0.828646
vt 0.618379 0.804424
vt 0.624642 0.810683
vt 0.610412 0.799098
vt 0.601078 0.795230
vt 0.592374 0.793497
vt 0.582362 0.793495
vt 0.539047 0.847345
vt 0.635505 0.836242
vt 0.635507 0.847032
vt 0.549953 0.872933
vt 0.573381 0.888297
vt 0.582075 0.890029
vt 0.609412 0.884974
vt 0.601777 0.888133
vt 0.618499 0.878907
vt 0.624539 0.872871
vt 0.630069 0.864599
vt 0.633810 0.855565
vt 0.592230 0.890031
vt 0.811957 0.164339
vt 0.812944 0.163309
vt 0.813166 0.164307
vt 0.716548 0.164310
vt 0.715561 0.163323
vt 0.716548 0.163101
vt 0.702958 0.163824
vt 0.703166 0.164810
vt 0.808551 0.386320
vt 0.809538 0.386112
vt 0.702956 0.428373
vt 0.701957 0.428594
vt 0.719949 0.386334
vt 0.720171 0.387321
vt 0.796575 0.609330
vt 0.797562 0.609123
vt 0.701928 0.204375
vt 0.702958 0.205362
vt 0.701959 0.205583
vt 0.716548 0.203874
vt 0.715561 0.204861
vt 0.715339 0.203874
vt 0.782957 0.609330
vt 0.783178 0.610329
vt 0.719949 0.427872
vt 0.718963 0.428094
vt 0.702956 0.386835
vt 0.703163 0.387821
vt 0.674488 0.205362
vt 0.674281 0.204375
vt 0.811955 0.387350
vt 0.812942 0.386320
vt 0.813164 0.387318
vt 0.716545 0.387321
vt 0.715558 0.386334
vt 0.716545 0.386112
vt 0.682427 0.428373
vt 0.681428 0.428594
vt 0.718965 0.164310
vt 0.719952 0.163323
vt 0.720174 0.164310
vt 0.808553 0.163309
vt 0.809540 0.163101
vt 0.675519 0.164810
vt 0.674488 0.163824
vt 0.675487 0.163602
vt 0.715558 0.427872
vt 0.715337 0.426885
vt 0.778566 0.609330
vt 0.779552 0.609123
vt 0.682427 0.386835
vt 0.682634 0.387821
vt 0.800966 0.609330
vt 0.801188 0.610329
vt 0.718965 0.203874
vt 0.719952 0.204861
vt 0.718965 0.205083
vt 0.202199 0.819113
vt 0.203198 0.818891
vt 0.357353 0.902009
vt 0.357132 0.901022
vt 0.769280 0.425060
vt 0.770307 0.426050
vt 0.769329 0.426296
vt 0.202199 0.902009
vt 0.201991 0.901022
vt 0.770307 0.387268
vt 0.770489 0.388274
vt 0.357353 0.819113
vt 0.358340 0.818891
vt 0.176405 0.902009
vt 0.176197 0.901022
vt 0.770309 0.164257
vt 0.770491 0.165263
vt 0.589704 0.905151
vt 0.588717 0.904164
vt 0.589704 0.903942
vt 0.588717 0.987060
vt 0.588495 0.986073
vt 0.770309 0.203039
vt 0.769332 0.203285
vt 0.177435 0.820099
vt 0.176405 0.819113
vt 0.177404 0.818891
vt 0.255005 0.902009
vt 0.254770 0.901022
vt 0.820633 0.413921
vt 0.820821 0.414899
vt 0.614072 0.904164
vt 0.615059 0.903942
vt 0.614072 0.987060
vt 0.613851 0.986073
vt 0.845799 0.425895
vt 0.844820 0.426163
vt 0.255944 0.820099
vt 0.255005 0.819113
vt 0.255976 0.818891
vt 0.331998 0.902009
vt 0.331776 0.901022
vt 0.845801 0.202748
vt 0.844823 0.203017
vt 0.242361 0.902009
vt 0.241390 0.902231
vt 0.241422 0.820099
vt 0.242361 0.819113
vt 0.242596 0.820099
vt 0.820635 0.190774
vt 0.820823 0.191752
vt 0.331998 0.819113
vt 0.332984 0.818891
vt 0.980953 0.902009
vt 0.980731 0.901022
vt 0.745148 0.399417
vt 0.744170 0.399663
vt 0.124817 0.819113
vt 0.125815 0.818891
vt 0.124817 0.902009
vt 0.124609 0.901022
vt 0.745150 0.190890
vt 0.745332 0.191897
vt 0.981940 0.820099
vt 0.980953 0.819113
vt 0.981940 0.818891
vt 0.150611 0.902009
vt 0.150403 0.901022
vt 0.745150 0.164257
vt 0.745332 0.165264
vt 0.383696 0.820099
vt 0.382709 0.819113
vt 0.383696 0.818891
vt 0.151641 0.820099
vt 0.150611 0.819113
vt 0.151610 0.818891
vt 0.382709 0.902009
vt 0.382487 0.901022
vt 0.744121 0.425060
vt 0.745148 0.426050
vt 0.744170 0.426296
vt 0.306343 0.902009
vt 0.306107 0.901022
vt 0.795467 0.387287
vt 0.795655 0.388265
vt 0.538006 0.904164
vt 0.538992 0.903942
vt 0.538006 0.987060
vt 0.537784 0.986073
vt 0.795469 0.176251
vt 0.794491 0.176519
vt 0.307282 0.820099
vt 0.306343 0.819113
vt 0.307313 0.818891
vt 0.563361 0.987060
vt 0.563139 0.986073
vt 0.795467 0.425895
vt 0.794488 0.426164
vt 0.292759 0.901022
vt 0.293698 0.902009
vt 0.292728 0.902231
vt 0.293698 0.819113
vt 0.293934 0.820099
vt 0.795469 0.190774
vt 0.795657 0.191752
vt 0.563361 0.904164
vt 0.564348 0.903942
vt 0.815717 0.611633
vt 0.813862 0.610378
vt 0.815273 0.610378
vt 0.815717 0.609123
vt 0.829747 0.609123
vt 0.829302 0.610378
vt 0.827891 0.610378
vt 0.829747 0.611633
vt 0.605827 0.464296
vt 0.605655 0.462291
vt 0.606388 0.463094
vt 0.605695 0.461683
vt 0.605064 0.462315
vt 0.603749 0.460334
vt 0.607598 0.462521
vt 0.605827 0.610889
vt 0.605655 0.612894
vt 0.605064 0.612870
vt 0.607599 0.612664
vt 0.606388 0.612091
vt 0.605695 0.613502
vt 0.603749 0.614850
vt 0.843776 0.611633
vt 0.841920 0.610378
vt 0.843331 0.610378
vt 0.843776 0.609123
vt 0.239886 0.647436
vt 0.239714 0.645432
vt 0.240447 0.646235
vt 0.239754 0.644824
vt 0.239123 0.645456
vt 0.237808 0.643475
vt 0.241657 0.645662
vt 0.239886 0.794030
vt 0.239714 0.796035
vt 0.239123 0.796010
vt 0.241657 0.795804
vt 0.240447 0.795231
vt 0.239754 0.796643
vt 0.237808 0.797991
vt 0.571099 0.462521
vt 0.573157 0.462291
vt 0.572287 0.463094
vt 0.573780 0.462315
vt 0.573149 0.461683
vt 0.575156 0.460334
vt 0.572870 0.464296
vt 0.424797 0.462521
vt 0.422854 0.462291
vt 0.422894 0.461683
vt 0.423026 0.464296
vt 0.423586 0.463094
vt 0.422263 0.462315
vt 0.420947 0.460334
vt 0.387957 0.795804
vt 0.390016 0.796035
vt 0.390007 0.796643
vt 0.389728 0.794030
vt 0.389145 0.795231
vt 0.390638 0.796010
vt 0.392014 0.797991
vt 0.018643 0.795804
vt 0.016700 0.796035
vt 0.017433 0.795231
vt 0.016109 0.796010
vt 0.016740 0.796643
vt 0.014794 0.797991
vt 0.016872 0.794030
vt 0.164944 0.795804
vt 0.167002 0.796035
vt 0.166994 0.796643
vt 0.166715 0.794030
vt 0.166131 0.795231
vt 0.167625 0.796010
vt 0.169001 0.797991
vt 0.753900 0.462521
vt 0.755958 0.462291
vt 0.755088 0.463094
vt 0.756581 0.462315
vt 0.755950 0.461683
vt 0.757957 0.460334
vt 0.755671 0.464296
vt 0.164944 0.645662
vt 0.167002 0.645431
vt 0.166131 0.646235
vt 0.167625 0.645456
vt 0.166994 0.644823
vt 0.169001 0.643475
vt 0.166715 0.647436
vt 0.018643 0.645662
vt 0.016700 0.645431
vt 0.016740 0.644823
vt 0.016872 0.647436
vt 0.017433 0.646235
vt 0.016109 0.645456
vt 0.014794 0.643475
vt 0.424797 0.612664
vt 0.422854 0.612894
vt 0.423586 0.612091
vt 0.422263 0.612870
vt 0.422894 0.613502
vt 0.420947 0.614850
vt 0.423026 0.610889
vt 0.571099 0.612664
vt 0.573157 0.612894
vt 0.573149 0.613502
vt 0.572870 0.610889
vt 0.572287 0.612091
vt 0.573780 0.612870
vt 0.575156 0.614850
vt 0.387957 0.645662
vt 0.390016 0.645432
vt 0.389145 0.646235
vt 0.390638 0.645456
vt 0.390007 0.644824
vt 0.392014 0.643475
vt 0.389728 0.647436
vt 0.753900 0.612664
vt 0.755958 0.612894
vt 0.755950 0.613502
vt 0.755671 0.610889
vt 0.755088 0.612091
vt 0.756581 0.612870
vt 0.757957 0.614850
vt 0.669803 0.792264
vt 0.671123 0.793262
vt 0.712851 0.942258
vt 0.711530 0.943256
vt 0.671123 0.942258
vt 0.669803 0.943256
vt 0.690667 0.792264
vt 0.691987 0.793262
vt 0.711530 0.792264
vt 0.712850 0.793262
vt 0.650259 0.942258
vt 0.648939 0.943256
vt 0.857805 0.609123
vt 0.857360 0.610378
vt 0.855949 0.610378
vt 0.857805 0.611633
vt 0.691987 0.942258
vt 0.690667 0.943256
vt 0.648939 0.792264
vt 0.650259 0.793262
vt 0.229808 0.454843
vt 0.229101 0.452109
vt 0.230644 0.453652
vt 0.231835 0.452816
vt 0.229808 0.620342
vt 0.230644 0.621532
vt 0.229101 0.623076
vt 0.231835 0.622369
vt 0.595802 0.454843
vt 0.595043 0.452109
vt 0.596655 0.453652
vt 0.597825 0.452816
vt 0.595802 0.620342
vt 0.596655 0.621532
vt 0.595043 0.623076
vt 0.597825 0.622369
vt 0.397334 0.452816
vt 0.400068 0.452109
vt 0.398524 0.453652
vt 0.399361 0.454843
vt 0.229860 0.637984
vt 0.229101 0.635249
vt 0.230713 0.636793
vt 0.231883 0.635957
vt 0.229860 0.803483
vt 0.230713 0.804673
vt 0.229101 0.806217
vt 0.231883 0.805510
vt 0.580194 0.452816
vt 0.582869 0.452109
vt 0.581401 0.453652
vt 0.582217 0.454843
vt 0.415024 0.452816
vt 0.413854 0.453652
vt 0.412241 0.452109
vt 0.413001 0.454843
vt 0.397051 0.805510
vt 0.398258 0.804673
vt 0.399726 0.806217
vt 0.399074 0.803483
vt 0.008869 0.805509
vt 0.006087 0.806217
vt 0.007700 0.804673
vt 0.006847 0.803483
vt 0.174037 0.805509
vt 0.175244 0.804673
vt 0.176712 0.806217
vt 0.176060 0.803483
vt 0.762995 0.452816
vt 0.765670 0.452109
vt 0.764202 0.453652
vt 0.765018 0.454843
vt 0.174037 0.635957
vt 0.176712 0.635249
vt 0.175244 0.636793
vt 0.176060 0.637984
vt 0.008869 0.635957
vt 0.007700 0.636793
vt 0.006087 0.635249
vt 0.006847 0.637983
vt 0.415024 0.622369
vt 0.412242 0.623076
vt 0.413854 0.621532
vt 0.413001 0.620342
vt 0.580194 0.622369
vt 0.581401 0.621532
vt 0.582869 0.623076
vt 0.582217 0.620342
vt 0.397051 0.635957
vt 0.399726 0.635249
vt 0.398258 0.636793
vt 0.399074 0.637984
vt 0.762995 0.622369
vt 0.764202 0.621532
vt 0.765670 0.623076
vt 0.765018 0.620342
vt 0.008821 0.622369
vt 0.006087 0.623076
vt 0.007630 0.621532
vt 0.006794 0.620342
vt 0.174320 0.622369
vt 0.175511 0.621532
vt 0.177054 0.623076
vt 0.176347 0.620342
vt 0.006794 0.454843
vt 0.006087 0.452109
vt 0.007630 0.453652
vt 0.008821 0.452816
vt 0.397334 0.622369
vt 0.398524 0.621532
vt 0.400068 0.623076
vt 0.399361 0.620342
vt 0.176347 0.454843
vt 0.175511 0.453652
vt 0.177054 0.452109
vt 0.174320 0.452816
vt 0.234528 0.459563
vt 0.235950 0.458958
vt 0.235799 0.459948
vt 0.236555 0.457536
vt 0.235364 0.458372
vt 0.236940 0.458807
vt 0.237326 0.460334
vt 0.236940 0.616378
vt 0.235799 0.615236
vt 0.237326 0.614850
vt 0.236555 0.617649
vt 0.235950 0.616227
vt 0.234528 0.615622
vt 0.235364 0.616813
vt 0.600872 0.459563
vt 0.602343 0.458958
vt 0.602200 0.459948
vt 0.602895 0.457536
vt 0.601726 0.458372
vt 0.603339 0.458807
vt 0.603339 0.616378
vt 0.602200 0.615236
vt 0.602895 0.617649
vt 0.602344 0.616227
vt 0.600873 0.615622
vt 0.601726 0.616813
vt 0.392614 0.457536
vt 0.393219 0.458958
vt 0.392228 0.458807
vt 0.394641 0.459563
vt 0.393805 0.458372
vt 0.393370 0.459948
vt 0.391842 0.460334
vt 0.234931 0.642703
vt 0.236403 0.642099
vt 0.236259 0.643089
vt 0.236954 0.640677
vt 0.235785 0.641513
vt 0.237398 0.641948
vt 0.237398 0.799519
vt 0.236259 0.798377
vt 0.236954 0.800790
vt 0.236403 0.799368
vt 0.234931 0.798763
vt 0.235785 0.799953
vt 0.575843 0.457536
vt 0.576499 0.458958
vt 0.575517 0.458807
vt 0.577866 0.459563
vt 0.577050 0.458372
vt 0.576656 0.459948
vt 0.419398 0.459948
vt 0.420538 0.458807
vt 0.418071 0.459563
vt 0.419542 0.458958
vt 0.420094 0.457536
vt 0.418924 0.458372
vt 0.393515 0.798377
vt 0.392375 0.799519
vt 0.394724 0.798763
vt 0.393357 0.799368
vt 0.392701 0.800790
vt 0.393908 0.799953
vt 0.013940 0.800790
vt 0.013389 0.799368
vt 0.014384 0.799519
vt 0.011918 0.798763
vt 0.012771 0.799953
vt 0.013245 0.798377
vt 0.170501 0.798377
vt 0.169361 0.799519
vt 0.171710 0.798763
vt 0.170343 0.799368
vt 0.169688 0.800790
vt 0.170894 0.799953
vt 0.758644 0.457536
vt 0.759299 0.458958
vt 0.758318 0.458807
vt 0.760667 0.459563
vt 0.759851 0.458372
vt 0.759457 0.459948
vt 0.169688 0.640676
vt 0.170343 0.642098
vt 0.169361 0.641947
vt 0.171710 0.642703
vt 0.170894 0.641513
vt 0.170501 0.643089
vt 0.013245 0.643089
vt 0.014384 0.641947
vt 0.011918 0.642703
vt 0.013389 0.642098
vt 0.013940 0.640676
vt 0.012771 0.641513
vt 0.420094 0.617649
vt 0.419542 0.616227
vt 0.420538 0.616378
vt 0.418071 0.615622
vt 0.418924 0.616813
vt 0.419398 0.615236
vt 0.576656 0.615236
vt 0.575517 0.616378
vt 0.577866 0.615622
vt 0.576499 0.616227
vt 0.575843 0.617649
vt 0.577050 0.616813
vt 0.392701 0.640677
vt 0.393357 0.642099
vt 0.392375 0.641948
vt 0.394724 0.642703
vt 0.393908 0.641513
vt 0.393515 0.643089
vt 0.759457 0.615236
vt 0.758318 0.616378
vt 0.760667 0.615622
vt 0.759300 0.616227
vt 0.758644 0.617649
vt 0.759851 0.616813
vt 0.013541 0.617649
vt 0.012936 0.616227
vt 0.013927 0.616378
vt 0.011514 0.615622
vt 0.012350 0.616812
vt 0.012785 0.615236
vt 0.014313 0.614850
vt 0.170356 0.615236
vt 0.169214 0.616378
vt 0.168828 0.614850
vt 0.171627 0.615622
vt 0.170205 0.616227
vt 0.169600 0.617649
vt 0.170791 0.616813
vt 0.011514 0.459562
vt 0.012936 0.458958
vt 0.012785 0.459948
vt 0.013541 0.457536
vt 0.012350 0.458372
vt 0.013927 0.458807
vt 0.014313 0.460334
vt 0.393370 0.615236
vt 0.392228 0.616378
vt 0.391842 0.614850
vt 0.394641 0.615622
vt 0.393219 0.616227
vt 0.392614 0.617649
vt 0.393805 0.616813
vt 0.169214 0.458807
vt 0.170356 0.459948
vt 0.168828 0.460334
vt 0.169600 0.457536
vt 0.170205 0.458958
vt 0.171627 0.459562
vt 0.170791 0.458372
vt 0.719010 0.939231
vt 0.720020 0.939993
vt 0.719044 0.940472
vt 0.556895 0.635437
vt 0.557082 0.636504
vt 0.678293 0.795527
vt 0.678493 0.796594
vt 0.720020 0.795527
vt 0.720220 0.796594
vt 0.657429 0.939993
vt 0.656453 0.940472
vt 0.556895 0.779903
vt 0.555828 0.780090
vt 0.656419 0.796289
vt 0.657429 0.795527
vt 0.657629 0.796594
vt 0.698147 0.939231
vt 0.699156 0.939993
vt 0.698180 0.940472
vt 0.412429 0.779903
vt 0.412242 0.778835
vt 0.699156 0.795527
vt 0.699357 0.796594
vt 0.677283 0.939231
vt 0.678293 0.939993
vt 0.677317 0.940472
vt 0.412429 0.635437
vt 0.413496 0.635249
vt 0.111330 0.965357
vt 0.112211 0.966120
vt 0.111296 0.966598
vt 0.569443 0.779903
vt 0.569256 0.778836
vt 0.067098 0.966119
vt 0.066873 0.965052
vt 0.112211 0.821653
vt 0.112436 0.822721
vt 0.053594 0.965357
vt 0.054475 0.966120
vt 0.053560 0.966598
vt 0.569443 0.635437
vt 0.570511 0.635249
vt 0.054475 0.821653
vt 0.054700 0.822721
vt 0.092085 0.965357
vt 0.092966 0.966120
vt 0.092051 0.966598
vt 0.712735 0.636611
vt 0.713910 0.635437
vt 0.714097 0.636504
vt 0.092966 0.821653
vt 0.093191 0.822721
vt 0.067979 0.822416
vt 0.067097 0.821653
vt 0.068013 0.821174
vt 0.713910 0.779903
vt 0.712842 0.780090
vt 0.953513 0.455378
vt 0.954460 0.454871
vt 0.778044 0.452296
vt 0.779096 0.452109
vt 0.857228 0.939775
vt 0.857015 0.938707
vt 0.954460 0.598732
vt 0.953513 0.599557
vt 0.953300 0.598480
vt 0.946627 0.781997
vt 0.947574 0.782760
vt 0.946627 0.783239
vt 0.922221 0.452296
vt 0.922394 0.453364
vt 0.947574 0.638294
vt 0.947787 0.639361
vt 0.940351 0.801609
vt 0.939404 0.800784
vt 0.940351 0.800336
vt 0.921005 0.595588
vt 0.922221 0.596762
vt 0.921142 0.596950
vt 0.939404 0.944963
vt 0.939191 0.943910
vt 0.858176 0.796071
vt 0.857228 0.795308
vt 0.858176 0.794829
vt 0.778044 0.596762
vt 0.777843 0.595695
vt 0.901940 0.821320
vt 0.902887 0.820812
vt 0.818633 0.150741
vt 0.817581 0.150928
vt 0.815688 0.939775
vt 0.815475 0.938707
vt 0.902887 0.964673
vt 0.901940 0.965498
vt 0.901727 0.964420
vt 0.782318 0.939775
vt 0.781371 0.940253
vt 0.674455 0.150740
vt 0.674281 0.149673
vt 0.781371 0.796071
vt 0.782318 0.795308
vt 0.782531 0.796376
vt 0.961121 0.638880
vt 0.960174 0.638055
vt 0.961121 0.637608
vt 0.675671 0.007449
vt 0.674454 0.006274
vt 0.675533 0.006087
vt 0.960174 0.782232
vt 0.959961 0.781179
vt 0.816635 0.796071
vt 0.815688 0.795308
vt 0.816635 0.794829
vt 0.818633 0.006274
vt 0.818834 0.007342
vt 0.761548 0.939775
vt 0.760600 0.940253
vt 0.726471 0.779903
vt 0.726270 0.778836
vt 0.943609 0.376083
vt 0.943396 0.375029
vt 0.760600 0.796071
vt 0.761548 0.795308
vt 0.761761 0.796376
vt 0.944559 0.010054
vt 0.943611 0.009356
vt 0.944559 0.008849
vt 0.726471 0.635437
vt 0.727523 0.635249
vt 0.943611 0.153536
vt 0.943398 0.152459
vt 0.843681 0.939012
vt 0.844629 0.939775
vt 0.843681 0.940253
vt 0.869432 0.636611
vt 0.870648 0.635437
vt 0.870822 0.636504
vt 0.844629 0.795308
vt 0.844842 0.796376
vt 0.944557 0.232729
vt 0.943609 0.231904
vt 0.944557 0.231456
vt 0.870648 0.779903
vt 0.869569 0.780090
vt 0.732607 0.795308
vt 0.733554 0.794829
vt 0.674452 0.373751
vt 0.674279 0.372684
vt 0.035241 0.821196
vt 0.035454 0.822273
vt 0.733554 0.939012
vt 0.732607 0.939775
vt 0.732394 0.938707
vt 0.007247 0.822021
vt 0.006300 0.821196
vt 0.007247 0.820748
vt 0.674452 0.229285
vt 0.675531 0.229098
vt 0.006300 0.965373
vt 0.006087 0.964319
vt 0.802141 0.939012
vt 0.803088 0.939775
vt 0.802141 0.940253
vt 0.817503 0.230460
vt 0.818631 0.229285
vt 0.818832 0.230353
vt 0.803088 0.795308
vt 0.803301 0.796376
vt 0.034293 0.964676
vt 0.035241 0.965373
vt 0.034293 0.965881
vt 0.818631 0.373751
vt 0.817579 0.373939
vt 0.240412 0.378396
vt 0.238708 0.377187
vt 0.239275 0.376687
vt 0.319290 0.818390
vt 0.319602 0.818390
vt 0.013846 0.292346
vt 0.015534 0.292346
vt 0.015054 0.292846
vt 0.136895 0.820099
vt 0.137853 0.818390
vt 0.138230 0.818390
vt 0.743696 0.387759
vt 0.745330 0.386361
vt 0.744898 0.387557
vt 0.015534 0.069335
vt 0.015470 0.068834
vt 0.016046 0.069335
vt 0.993568 0.902731
vt 0.992420 0.902231
vt 0.429341 0.292346
vt 0.428808 0.292346
vt 0.429392 0.291845
vt 0.733835 0.398836
vt 0.732569 0.400572
vt 0.732345 0.400485
vt 0.319290 0.902731
vt 0.318175 0.902231
vt 0.238708 0.291845
vt 0.239275 0.292346
vt 0.013846 0.376687
vt 0.015534 0.376687
vt 0.015470 0.377187
vt 0.993568 0.818390
vt 0.993913 0.818390
vt 0.733838 0.191471
vt 0.732572 0.189735
vt 0.733701 0.190227
vt 0.429341 0.376687
vt 0.429392 0.377187
vt 0.428808 0.376687
vt 0.137853 0.902731
vt 0.136677 0.902231
vt 0.015534 0.153676
vt 0.016046 0.153676
vt 0.015470 0.154177
vt 0.743699 0.202547
vt 0.745332 0.203945
vt 0.745258 0.204194
vt 0.395324 0.818390
vt 0.395669 0.818390
vt 0.733838 0.164837
vt 0.732572 0.163101
vt 0.733701 0.163593
vt 0.651930 0.376687
vt 0.651981 0.377187
vt 0.651397 0.376687
vt 0.163647 0.902731
vt 0.162471 0.902231
vt 0.743699 0.175914
vt 0.745332 0.177312
vt 0.745258 0.177561
vt 0.395324 0.902731
vt 0.394176 0.902231
vt 0.651930 0.292346
vt 0.651397 0.292346
vt 0.651981 0.291845
vt 0.732569 0.427205
vt 0.732345 0.427119
vt 0.650168 0.290637
vt 0.163647 0.818390
vt 0.164024 0.818390
vt 0.745330 0.412995
vt 0.744898 0.414190
vt 0.550620 0.987783
vt 0.549473 0.987282
vt 0.238786 0.376687
vt 0.784163 0.175697
vt 0.782887 0.177426
vt 0.782665 0.177401
vt 0.549660 0.905151
vt 0.550620 0.903441
vt 0.550966 0.903441
vt 0.784160 0.387841
vt 0.782884 0.386112
vt 0.784014 0.386661
vt 0.238786 0.292346
vt 0.575976 0.987783
vt 0.574829 0.987282
vt 0.463001 0.378396
vt 0.461297 0.377187
vt 0.461864 0.376687
vt 0.784160 0.425341
vt 0.782884 0.427070
vt 0.782663 0.427045
vt 0.280751 0.902731
vt 0.280439 0.902731
vt 0.209165 0.376687
vt 0.207477 0.376687
vt 0.207956 0.376186
vt 0.461375 0.376687
vt 0.575015 0.905151
vt 0.575976 0.903442
vt 0.576321 0.903442
vt 0.784163 0.191328
vt 0.782887 0.189599
vt 0.784016 0.190148
vt 0.205780 0.290637
vt 0.207541 0.291845
vt 0.206965 0.292346
vt 0.280751 0.818390
vt 0.281866 0.818891
vt 0.207477 0.292346
vt 0.209165 0.292346
vt 0.463002 0.155385
vt 0.461298 0.154177
vt 0.461865 0.153676
vt 0.267953 0.818390
vt 0.268265 0.818390
vt 0.069335 0.432176
vt 0.069335 0.430488
vt 0.069835 0.430967
vt 0.369968 0.902731
vt 0.368821 0.902231
vt 0.651933 0.069335
vt 0.651400 0.069335
vt 0.651983 0.068834
vt 0.757728 0.427205
vt 0.757504 0.427119
vt 0.650171 0.067626
vt 0.214277 0.820099
vt 0.215235 0.818390
vt 0.215612 0.818390
vt 0.770489 0.412995
vt 0.770057 0.414190
vt 0.267953 0.902731
vt 0.266838 0.902231
vt 0.154177 0.430552
vt 0.153676 0.429976
vt 0.155385 0.428790
vt 0.153676 0.432176
vt 0.153676 0.430488
vt 0.369007 0.820099
vt 0.369968 0.818390
vt 0.370314 0.818390
vt 0.758994 0.387848
vt 0.757728 0.386112
vt 0.758857 0.386604
vt 0.651933 0.153676
vt 0.651983 0.154177
vt 0.651400 0.153676
vt 0.215235 0.902731
vt 0.214059 0.902231
vt 0.069335 0.015534
vt 0.069335 0.016046
vt 0.068834 0.015470
vt 0.768855 0.398925
vt 0.770489 0.400323
vt 0.770415 0.400572
vt 0.626687 0.987783
vt 0.625540 0.987282
vt 0.461376 0.153676
vt 0.834493 0.425341
vt 0.833217 0.427070
vt 0.832995 0.427045
vt 0.189441 0.902731
vt 0.188265 0.902231
vt 0.153676 0.207477
vt 0.153676 0.206965
vt 0.154177 0.207541
vt 0.768858 0.175914
vt 0.770491 0.177312
vt 0.770417 0.177561
vt 0.601332 0.903441
vt 0.601677 0.903441
vt 0.758997 0.164837
vt 0.757730 0.163101
vt 0.758859 0.163593
vt 0.429342 0.153676
vt 0.429392 0.154177
vt 0.428809 0.153676
vt 0.625726 0.905151
vt 0.626687 0.903441
vt 0.627033 0.903441
vt 0.809326 0.414475
vt 0.808050 0.412746
vt 0.809180 0.413294
vt 0.461865 0.069335
vt 0.461298 0.068834
vt 0.189441 0.818390
vt 0.189818 0.818390
vt 0.768858 0.191382
vt 0.770491 0.189984
vt 0.770059 0.191179
vt 0.069335 0.207477
vt 0.068834 0.207541
vt 0.069335 0.206965
vt 0.601332 0.987783
vt 0.600184 0.987282
vt 0.429342 0.069335
vt 0.428809 0.069335
vt 0.429392 0.068834
vt 0.758997 0.202458
vt 0.757730 0.204194
vt 0.757506 0.204107
vt 0.229413 0.902731
vt 0.229101 0.902731
vt 0.153676 0.236857
vt 0.153676 0.238545
vt 0.153175 0.238065
vt 0.238784 0.153676
vt 0.239274 0.153676
vt 0.238706 0.154177
vt 0.344613 0.902731
vt 0.343465 0.902231
vt 0.240410 0.155385
vt 0.834495 0.202195
vt 0.833219 0.203924
vt 0.832997 0.203899
vt 0.343652 0.820099
vt 0.344613 0.818390
vt 0.344958 0.818390
vt 0.809329 0.191328
vt 0.808053 0.189599
vt 0.809182 0.190148
vt 0.067626 0.240242
vt 0.068834 0.238480
vt 0.069335 0.239057
vt 0.229413 0.818390
vt 0.230528 0.818891
vt 0.069335 0.238545
vt 0.069335 0.236857
vt 0.591103 0.819445
vt 0.589596 0.818639
vt 0.589832 0.818197
vt 0.588790 0.820146
vt 0.589801 0.819316
vt 0.589154 0.818403
vt 0.570838 0.857350
vt 0.569331 0.856545
vt 0.570008 0.856339
vt 0.568889 0.856309
vt 0.569095 0.856986
vt 0.570137 0.855037
vt 0.575283 0.857789
vt 0.574477 0.859296
vt 0.574272 0.858618
vt 0.574241 0.859737
vt 0.574919 0.859532
vt 0.572970 0.858490
vt 0.593937 0.822897
vt 0.594742 0.821390
vt 0.595184 0.821626
vt 0.593235 0.820584
vt 0.594065 0.821596
vt 0.594978 0.820949
vt 0.584716 0.865337
vt 0.585393 0.865132
vt 0.583445 0.864090
vt 0.584952 0.864896
vt 0.585758 0.863389
vt 0.584746 0.864218
vt 0.603710 0.826184
vt 0.605217 0.826990
vt 0.604539 0.827195
vt 0.605658 0.827226
vt 0.605453 0.826549
vt 0.604411 0.828497
vt 0.599265 0.825746
vt 0.600070 0.824239
vt 0.600276 0.824916
vt 0.600306 0.823797
vt 0.599629 0.824003
vt 0.601578 0.825045
vt 0.579364 0.861908
vt 0.579569 0.862586
vt 0.580611 0.860637
vt 0.579805 0.862144
vt 0.581313 0.862950
vt 0.580483 0.861939
vt 0.674281 0.164810
vt 0.715337 0.387321
vt 0.682634 0.427386
vt 0.720174 0.203874
vt 0.718965 0.163101
vt 0.811957 0.163101
vt 0.718963 0.386112
vt 0.811955 0.386112
vt 0.781970 0.609123
vt 0.716545 0.428094
vt 0.716548 0.205083
vt 0.799979 0.609123
vt 0.703163 0.427386
vt 0.720171 0.426885
vt 0.703166 0.204375
vt 0.715339 0.164310
vt 0.442076 0.798715
vt 0.967503 0.838663
vt 0.432792 0.804919
vt 0.967572 0.849776
vt 0.418693 0.822098
vt 0.424896 0.812814
vt 0.967777 0.860461
vt 0.414420 0.832414
vt 0.968557 0.878939
vt 0.968110 0.870308
vt 0.415582 0.832767
vt 0.968555 0.892536
vt 0.412241 0.843365
vt 0.967776 0.911015
vt 0.968108 0.901167
vt 0.414420 0.865483
vt 0.412241 0.854531
vt 0.967572 0.921700
vt 0.418693 0.875798
vt 0.967503 0.932812
vt 0.424896 0.885082
vt 0.967572 0.943924
vt 0.432792 0.892978
vt 0.967776 0.954609
vt 0.442076 0.899181
vt 0.452392 0.903454
vt 0.968555 0.973087
vt 0.968108 0.964456
vt 0.452744 0.902292
vt 0.888655 0.819102
vt 0.463343 0.905633
vt 0.887874 0.837580
vt 0.888207 0.827733
vt 0.474509 0.905633
vt 0.485460 0.903454
vt 0.887669 0.848266
vt 0.495776 0.899181
vt 0.887600 0.859378
vt 0.505060 0.892978
vt 0.887874 0.881175
vt 0.887669 0.870490
vt 0.519159 0.875798
vt 0.512956 0.885083
vt 0.888207 0.891022
vt 0.523432 0.865483
vt 0.888655 0.899653
vt 0.525610 0.854531
vt 0.987755 0.015430
vt 0.988201 0.006798
vt 0.525610 0.843365
vt 0.987423 0.025277
vt 0.523432 0.832414
vt 0.987219 0.035962
vt 0.987150 0.047074
vt 0.512955 0.812814
vt 0.519159 0.822098
vt 0.987219 0.058186
vt 0.505060 0.804919
vt 0.987423 0.068871
vt 0.495776 0.798715
vt 0.987755 0.078719
vt 0.986973 0.087706
vt 0.485460 0.794442
vt 0.968557 0.798388
vt 0.474509 0.792264
vt 0.968110 0.807019
vt 0.452392 0.794442
vt 0.463343 0.792264
vt 0.967777 0.816866
vt 0.967572 0.827551
vt 0.176260 0.960698
vt 0.176197 0.950796
vt 0.436725 0.809712
vt 0.444999 0.804184
vt 0.176444 0.970220
vt 0.429690 0.816748
vt 0.176742 0.978996
vt 0.424162 0.825021
vt 0.177142 0.986687
vt 0.420354 0.834214
vt 0.883927 0.912538
vt 0.885155 0.912894
vt 0.883530 0.920230
vt 0.418413 0.843973
vt 0.883236 0.929006
vt 0.418413 0.853923
vt 0.883055 0.938527
vt 0.420354 0.863683
vt 0.883058 0.958332
vt 0.882995 0.948430
vt 0.429690 0.881149
vt 0.424161 0.872875
vt 0.883241 0.967854
vt 0.436725 0.888185
vt 0.883538 0.976629
vt 0.444999 0.893713
vt 0.883937 0.984321
vt 0.454192 0.897520
vt 0.151340 0.914905
vt 0.152569 0.915260
vt 0.150942 0.922597
vt 0.463951 0.899462
vt 0.150646 0.931372
vt 0.483660 0.897520
vt 0.473901 0.899462
vt 0.150464 0.940894
vt 0.492853 0.893713
vt 0.150466 0.960698
vt 0.150403 0.950796
vt 0.501126 0.888185
vt 0.508162 0.881149
vt 0.150650 0.970220
vt 0.151347 0.986687
vt 0.150947 0.978996
vt 0.517498 0.863683
vt 0.513690 0.872875
vt 0.125145 0.922597
vt 0.125542 0.914905
vt 0.519439 0.853923
vt 0.519439 0.843973
vt 0.124851 0.931372
vt 0.517498 0.834214
vt 0.124670 0.940894
vt 0.513690 0.825021
vt 0.124672 0.960699
vt 0.124609 0.950796
vt 0.124855 0.970220
vt 0.508162 0.816748
vt 0.501126 0.809712
vt 0.125152 0.978996
vt 0.492853 0.804184
vt 0.176735 0.922597
vt 0.177133 0.914905
vt 0.473901 0.798435
vt 0.483660 0.800376
vt 0.176439 0.931372
vt 0.463951 0.798435
vt 0.176258 0.940894
vt 0.454192 0.800376
vt 0.201991 0.820099
vt 0.357132 0.820099
vt 0.588495 0.905151
vt 0.176197 0.820099
vt 0.613851 0.905151
vt 0.254770 0.820099
vt 0.242596 0.901022
vt 0.331776 0.820099
vt 0.124609 0.820099
vt 0.980731 0.820099
vt 0.382487 0.820099
vt 0.150403 0.820099
vt 0.537784 0.905151
vt 0.306107 0.820099
vt 0.293934 0.901022
vt 0.563139 0.905151
vt 0.970370 0.400065
vt 0.196989 0.420000
vt 0.026022 0.420000
vt 0.856295 0.400065
vt 0.471295 0.196989
vt 0.471295 0.026022
vt 0.974877 0.620342
vt 0.974070 0.452109
vt 0.026022 0.249033
vt 0.869323 0.397331
vt 0.868469 0.229098
vt 0.248705 0.420000
vt 0.248705 0.249033
vt 0.931223 0.229098
vt 0.931223 0.399723
vt 0.248703 0.026022
vt 0.419330 0.026022
vt 0.912493 0.176714
vt 0.419330 0.420000
vt 0.911637 0.231871
vt 0.912491 0.399725
vt 0.641919 0.420000
vt 0.471294 0.420000
vt 0.927017 0.805875
vt 0.641922 0.026022
vt 0.908285 0.805876
vt 0.471294 0.249033
vt 0.641919 0.249033
vt 0.941126 0.452109
vt 0.941126 0.622734
vt 0.419330 0.196989
vt 0.248703 0.196989
vt 0.892907 0.008771
vt 0.893761 0.176714
vt 0.419330 0.249033
vt 0.931225 0.176712
vt 0.641922 0.196989
vt 0.196116 0.452109
vt 0.196116 0.623076
vt 0.196989 0.026022
vt 0.196989 0.196989
vt 0.855444 0.008821
vt 0.856297 0.177054
vt 0.196115 0.635249
vt 0.196115 0.806217
vt 0.026022 0.196989
vt 0.837564 0.400065
vt 0.986126 0.637984
vt 0.986933 0.806217
vt 0.196989 0.249033
vt 0.836712 0.008821
vt 0.837566 0.177054
vt 0.208290 0.806217
vt 0.208290 0.635249
vt 0.889553 0.806217
vt 0.215178 0.452109
vt 0.215178 0.623076
vt 0.026022 0.026022
vt 0.869325 0.174320
vt 0.868471 0.006087
vt 0.964169 0.006087
vt 0.892905 0.231832
vt 0.893759 0.400065
vt 0.073945 0.969382
vt 0.239088 0.613088
vt 0.239088 0.462096
vt 0.824072 0.942819
vt 0.105364 0.818390
vt 0.390080 0.462096
vt 0.865612 0.942819
vt 0.026857 0.968644
vt 0.026857 0.818390
vt 0.947787 0.948233
vt 0.951993 0.379353
vt 0.910324 0.818050
vt 0.910324 0.968303
vt 0.951995 0.006087
vt 0.951995 0.156342
vt 0.014683 0.968644
vt 0.961896 0.452109
vt 0.961896 0.602364
vt 0.968557 0.785503
vt 0.167067 0.613088
vt 0.016074 0.613088
vt 0.836245 0.792264
vt 0.016074 0.462096
vt 0.740991 0.942819
vt 0.086119 0.969383
vt 0.086119 0.818390
vt 0.390080 0.613088
vt 0.753164 0.792264
vt 0.167067 0.462096
vt 0.773934 0.792264
vt 0.939191 0.635249
vt 0.047627 0.818390
vt 0.794705 0.792264
vt 0.557082 0.778835
vt 0.720220 0.938926
vt 0.413496 0.780090
vt 0.657629 0.938926
vt 0.412242 0.636504
vt 0.699357 0.938926
vt 0.555828 0.635249
vt 0.678493 0.938926
vt 0.719044 0.795048
vt 0.677317 0.795048
vt 0.656453 0.795048
vt 0.698180 0.795048
vt 0.569256 0.636504
vt 0.112436 0.965052
vt 0.712842 0.635249
vt 0.054700 0.965052
vt 0.714097 0.778836
vt 0.093191 0.965052
vt 0.570511 0.780090
vt 0.066873 0.822721
vt 0.048822 0.968385
vt 0.111296 0.821174
vt 0.106558 0.819388
vt 0.068013 0.966598
vt 0.087313 0.968385
vt 0.053560 0.821175
vt 0.048822 0.819388
vt 0.072751 0.819388
vt 0.092051 0.821175
vt 0.087313 0.819388
vt 0.921142 0.452109
vt 0.953300 0.456432
vt 0.922394 0.595695
vt 0.947787 0.781692
vt 0.779096 0.596950
vt 0.777843 0.453364
vt 0.857015 0.796376
vt 0.940534 0.785025
vt 0.954460 0.600005
vt 0.960553 0.601675
vt 0.858176 0.940253
vt 0.946444 0.798666
vt 0.946627 0.637815
vt 0.940534 0.636028
vt 0.864269 0.793043
vt 0.940351 0.945471
vt 0.946444 0.947367
vt 0.675533 0.150928
vt 0.901727 0.822374
vt 0.674281 0.007342
vt 0.782531 0.938707
vt 0.817581 0.006087
vt 0.959961 0.639132
vt 0.818834 0.149673
vt 0.815475 0.796376
vt 0.775278 0.942040
vt 0.902887 0.965945
vt 0.908980 0.967615
vt 0.816635 0.940253
vt 0.967214 0.635938
vt 0.781371 0.794829
vt 0.775278 0.793043
vt 0.822728 0.793043
vt 0.961121 0.782740
vt 0.967214 0.784636
vt 0.726270 0.636504
vt 0.761761 0.938707
vt 0.869569 0.635249
vt 0.943398 0.010410
vt 0.870822 0.778836
vt 0.844842 0.938707
vt 0.727523 0.780090
vt 0.950652 0.006953
vt 0.760600 0.794829
vt 0.754507 0.793043
vt 0.944557 0.376591
vt 0.837588 0.942040
vt 0.944559 0.153983
vt 0.950652 0.155654
vt 0.950650 0.229786
vt 0.843681 0.794829
vt 0.837588 0.793043
vt 0.674279 0.230353
vt 0.732394 0.796376
vt 0.817579 0.229098
vt 0.818832 0.372684
vt 0.675531 0.373939
vt 0.035454 0.964319
vt 0.013340 0.819078
vt 0.733554 0.940253
vt 0.739647 0.942040
vt 0.034293 0.820748
vt 0.796048 0.942040
vt 0.007247 0.965881
vt 0.013340 0.967777
vt 0.028200 0.967777
vt 0.802141 0.794829
vt 0.796048 0.793043
vt 0.136677 0.818891
vt 0.745330 0.398410
vt 0.981940 0.902231
vt 0.427579 0.290637
vt 0.732993 0.396387
vt 0.439516 0.290637
vt 0.433512 0.291845
vt 0.737320 0.391676
vt 0.011895 0.068834
vt 0.006448 0.068834
vt 0.741712 0.386963
vt 0.736414 0.390810
vt 0.011700 0.067626
vt 0.992420 0.818891
vt 0.744173 0.190644
vt 0.125815 0.902231
vt 0.017231 0.155385
vt 0.741715 0.203343
vt 0.006087 0.155385
vt 0.011895 0.154177
vt 0.737323 0.198631
vt 0.433512 0.377187
vt 0.439179 0.377187
vt 0.732996 0.193920
vt 0.736416 0.199497
vt 0.433677 0.378396
vt 0.138230 0.902731
vt 0.993913 0.902731
vt 0.394176 0.818891
vt 0.744173 0.164010
vt 0.151610 0.902231
vt 0.207541 0.068834
vt 0.205780 0.067626
vt 0.741715 0.176710
vt 0.216563 0.068834
vt 0.211116 0.068834
vt 0.737323 0.171998
vt 0.656266 0.378396
vt 0.661768 0.377187
vt 0.732996 0.167286
vt 0.736416 0.172863
vt 0.656101 0.377187
vt 0.383696 0.902231
vt 0.732993 0.423020
vt 0.662105 0.290637
vt 0.656101 0.291845
vt 0.734151 0.423477
vt 0.211311 0.155385
vt 0.216563 0.154177
vt 0.741712 0.413597
vt 0.736414 0.417443
vt 0.207541 0.154177
vt 0.211116 0.154177
vt 0.742230 0.414745
vt 0.162471 0.818891
vt 0.745330 0.425043
vt 0.206965 0.153676
vt 0.164024 0.902731
vt 0.395669 0.902731
vt 0.549473 0.903942
vt 0.794488 0.387018
vt 0.307313 0.902231
vt 0.794084 0.398862
vt 0.017231 0.378396
vt 0.792107 0.399606
vt 0.795655 0.400437
vt 0.006087 0.378396
vt 0.011895 0.377187
vt 0.787686 0.394982
vt 0.234690 0.291845
vt 0.229484 0.291845
vt 0.783334 0.390232
vt 0.786787 0.395789
vt 0.234465 0.290637
vt 0.011700 0.290637
vt 0.006448 0.291845
vt 0.792109 0.163932
vt 0.787688 0.168556
vt 0.786789 0.167749
vt 0.015470 0.291845
vt 0.011895 0.291845
vt 0.794087 0.164676
vt 0.318175 0.818891
vt 0.795657 0.175273
vt 0.795287 0.164417
vt 0.538992 0.987282
vt 0.783337 0.173306
vt 0.229101 0.378396
vt 0.234690 0.377187
vt 0.016046 0.292346
vt 0.319602 0.902731
vt 0.550966 0.987783
vt 0.281866 0.902231
vt 0.795655 0.424917
vt 0.794084 0.414321
vt 0.795285 0.414062
vt 0.564348 0.987282
vt 0.783334 0.422950
vt 0.451690 0.378396
vt 0.457279 0.377187
vt 0.787686 0.418201
vt 0.211116 0.377187
vt 0.216563 0.377187
vt 0.792107 0.413577
vt 0.786787 0.417393
vt 0.211311 0.378396
vt 0.207541 0.377187
vt 0.574829 0.903942
vt 0.794491 0.190505
vt 0.292728 0.818891
vt 0.794087 0.202349
vt 0.792109 0.203092
vt 0.795657 0.203924
vt 0.216924 0.290637
vt 0.211116 0.291845
vt 0.787688 0.198468
vt 0.452073 0.291845
vt 0.783337 0.193719
vt 0.786789 0.199276
vt 0.461297 0.291845
vt 0.457279 0.291845
vt 0.206965 0.376687
vt 0.280439 0.818390
vt 0.461864 0.292346
vt 0.576321 0.987783
vt 0.358340 0.902231
vt 0.758152 0.423020
vt 0.662107 0.067626
vt 0.656104 0.068834
vt 0.759310 0.423477
vt 0.154177 0.006448
vt 0.766871 0.413597
vt 0.761573 0.417443
vt 0.154177 0.015470
vt 0.154177 0.011895
vt 0.767389 0.414745
vt 0.214059 0.818891
vt 0.770489 0.425043
vt 0.368821 0.818891
vt 0.769329 0.387021
vt 0.203198 0.902231
vt 0.067626 0.017231
vt 0.766871 0.399721
vt 0.068834 0.006448
vt 0.068834 0.011895
vt 0.762479 0.395009
vt 0.656269 0.155385
vt 0.661770 0.154177
vt 0.758152 0.390298
vt 0.761573 0.395874
vt 0.656104 0.154177
vt 0.153676 0.016046
vt 0.215612 0.902731
vt 0.370314 0.902731
vt 0.600184 0.903942
vt 0.769332 0.164010
vt 0.177404 0.902231
vt 0.155385 0.205780
vt 0.766874 0.176710
vt 0.154177 0.216563
vt 0.154177 0.211116
vt 0.762482 0.171998
vt 0.433678 0.155385
vt 0.439179 0.154177
vt 0.758155 0.167286
vt 0.761575 0.172863
vt 0.433513 0.154177
vt 0.188265 0.818891
vt 0.770491 0.202032
vt 0.589704 0.987282
vt 0.427580 0.067626
vt 0.758155 0.200009
vt 0.439179 0.068834
vt 0.433513 0.068834
vt 0.762482 0.195298
vt 0.068834 0.216563
vt 0.766874 0.190586
vt 0.761575 0.194432
vt 0.068834 0.211116
vt 0.189818 0.902731
vt 0.601677 0.987783
vt 0.625540 0.903942
vt 0.819654 0.413652
vt 0.255976 0.902231
vt 0.819250 0.425495
vt 0.817273 0.426239
vt 0.820821 0.427070
vt 0.155385 0.439935
vt 0.154177 0.434127
vt 0.812852 0.421615
vt 0.457055 0.067626
vt 0.452073 0.068834
vt 0.808500 0.416865
vt 0.811953 0.422422
vt 0.457280 0.068834
vt 0.068834 0.434127
vt 0.068834 0.439574
vt 0.842439 0.413577
vt 0.838018 0.418201
vt 0.837119 0.417393
vt 0.068834 0.430552
vt 0.844416 0.414320
vt 0.266838 0.818891
vt 0.845987 0.424917
vt 0.845617 0.414061
vt 0.615059 0.987282
vt 0.833666 0.422950
vt 0.451690 0.155385
vt 0.457280 0.154177
vt 0.069335 0.429976
vt 0.268265 0.902731
vt 0.627033 0.987783
vt 0.230528 0.902231
vt 0.845990 0.201771
vt 0.844419 0.191174
vt 0.845619 0.190915
vt 0.332984 0.902231
vt 0.833669 0.199804
vt 0.229098 0.155385
vt 0.234688 0.154177
vt 0.838020 0.195054
vt 0.154177 0.234906
vt 0.154177 0.229459
vt 0.842441 0.190430
vt 0.837121 0.194247
vt 0.155385 0.234711
vt 0.154177 0.238480
vt 0.343465 0.818891
vt 0.819657 0.190506
vt 0.241390 0.818891
vt 0.819253 0.202348
vt 0.817275 0.203092
vt 0.820823 0.203923
vt 0.068834 0.234906
vt 0.812854 0.198468
vt 0.229481 0.068834
vt 0.808503 0.193719
vt 0.811955 0.199276
vt 0.238706 0.068834
vt 0.234688 0.068834
vt 0.153676 0.239057
vt 0.239274 0.069335
vt 0.344958 0.902731
vt 0.496207 0.765712
vt 0.484662 0.765635
vt 0.495970 0.764521
vt 0.962968 0.849972
vt 0.507309 0.762344
vt 0.506844 0.761222
vt 0.963177 0.860846
vt 0.517540 0.756875
vt 0.516865 0.755866
vt 0.963516 0.870867
vt 0.526508 0.749516
vt 0.525649 0.748657
vt 0.963971 0.879651
vt 0.532858 0.739873
vt 0.533868 0.740548
vt 0.963514 0.900608
vt 0.538214 0.729852
vt 0.539336 0.730317
vt 0.963176 0.910630
vt 0.541513 0.718978
vt 0.542704 0.719215
vt 0.962968 0.921503
vt 0.542627 0.707670
vt 0.543841 0.707670
vt 0.962898 0.932812
vt 0.542704 0.696125
vt 0.541513 0.696361
vt 0.962968 0.944120
vt 0.538214 0.685488
vt 0.539336 0.685023
vt 0.963176 0.954994
vt 0.532858 0.675466
vt 0.533868 0.674792
vt 0.963514 0.965015
vt 0.526508 0.665824
vt 0.525649 0.666683
vt 0.965197 0.973443
vt 0.963969 0.973799
vt 0.516865 0.659474
vt 0.517540 0.658464
vt 0.883613 0.827174
vt 0.507309 0.652995
vt 0.506844 0.654117
vt 0.883274 0.837195
vt 0.496207 0.649628
vt 0.495970 0.650819
vt 0.883065 0.848069
vt 0.484662 0.649705
vt 0.882995 0.859378
vt 0.473117 0.649628
vt 0.473354 0.650819
vt 0.883065 0.870686
vt 0.462015 0.652996
vt 0.462480 0.654117
vt 0.883274 0.881560
vt 0.451784 0.658464
vt 0.452459 0.659474
vt 0.883613 0.891581
vt 0.442816 0.665824
vt 0.443675 0.666683
vt 0.884069 0.900365
vt 0.885297 0.900009
vt 0.435456 0.674792
vt 0.436466 0.675466
vt 0.983161 0.014871
vt 0.429988 0.685023
vt 0.431110 0.685488
vt 0.982823 0.024892
vt 0.426620 0.696125
vt 0.427811 0.696362
vt 0.982615 0.035766
vt 0.425483 0.707670
vt 0.426697 0.707670
vt 0.982545 0.047074
vt 0.427811 0.718978
vt 0.426620 0.719215
vt 0.982615 0.058383
vt 0.431110 0.729852
vt 0.429988 0.730317
vt 0.982823 0.069256
vt 0.435456 0.740548
vt 0.436466 0.739873
vt 0.983161 0.079278
vt 0.443675 0.748657
vt 0.442816 0.749516
vt 0.983615 0.088061
vt 0.451784 0.756876
vt 0.452459 0.755866
vt 0.963971 0.797676
vt 0.963516 0.806460
vt 0.462015 0.762344
vt 0.462480 0.761222
vt 0.963177 0.816481
vt 0.473354 0.764521
vt 0.473117 0.765712
vt 0.962968 0.827355
vt 0.962898 0.838663
vt 0.548869 0.810140
vt 0.180803 0.950814
vt 0.180862 0.941011
vt 0.636765 0.836669
vt 0.636765 0.846795
vt 0.155246 0.969695
vt 0.548872 0.873437
vt 0.543549 0.865474
vt 0.888114 0.921046
vt 0.155920 0.985763
vt 0.155549 0.978625
vt 0.887660 0.938545
vt 0.887831 0.929494
vt 0.634963 0.827612
vt 0.129731 0.923373
vt 0.128900 0.915260
vt 0.130142 0.915413
vt 0.555560 0.880124
vt 0.887600 0.948429
vt 0.625690 0.810122
vt 0.631023 0.818100
vt 0.572887 0.889400
vt 0.563818 0.885643
vt 0.129273 0.940986
vt 0.129447 0.931837
vt 0.887838 0.967350
vt 0.887662 0.958199
vt 0.618930 0.803362
vt 0.129214 0.950711
vt 0.582265 0.891267
vt 0.888135 0.976116
vt 0.601635 0.794132
vt 0.610805 0.797932
vt 0.601834 0.889354
vt 0.592206 0.891268
vt 0.129453 0.969743
vt 0.129277 0.960589
vt 0.155544 0.922950
vt 0.155920 0.915695
vt 0.592254 0.792265
vt 0.129748 0.978473
vt 0.610507 0.885763
vt 0.155242 0.931916
vt 0.539654 0.827360
vt 0.543395 0.818330
vt 0.572725 0.794179
vt 0.582355 0.792264
vt 0.625656 0.873423
vt 0.618961 0.880117
vt 0.181042 0.969710
vt 0.180864 0.960542
vt 0.181337 0.922968
vt 0.180490 0.915260
vt 0.181714 0.915687
vt 0.155009 0.950808
vt 0.155069 0.940975
vt 0.537784 0.846881
vt 0.537784 0.836757
vt 0.564021 0.797782
vt 0.181036 0.931890
vt 0.634909 0.856127
vt 0.631146 0.865208
vt 0.181714 0.985732
vt 0.181345 0.978638
vt 0.555609 0.803401
vt 0.155071 0.960591
vt 0.539575 0.855883
vt 0.888528 0.913019
vt 0.813164 0.393198
vt 0.675487 0.205583
vt 0.681367 0.205583
vt 0.778344 0.610329
vt 0.681367 0.163602
vt 0.682636 0.206084
vt 0.682636 0.163101
vt 0.808329 0.393198
vt 0.808329 0.387318
vt 0.696077 0.428594
vt 0.783178 0.616209
vt 0.781970 0.616241
vt 0.701957 0.386613
vt 0.696077 0.386613
vt 0.808331 0.164307
vt 0.675548 0.428594
vt 0.674279 0.386112
vt 0.675516 0.427386
vt 0.674279 0.429095
vt 0.801188 0.616209
vt 0.799979 0.616241
vt 0.681428 0.386613
vt 0.675548 0.386613
vt 0.701959 0.163602
vt 0.807831 0.171457
vt 0.813667 0.171457
vt 0.807829 0.394468
vt 0.813664 0.394468
vt 0.777843 0.617478
vt 0.783679 0.617478
vt 0.795853 0.617478
vt 0.801688 0.617478
vt 0.696079 0.205583
vt 0.796353 0.610329
vt 0.796353 0.616209
vt 0.694810 0.163101
vt 0.694810 0.206084
vt 0.694808 0.386112
vt 0.696046 0.427386
vt 0.694808 0.429095
vt 0.153676 0.015534
vt 0.207477 0.069335
vt 0.206965 0.069335
vt 0.207477 0.153676
vt 0.461375 0.292346
vt 0.238784 0.069335
vt 0.016046 0.376687
vt 0.461376 0.069335
vt 0.438694 0.434144
vt 0.011878 0.216044
vt 0.433792 0.006967
vt 0.006967 0.234889
vt 0.234936 0.439055
vt 0.230031 0.011878
vt 0.438693 0.211133
vt 0.216044 0.211133
vt 0.656381 0.229977
vt 0.234933 0.216044
vt 0.452623 0.234889
vt 0.211133 0.229977
vt 0.433792 0.229977
vt 0.661285 0.211133
vt 0.006967 0.011878
vt 0.457525 0.216044
vt 0.230034 0.234889
vt 0.011878 0.439055
vt 0.656383 0.006967
vt 0.661283 0.434144
vt 0.211133 0.006967
vt 0.216044 0.434144
vt 0.457525 0.439055
vt 0.452623 0.011878
vt 0.920459 0.642345
vt 0.831005 0.236552
vt 0.930369 0.231782
vt 0.924666 0.013869
vt 0.940272 0.454882
vt 0.195219 0.454843
vt 0.905935 0.013868
vt 0.970372 0.169600
vt 0.195218 0.637984
vt 0.882995 0.642703
vt 0.209186 0.803483
vt 0.849737 0.236552
vt 0.214281 0.454843
vt 0.901727 0.642346
vt 0.964167 0.236552
vt 0.216924 0.067626
vt 0.439516 0.067626
vt 0.967329 0.879295
vt 0.939191 0.801861
vt 0.943396 0.232981
vt 0.006087 0.822273
vt 0.803301 0.938707
vt 0.745256 0.386112
vt 0.733698 0.400080
vt 0.015054 0.376186
vt 0.732347 0.189821
vt 0.744900 0.202750
vt 0.732347 0.163188
vt 0.744900 0.176117
vt 0.733698 0.426713
vt 0.745256 0.412746
vt 0.784016 0.176877
vt 0.782663 0.386137
vt 0.784014 0.426521
vt 0.782665 0.189624
vt 0.207956 0.292846
vt 0.758857 0.426713
vt 0.770415 0.412746
vt 0.153175 0.430967
vt 0.757504 0.386199
vt 0.770057 0.399128
vt 0.834346 0.426521
vt 0.770059 0.176117
vt 0.757506 0.163188
vt 0.807829 0.412770
vt 0.770417 0.189735
vt 0.758859 0.203702
vt 0.834348 0.203375
vt 0.807831 0.189624
vt 0.229101 0.818390
vt 0.069835 0.238065
vt 0.988201 0.087350
vt 0.125551 0.986687
vt 0.970370 0.229098
vt 0.856295 0.229098
vt 0.974070 0.623076
vt 0.868469 0.400065
vt 0.912493 0.006087
vt 0.912491 0.229098
vt 0.927017 0.635249
vt 0.908285 0.635249
vt 0.893761 0.006087
vt 0.931225 0.006087
vt 0.856297 0.006087
vt 0.837564 0.229098
vt 0.986933 0.635249
vt 0.837566 0.006087
vt 0.889553 0.635249
vt 0.868471 0.177054
vt 0.964169 0.177054
vt 0.893759 0.229098
vt 0.073945 0.818390
vt 0.824072 0.792264
vt 0.105364 0.969382
vt 0.865612 0.792264
vt 0.947787 0.797978
vt 0.951993 0.229098
vt 0.014683 0.818390
vt 0.968557 0.635249
vt 0.836245 0.942819
vt 0.740991 0.792264
vt 0.753164 0.942819
vt 0.773934 0.942819
vt 0.939191 0.785804
vt 0.047627 0.969382
vt 0.794705 0.942819
vt 0.072751 0.968385
vt 0.106558 0.968385
vt 0.864269 0.942040
vt 0.960553 0.452975
vt 0.822728 0.942040
vt 0.908980 0.818917
vt 0.950650 0.378486
vt 0.754508 0.942040
vt 0.028200 0.819078
vt 0.739647 0.793043
vt 0.439179 0.291845
vt 0.006448 0.154177
vt 0.661768 0.291845
vt 0.795285 0.399121
vt 0.006448 0.377187
vt 0.795657 0.163101
vt 0.229484 0.377187
vt 0.452073 0.377187
vt 0.795655 0.412746
vt 0.795287 0.202608
vt 0.216563 0.291845
vt 0.661770 0.068834
vt 0.820451 0.425754
vt 0.154177 0.439574
vt 0.845987 0.412746
vt 0.452073 0.154177
vt 0.229481 0.154177
vt 0.845990 0.189599
vt 0.820453 0.202608
vt 0.068834 0.229459
vt 0.963969 0.891824
vt 0.884069 0.818390
vt 0.983615 0.006087
vt 0.888528 0.983705
vt 0.130142 0.986063
vt 0.778344 0.616209
vt 0.808331 0.170187
vt 0.696079 0.163602
vt 0.813166 0.170187
s 1
usemtl Material.001
f 1/1/1 3/2/2 138/3/3
f 2/4/4 4/5/5 1/1/1
f 4/5/5 13/6/6 3/2/2
f 4/5/5 6/7/7 16/8/8
f 7/9/9 9/10/10 150/11/11
f 8/12/12 10/13/13 7/9/9
f 10/13/13 2/14/4 9/10/10
f 10/13/13 6/15/7 5/16/14
f 12/17/15 14/18/16 136/19/17
f 13/20/6 15/21/18 12/17/15
f 15/21/18 8/22/12 14/18/16
f 15/21/18 6/23/7 11/24/19
f 17/25/20 19/26/21 133/27/22
f 18/28/23 20/29/24 17/25/20
f 20/29/24 29/30/25 19/26/21
f 20/29/24 22/31/26 32/32/27
f 23/33/28 25/34/29 135/35/30
f 24/36/31 26/37/32 23/33/28
f 26/37/32 18/38/23 25/34/29
f 26/37/32 22/39/26 21/40/33
f 28/41/34 30/42/35 137/43/36
f 29/44/25 31/45/37 28/41/34
f 31/45/37 24/46/31 30/42/35
f 31/45/37 22/47/26 27/48/38
f 33/49/39 35/50/40 145/51/41
f 34/52/42 36/53/43 33/49/39
f 36/53/43 45/54/44 35/50/40
f 36/53/43 38/55/45 48/56/46
f 39/57/47 41/58/48 148/59/49
f 40/60/50 42/61/51 39/57/47
f 42/61/51 34/62/42 41/58/48
f 42/61/51 38/63/45 37/64/52
f 44/65/53 46/66/54 142/67/55
f 45/68/44 47/69/56 44/65/53
f 47/69/56 40/70/50 46/66/54
f 47/69/56 38/71/45 43/72/57
f 49/73/58 51/74/59 144/75/60
f 50/76/61 52/77/62 49/73/58
f 52/77/62 61/78/63 51/74/59
f 52/77/62 54/79/64 64/80/65
f 55/81/66 57/82/67 143/83/68
f 56/84/69 58/85/70 55/81/66
f 58/85/70 50/86/61 57/82/67
f 58/85/70 54/87/64 53/88/71
f 60/89/72 62/90/73 151/91/74
f 61/92/63 63/93/75 60/89/72
f 63/93/75 56/94/69 62/90/73
f 63/93/75 54/95/64 59/96/76
f 65/97/77 67/98/78 146/99/79
f 66/100/80 68/101/81 65/97/77
f 68/101/81 77/102/82 67/98/78
f 68/101/81 70/103/83 80/104/84
f 71/105/85 73/106/86 147/107/87
f 72/108/88 74/109/89 71/105/85
f 74/109/89 66/110/80 73/106/86
f 74/109/89 70/111/83 69/112/90
f 76/113/91 78/114/92 152/115/93
f 77/116/82 79/117/94 76/113/91
f 79/117/94 72/118/88 78/114/92
f 79/117/94 70/119/83 75/120/95
f 81/121/96 83/122/97 132/123/98
f 82/124/99 84/125/100 81/121/96
f 84/125/100 93/126/101 83/122/97
f 84/125/100 86/127/102 96/128/103
f 87/129/104 89/130/105 134/131/106
f 88/132/107 90/133/108 87/129/104
f 90/133/108 82/134/99 89/130/105
f 90/133/108 86/135/102 85/136/109
f 92/137/110 94/138/111 129/139/112
f 93/140/101 95/141/113 92/137/110
f 95/141/113 88/142/107 94/138/111
f 95/141/113 86/143/102 91/144/114
f 97/145/115 99/146/116 141/147/117
f 98/148/118 100/149/119 97/145/115
f 100/149/119 109/150/120 99/146/116
f 100/149/119 102/151/121 112/152/122
f 103/153/123 105/154/124 140/155/125
f 104/156/126 106/157/127 103/153/123
f 106/157/127 98/158/118 105/154/124
f 106/157/127 102/159/121 101/160/128
f 108/161/129 110/162/130 149/163/131
f 109/164/120 111/165/132 108/161/129
f 111/165/132 104/166/126 110/162/130
f 111/165/132 102/167/121 107/168/133
f 113/169/134 115/170/135 130/171/136
f 114/172/137 116/173/138 113/169/134
f 116/173/138 125/174/139 115/170/135
f 116/173/138 118/175/140 128/176/141
f 119/177/142 121/178/143 139/179/144
f 120/180/145 122/181/146 119/177/142
f 122/181/146 114/182/137 121/178/143
f 122/181/146 118/183/140 117/184/147
f 124/185/148 126/186/149 131/187/150
f 125/188/139 127/189/151 124/185/148
f 127/189/151 120/190/145 126/186/149
f 127/189/151 118/191/140 123/192/152
f 137/43/36 12/17/15 136/19/17
f 30/42/35 13/20/6 12/17/15
f 24/36/31 3/2/2 13/6/6
f 23/33/28 138/3/3 3/2/2
f 140/155/125 119/177/142 139/179/144
f 119/177/142 98/158/118 120/180/145
f 98/148/118 126/186/149 120/190/145
f 97/145/115 131/187/150 126/186/149
f 143/83/68 44/65/53 142/67/55
f 57/82/67 45/68/44 44/65/53
f 50/76/61 35/50/40 45/54/44
f 49/73/58 145/51/41 35/50/40
f 134/131/106 65/97/77 146/99/79
f 65/97/77 82/134/99 66/100/80
f 82/124/99 73/106/86 66/110/80
f 81/121/96 147/107/87 73/106/86
f 806/193/153 705/194/154 829/195/155
f 877/196/156 697/197/157 745/198/158
f 938/199/159 691/200/160 811/201/161
f 836/202/162 770/203/163 907/204/164
f 901/205/165 722/206/166 766/207/167
f 854/208/168 720/209/169 847/210/170
f 866/211/171 756/212/172 889/213/173
f 823/214/174 775/215/175 701/216/176
f 902/217/177 760/218/178 895/219/179
f 926/220/180 780/221/181 919/222/182
f 841/223/183 730/224/184 716/225/185
f 937/226/186 707/227/187 796/228/188
f 920/229/189 790/230/190 931/231/191
f 913/232/192 747/233/193 776/234/194
f 944/235/195 786/236/196 925/237/197
f 896/238/198 726/239/199 853/240/200
f 817/241/201 700/242/202 695/243/203
f 884/244/204 741/245/205 871/246/206
f 932/247/207 801/248/208 943/249/209
f 883/250/210 755/251/211 750/252/212
f 972/253/213 950/254/214 1584/255/215
f 872/256/216 735/257/217 865/258/218
f 842/259/219 710/260/220 835/261/221
f 908/262/222 731/263/223 859/264/224
f 692/265/225 129/139/112 686/266/226
f 702/267/227 131/187/150 696/268/228
f 686/266/226 133/27/22 706/269/229
f 717/270/230 134/131/106 711/271/231
f 727/272/232 136/19/17 721/273/233
f 732/274/234 135/35/30 717/270/230
f 742/275/235 139/179/144 736/276/236
f 696/268/228 141/147/117 746/277/237
f 757/278/238 142/67/55 751/279/239
f 767/280/240 144/75/60 761/281/241
f 711/271/231 146/99/79 771/282/242
f 702/267/227 147/107/87 132/123/98
f 787/283/243 148/59/49 781/284/244
f 751/279/239 140/155/125 742/275/235
f 781/284/244 150/11/11 791/285/245
f 721/273/233 145/51/41 767/280/240
f 797/286/246 130/171/136 692/265/225
f 736/276/236 143/83/68 757/278/238
f 802/287/247 149/163/131 787/283/243
f 746/277/237 147/107/87 777/288/248
f 791/285/245 152/115/93 802/287/247
f 771/282/242 138/3/3 732/274/234
f 706/269/229 151/91/74 797/286/246
f 761/281/241 137/43/36 727/272/232
f 984/289/249 535/290/250 557/291/251
f 611/292/252 1033/293/253 545/294/254
f 998/295/255 675/296/256 539/297/257
f 646/298/258 1005/299/259 564/300/260
f 640/301/261 1089/302/262 578/303/263
f 1091/304/264 583/305/265 576/306/266
f 626/307/267 1061/308/268 599/309/269
f 1054/310/270 653/311/271 551/312/272
f 1103/313/273 639/314/274 632/315/275
f 951/316/276 665/317/277 660/318/278
f 1026/319/279 590/320/280 570/321/281
f 991/322/282 559/323/283 676/324/284
f 956/325/285 662/326/286 670/327/287
f 654/328/288 1041/329/289 613/330/290
f 970/331/291 680/332/292 666/333/293
f 1110/334/294 634/335/295 584/336/296
f 1035/337/297 550/338/298 543/339/299
f 1082/340/300 620/341/301 605/342/302
f 681/343/303 957/344/304 672/345/305
f 1075/346/306 625/347/307 618/348/308
f 805/349/309 690/350/310 685/351/311
f 1063/352/312 604/353/313 597/354/314
f 1007/355/315 569/356/316 562/357/317
f 1019/358/318 648/359/319 591/360/320
f 1014/361/321 1028/362/322 1006/363/323
f 1042/364/324 1056/365/325 1034/366/326
f 1070/367/327 1084/368/328 1062/369/329
f 1098/370/330 1112/371/331 1090/372/332
f 133/27/22 129/139/112 1117/373/333
f 485/374/334 1178/375/335 1161/376/336
f 499/377/337 1183/378/338 1215/379/339
f 478/380/340 1135/381/341 1125/382/342
f 479/383/343 1170/384/344 484/385/345
f 491/386/346 1229/387/347 1202/388/348
f 507/389/349 1241/390/350 512/391/351
f 1217/392/352 1223/393/353 1230/394/354
f 492/395/355 1197/396/356 1191/397/357
f 505/398/358 1118/399/359 1147/400/360
f 528/401/361 1261/402/362 519/403/363
f 1158/404/364 513/405/365 1236/406/366
f 506/407/367 1155/408/368 1239/409/369
f 527/410/370 1292/411/371 1286/412/372
f 979/413/373 538/414/374 533/415/375
f 520/416/376 1259/417/377 1269/418/378
f 526/419/379 1271/420/380 1294/421/381
f 76/113/91 1144/422/382 77/116/82
f 17/25/20 1200/423/383 18/28/23
f 1/1/1 1180/424/384 2/4/4
f 40/70/50 1212/425/385 46/66/54
f 87/129/104 1209/426/386 88/132/107
f 114/182/137 1258/427/387 121/178/143
f 18/38/23 1235/428/388 25/34/29
f 148/59/49 149/163/131 1228/429/389
f 134/131/106 135/35/30 1250/430/390
f 104/166/126 1196/431/391 110/162/130
f 39/57/47 1222/432/392 40/60/50
f 103/153/123 1193/433/393 104/156/126
f 56/84/69 1285/434/394 1288/435/395
f 129/139/112 130/171/136 1301/436/396
f 143/83/68 139/179/144 1280/437/397
f 56/94/69 1291/438/398 62/90/73
f 113/169/134 1255/439/399 114/172/137
f 130/171/136 151/91/74 1273/440/400
f 138/3/3 146/99/79 1165/441/401
f 140/155/125 142/67/55 1185/442/402
f 152/115/93 150/11/11 1129/443/403
f 2/14/4 1177/444/404 9/10/10
f 88/142/107 1154/445/405 94/138/111
f 77/102/82 1134/446/406 67/98/78
f 421/447/334 1363/448/407 428/449/408
f 442/450/409 1396/451/410 1426/452/411
f 429/453/412 1361/454/413 1352/455/414
f 1310/456/415 1319/457/416 1326/458/417
f 435/459/340 1416/460/418 1389/461/419
f 451/462/351 1379/463/420 456/464/361
f 443/465/346 1424/466/421 1434/467/422
f 436/468/343 1387/469/423 1404/470/424
f 449/471/365 1302/472/425 1331/473/426
f 472/474/363 1449/475/427 463/476/349
f 1342/477/428 457/478/379 1374/479/429
f 450/480/430 1339/481/431 1377/482/432
f 471/483/433 1480/484/434 1463/485/435
f 477/486/436 1163/487/437 1137/488/438
f 464/489/358 1457/490/439 1440/491/440
f 1472/492/441 465/493/367 1442/494/442
f 147/107/87 141/147/117 1346/495/443
f 93/140/101 1341/496/444 1371/497/445
f 71/105/85 1357/498/446 72/108/88
f 1360/499/447 72/118/88 1357/500/446
f 131/187/150 132/123/98 1411/501/448
f 150/11/11 148/59/49 1418/502/449
f 41/58/48 1406/503/450 1386/504/451
f 145/51/41 136/19/17 1398/505/452
f 60/89/72 1459/506/453 61/92/63
f 8/22/12 1423/507/454 14/18/16
f 8/12/12 1433/508/455 1436/509/456
f 33/49/39 1406/510/450 34/52/42
f 125/174/139 1338/511/457 115/170/135
f 93/126/101 1373/512/458 83/122/97
f 149/163/131 152/115/93 1324/513/459
f 124/185/148 1354/514/460 125/188/139
f 109/164/120 1321/515/461 1318/516/462
f 109/150/120 1315/517/463 99/146/116
f 137/43/36 144/75/60 1467/518/464
f 169/519/465 1488/520/466 1675/521/467
f 151/91/74 133/27/22 1444/522/468
f 19/26/21 1482/523/469 1479/524/470
f 29/44/25 1462/525/471 1482/526/469
f 61/78/63 1456/527/472 51/74/59
f 419/528/473 1486/529/474 1669/530/475
f 332/531/476 1510/532/477 1501/533/478
f 335/534/479 1512/535/480 1510/532/477
f 341/536/481 1512/537/480 338/538/482
f 344/539/483 1519/540/484 341/536/481
f 347/541/485 1525/542/486 344/539/483
f 350/543/487 1531/544/488 347/541/485
f 353/545/489 1537/546/490 350/543/487
f 356/547/491 1543/548/492 353/545/489
f 359/549/493 1549/550/494 356/547/491
f 362/551/495 1555/552/496 359/549/493
f 365/553/497 1561/554/498 362/555/495
f 368/556/499 1567/557/500 365/553/497
f 371/558/501 1573/559/502 368/556/499
f 374/560/503 1579/561/504 371/558/501
f 377/562/505 1585/563/506 374/560/503
f 380/564/507 1591/565/508 377/562/505
f 383/566/509 1597/567/510 380/564/507
f 386/568/511 1600/569/512 383/566/509
f 386/570/511 1609/571/513 1603/572/514
f 389/573/515 1615/574/516 1609/571/513
f 392/575/517 1621/576/518 1615/574/516
f 395/577/519 1627/578/520 1621/576/518
f 398/579/521 1633/580/522 1627/578/520
f 401/581/523 1639/582/524 1633/580/522
f 404/583/525 1645/584/526 1639/582/524
f 407/585/527 1650/586/528 1645/584/526
f 410/587/529 1657/588/530 1650/589/528
f 413/590/531 1663/591/532 1657/588/530
f 416/592/533 1669/530/475 1663/591/532
f 430/593/337 1308/594/534 422/595/535
f 329/596/536 1501/533/478 1492/597/537
f 229/598/538 418/599/539 323/600/540
f 322/601/504 1489/602/541 230/603/542
f 235/604/510 1654/605/543 238/606/512
f 238/606/512 1672/607/544 241/608/514
f 244/609/545 1672/610/544 1503/611/546
f 247/612/516 1503/611/546 1507/613/547
f 250/614/518 1507/613/547 1522/615/548
f 253/616/549 1522/615/548 1534/617/521
f 256/618/522 1534/617/521 1546/619/550
f 259/620/524 1546/619/550 1558/621/551
f 262/622/552 1558/621/551 1570/623/553
f 265/624/528 1570/623/553 1582/625/554
f 268/626/555 1582/627/554 1594/628/556
f 271/629/532 1594/628/556 1612/630/557
f 274/631/475 1612/630/557 1630/632/558
f 277/633/559 1630/632/558 1648/634/560
f 280/635/537 1648/634/560 1666/636/561
f 283/637/478 1666/636/561 1494/638/562
f 286/639/563 1494/638/562 1498/640/564
f 289/641/480 1498/640/564 1516/642/565
f 289/643/480 1528/644/566 292/645/567
f 292/645/567 1540/646/568 295/647/486
f 295/647/486 1552/648/569 298/649/488
f 298/649/488 1564/650/570 301/651/571
f 301/651/571 1576/652/572 304/653/492
f 304/653/492 1588/654/573 307/655/494
f 307/655/494 1606/656/574 310/657/575
f 310/657/575 1624/658/576 313/659/498
f 313/660/498 1642/661/577 316/662/500
f 316/662/500 1660/663/578 319/664/502
f 319/664/502 1674/665/579 322/601/504
f 325/666/580 1492/597/537 1486/529/474
f 232/667/508 1636/668/581 235/604/510
f 382/669/582 284/670/583 287/671/584
f 245/672/585 343/673/586 340/674/587
f 290/675/588 382/669/582 287/671/584
f 251/676/589 343/673/586 248/677/590
f 293/678/591 385/679/592 290/675/588
f 254/680/593 346/681/594 251/676/589
f 293/678/591 391/682/595 388/683/596
f 254/680/593 352/684/597 349/685/598
f 296/686/599 394/687/600 391/682/595
f 260/688/601 352/684/597 257/689/602
f 397/690/603 299/691/604 302/692/605
f 263/693/606 355/694/607 260/688/601
f 305/695/608 397/690/603 302/692/605
f 266/696/609 358/697/610 263/693/606
f 305/695/608 403/698/611 400/699/612
f 364/700/613 266/696/609 269/701/614
f 308/702/615 406/703/616 403/698/611
f 269/701/614 367/704/617 364/700/613
f 229/598/538 328/705/618 326/706/619
f 311/707/620 409/708/621 406/703/616
f 272/709/622 370/710/623 367/704/617
f 331/711/624 233/712/625 236/713/626
f 412/714/627 314/715/628 317/716/629
f 373/717/630 275/718/631 278/719/632
f 239/720/633 331/711/624 236/713/626
f 415/721/634 317/716/629 320/722/635
f 278/719/632 376/723/636 373/717/630
f 242/724/637 334/725/638 239/720/633
f 323/600/540 415/721/634 320/722/635
f 281/726/639 379/727/640 376/723/636
f 340/674/587 242/724/637 245/672/585
f 958/728/641 965/729/642 1485/730/643
f 986/731/644 1000/732/645 978/733/646
f 208/734/343 1707/735/647 222/736/345
f 180/737/340 1677/738/648 1699/739/649
f 230/603/542 1618/740/650 232/667/508
f 216/741/337 182/742/436 195/743/535
f 223/744/334 1728/745/651 187/746/408
f 201/747/346 1686/748/652 1678/749/653
f 194/750/334 1684/751/651 217/752/408
f 210/753/340 1721/754/648 1712/755/649
f 181/756/343 1691/757/647 196/758/345
f 175/759/346 1727/760/652 1719/761/653
f 1705/762/654 167/763/465 165/764/465
f 1700/765/655 160/766/465 1720/767/656
f 1720/767/656 159/768/465 1713/769/655
f 1692/770/654 1720/767/656 1726/771/657
f 1685/772/657 168/773/465 156/774/465
f 1726/771/657 165/764/465 166/775/465
f 1700/765/655 157/776/465 158/777/465
f 1692/770/654 166/775/465 164/778/465
f 1679/779/656 162/780/465 157/776/465
f 1692/770/654 163/781/465 1685/772/657
f 1705/762/654 154/782/465 153/783/465
f 1713/769/655 161/784/465 154/782/465
f 155/785/465 170/786/465 169/519/465
f 153/783/465 172/787/465 171/788/465
f 170/786/465 1617/789/658 1488/520/466
f 155/785/465 1641/790/659 1623/791/660
f 170/786/465 156/774/465 1635/792/661
f 169/519/465 1675/521/467 1659/793/662
f 164/778/465 1533/794/663 1521/795/664
f 1504/796/665 1671/797/666 163/781/465
f 1527/798/667 1515/799/668 159/768/465
f 163/781/465 164/778/465 1521/795/664
f 159/768/465 1551/800/669 1539/801/670
f 160/766/465 1563/802/671 1551/800/669
f 1563/802/671 160/766/465 1575/803/672
f 157/776/465 1587/804/673 1575/803/672
f 157/776/465 1605/805/674 1587/804/673
f 162/780/465 1623/791/660 1605/805/674
f 170/786/465 1635/792/661 1617/789/658
f 156/774/465 1653/806/675 1635/792/661
f 156/774/465 1671/797/666 1653/806/675
f 154/782/465 1515/799/668 1497/807/676
f 172/787/465 154/782/465 1495/808/677
f 163/781/465 1506/809/678 1504/796/665
f 166/775/465 1545/810/679 1533/794/663
f 165/764/465 1557/811/680 1545/810/679
f 159/768/465 160/766/465 1551/800/669
f 1685/772/657 155/785/465 1679/779/656
f 153/783/465 1593/812/681 1581/813/682
f 153/783/465 1611/814/683 1593/812/681
f 171/788/465 1629/815/684 1611/814/683
f 171/788/465 1647/816/685 1629/815/684
f 172/787/465 1665/817/686 1647/816/685
f 156/774/465 168/773/465 1671/797/666
f 170/786/465 1488/520/466 169/519/465
f 154/782/465 1497/807/676 1495/808/677
f 155/785/465 1659/793/662 1641/790/659
f 1671/797/666 168/773/465 163/781/465
f 163/781/465 1521/795/664 1506/809/678
f 159/768/465 1539/801/670 1527/798/667
f 166/775/465 1533/794/663 164/778/465
f 165/764/465 1545/810/679 166/775/465
f 167/763/465 1569/818/687 165/764/465
f 153/783/465 1581/813/682 167/763/465
f 171/788/465 1611/814/683 153/783/465
f 172/787/465 1647/816/685 171/788/465
f 172/787/465 1495/808/677 1665/817/686
f 1515/799/668 161/784/465 159/768/465
f 154/782/465 161/784/465 1515/799/668
f 165/764/465 1569/818/687 1557/811/680
f 167/763/465 1581/813/682 1569/818/687
f 160/766/465 158/777/465 1575/803/672
f 162/780/465 1605/805/674 157/776/465
f 155/785/465 1623/791/660 162/780/465
f 169/519/465 1659/793/662 155/785/465
f 157/776/465 1575/803/672 158/777/465
f 173/819/355 177/820/45 179/821/688
f 174/822/409 177/823/45 176/824/689
f 175/759/346 177/825/45 178/826/690
f 180/737/340 184/827/7 186/828/691
f 181/756/343 184/829/7 183/830/692
f 182/742/436 184/831/7 185/832/693
f 187/746/408 191/833/121 193/834/694
f 188/835/412 191/836/121 190/837/695
f 189/838/337 191/839/121 192/840/696
f 194/750/334 198/841/83 200/842/697
f 195/743/535 198/843/83 197/844/698
f 196/758/345 198/845/83 199/846/699
f 201/747/346 205/847/45 207/848/690
f 202/849/355 205/850/45 204/851/688
f 203/852/409 205/853/45 206/854/689
f 208/734/343 212/855/7 214/856/692
f 209/857/436 212/858/7 211/859/693
f 210/753/340 212/860/7 213/861/691
f 215/862/412 219/863/121 221/864/695
f 216/741/337 219/865/121 218/866/696
f 217/752/408 219/867/121 220/868/694
f 222/736/345 226/869/83 228/870/699
f 223/744/334 226/871/83 225/872/697
f 224/873/535 226/874/83 227/875/698
f 421/447/334 425/876/83 427/877/697
f 422/595/535 425/878/83 424/879/698
f 423/880/345 425/881/83 426/882/699
f 428/449/408 432/883/121 434/884/694
f 429/453/412 432/885/121 431/886/695
f 430/593/337 432/887/121 433/888/696
f 435/459/340 439/889/7 441/890/691
f 436/468/343 439/891/7 438/892/692
f 437/893/436 439/894/7 440/895/693
f 442/450/409 446/896/45 448/897/689
f 443/465/346 446/898/45 445/899/690
f 444/900/355 446/901/45 447/902/688
f 449/471/365 453/903/102 455/904/700
f 450/480/430 453/905/102 452/906/701
f 451/462/351 453/907/102 454/908/702
f 456/464/361 460/909/140 462/910/703
f 457/478/379 460/911/140 459/912/704
f 458/913/370 460/914/140 461/915/705
f 463/476/349 467/916/26 469/917/706
f 464/489/358 467/918/26 466/919/707
f 465/493/367 467/920/26 468/921/708
f 470/922/376 474/923/64 476/924/709
f 471/483/433 474/925/64 473/926/710
f 472/474/363 474/927/64 475/928/711
f 477/486/436 481/929/7 483/930/693
f 478/380/340 481/931/7 480/932/691
f 479/383/343 481/933/7 482/934/692
f 484/385/345 488/935/83 490/936/699
f 485/374/334 488/937/83 487/938/697
f 486/939/535 488/940/83 489/941/698
f 491/386/346 495/942/45 497/943/690
f 492/395/355 495/944/45 494/945/688
f 493/946/409 495/947/45 496/948/689
f 498/949/412 502/950/121 504/951/695
f 499/377/337 502/952/121 501/953/696
f 500/954/408 502/955/121 503/956/694
f 505/398/358 509/957/26 511/958/707
f 506/407/367 509/959/26 508/960/708
f 507/389/349 509/961/26 510/962/706
f 512/391/351 516/963/102 518/964/702
f 513/405/365 516/965/102 515/966/700
f 514/967/430 516/968/102 517/969/701
f 519/403/363 523/970/64 525/971/711
f 520/416/376 523/972/64 522/973/709
f 521/974/433 523/975/64 524/976/710
f 526/419/379 530/977/140 532/978/704
f 527/410/370 530/979/140 529/980/705
f 528/401/361 530/981/140 531/982/703
f 533/983/375 536/984/712 537/985/713
f 535/986/250 537/985/713 536/984/712
f 538/987/374 541/988/714 542/989/715
f 539/990/257 542/989/715 541/988/714
f 543/991/299 547/992/716 549/993/717
f 548/994/718 546/995/719 544/996/720
f 545/997/254 547/992/716 548/994/718
f 550/998/298 554/999/721 556/1000/722
f 551/1001/272 554/999/721 553/1002/723
f 556/1000/722 555/1003/724 552/1004/725
f 557/1005/251 560/1006/726 561/1007/727
f 559/1008/283 561/1007/727 560/1006/726
f 562/1009/317 566/1010/728 568/1011/729
f 567/1012/730 565/1013/731 563/1014/732
f 564/1015/260 566/1010/728 567/1012/730
f 569/1016/316 573/1017/733 575/1018/734
f 570/1019/281 573/1017/733 572/1020/735
f 575/1018/734 574/1021/736 571/1022/737
f 576/1023/266 580/1024/738 582/1025/739
f 581/1026/740 579/1027/741 577/1028/742
f 578/1029/263 580/1024/738 581/1026/740
f 583/1030/265 587/1031/743 589/1032/744
f 584/1033/296 587/1031/743 586/1034/745
f 589/1032/744 588/1035/746 585/1036/747
f 590/1037/280 594/1038/748 596/1039/749
f 591/1040/320 594/1038/748 593/1041/750
f 596/1039/749 595/1042/751 592/1043/752
f 597/1044/314 601/1045/753 603/1046/754
f 602/1047/755 600/1048/756 598/1049/757
f 599/1050/269 601/1045/753 602/1047/755
f 604/1051/313 608/1052/758 610/1053/759
f 605/1054/302 608/1052/758 607/1055/760
f 610/1053/759 609/1056/761 606/1057/762
f 611/1058/252 615/1059/763 617/1060/764
f 616/1061/765 614/1062/766 612/1063/767
f 613/1064/290 615/1059/763 616/1061/765
f 618/1065/308 622/1066/768 624/1067/769
f 623/1068/770 621/1069/771 619/1070/772
f 620/1071/301 622/1066/768 623/1068/770
f 625/1072/307 629/1073/773 631/1074/774
f 626/1075/267 629/1073/773 628/1076/775
f 631/1074/774 630/1077/776 627/1078/777
f 632/1079/275 636/1080/778 638/1081/779
f 637/1082/780 635/1083/781 633/1084/782
f 634/1085/295 636/1080/778 637/1082/780
f 639/1086/274 643/1087/783 645/1088/784
f 640/1089/261 643/1087/783 642/1090/785
f 645/1088/784 644/1091/786 641/1092/787
f 646/1093/258 650/1094/788 652/1095/789
f 651/1096/790 649/1097/791 647/1098/792
f 648/1099/319 650/1094/788 651/1096/790
f 653/1100/271 657/1101/793 659/1102/794
f 654/1103/288 657/1101/793 656/1104/795
f 659/1102/794 658/1105/796 655/1106/797
f 660/318/278 663/1107/798 664/1108/799
f 662/326/286 664/1109/799 663/1110/798
f 665/317/277 668/1111/800 669/1112/801
f 666/333/293 669/1113/801 668/1114/800
f 670/327/287 673/1115/802 674/1116/803
f 672/345/305 674/1117/803 673/1118/802
f 675/1119/256 678/1120/804 679/1121/805
f 676/1122/284 679/1121/805 678/1120/804
f 680/332/292 683/1123/806 684/1124/807
f 681/343/303 684/1125/807 683/1126/806
f 685/1127/311 688/1128/808 689/1129/809
f 687/1130/810 689/1129/809 688/1128/808
f 690/1131/310 693/1132/811 694/1133/812
f 691/1134/160 694/1133/812 693/1132/811
f 695/1135/203 698/1136/813 699/1137/814
f 697/1138/157 699/1137/814 698/1136/813
f 700/1139/202 703/1140/815 704/1141/816
f 701/1142/176 704/1141/816 703/1140/815
f 705/1143/154 708/1144/817 709/1145/818
f 707/1146/187 709/1145/818 708/1144/817
f 710/1147/220 713/1148/819 714/1149/820
f 712/1150/821 714/1149/820 713/1148/819
f 715/1151/822 718/1152/823 719/1153/824
f 716/1154/185 719/1153/824 718/1152/823
f 720/1155/169 723/1156/825 724/1157/826
f 722/1158/166 724/1157/826 723/1156/825
f 725/1159/827 728/1160/828 729/1161/829
f 726/1162/199 729/1161/829 728/1160/828
f 730/1163/184 733/1164/830 734/1165/831
f 731/1166/223 734/1165/831 733/1164/830
f 735/1167/217 738/1168/832 739/1169/833
f 737/1170/834 739/1169/833 738/1168/832
f 740/1171/835 743/1172/836 744/1173/837
f 741/1174/205 744/1173/837 743/1172/836
f 745/1175/158 748/1176/838 749/1177/839
f 747/1178/193 749/1177/839 748/1176/838
f 750/1179/212 753/1180/840 754/1181/841
f 752/1182/842 754/1181/841 753/1180/840
f 755/1183/211 758/1184/843 759/1185/844
f 756/1186/172 759/1185/844 758/1184/843
f 760/1187/178 763/1188/845 764/1189/846
f 762/1190/847 764/1189/846 763/1188/845
f 765/1191/848 768/1192/849 769/1193/850
f 766/1194/167 769/1193/850 768/1192/849
f 770/1195/163 773/1196/851 774/1197/852
f 772/1198/853 774/1197/852 773/1196/851
f 775/1199/175 778/1200/854 779/1201/855
f 776/1202/194 779/1201/855 778/1200/854
f 780/1203/181 783/1204/856 784/1205/857
f 782/1206/858 784/1205/857 783/1204/856
f 785/1207/859 788/1208/860 789/1209/861
f 786/1210/196 789/1209/861 788/1208/860
f 790/1211/190 793/1212/862 794/1213/863
f 792/1214/864 794/1213/863 793/1212/862
f 795/1215/865 798/1216/866 799/1217/867
f 796/1218/188 799/1217/867 798/1216/866
f 800/1219/868 803/1220/869 804/1221/870
f 801/1222/208 804/1221/870 803/1220/869
f 805/1223/309 808/1224/871 810/1225/872
f 806/1226/153 808/1224/871 807/1227/873
f 810/1225/872 809/1228/874 534/1229/875
f 813/1230/876 816/1231/877 540/1232/878
f 811/1233/161 814/1234/879 813/1230/876
f 812/1235/880 814/1234/879 815/1236/881
f 817/1237/201 820/1238/882 822/1239/883
f 818/1240/884 820/1238/882 819/1241/885
f 822/1239/883 821/1242/886 544/996/720
f 825/1243/887 828/1244/888 552/1004/725
f 823/1245/174 826/1246/889 825/1243/887
f 824/1247/890 826/1246/889 827/1248/891
f 829/1249/155 832/1250/892 834/1251/893
f 830/1252/894 832/1250/892 831/1253/895
f 834/1251/893 833/1254/896 558/1255/897
f 835/1256/221 838/1257/898 840/1258/899
f 836/1259/162 838/1257/898 837/1260/900
f 840/1258/899 839/1261/901 563/1014/732
f 843/1262/902 846/1263/903 571/1022/737
f 841/1264/183 844/1265/904 843/1262/902
f 842/1266/219 844/1265/904 845/1267/905
f 847/1268/170 850/1269/906 852/1270/907
f 848/1271/908 850/1269/906 849/1272/909
f 852/1270/907 851/1273/910 577/1028/742
f 855/1274/911 858/1275/912 585/1036/747
f 853/1276/200 856/1277/913 855/1274/911
f 854/1278/168 856/1277/913 857/1279/914
f 861/1280/915 864/1281/916 592/1043/752
f 859/1282/224 862/1283/917 861/1280/915
f 860/1284/918 862/1283/917 863/1285/919
f 865/1286/218 868/1287/920 870/1288/921
f 866/1289/171 868/1287/920 867/1290/922
f 870/1288/921 869/1291/923 598/1049/757
f 873/1292/924 876/1293/925 606/1057/762
f 871/1294/206 874/1295/926 873/1292/924
f 872/1296/216 874/1295/926 875/1297/927
f 877/1298/156 880/1299/928 882/1300/929
f 878/1301/930 880/1299/928 879/1302/931
f 882/1300/929 881/1303/932 612/1063/767
f 883/1304/210 886/1305/933 888/1306/934
f 884/1307/204 886/1305/933 885/1308/935
f 888/1306/934 887/1309/936 619/1070/772
f 891/1310/937 894/1311/938 627/1078/777
f 889/1312/173 892/1313/939 891/1310/937
f 890/1314/940 892/1313/939 893/1315/941
f 895/1316/179 898/1317/942 900/1318/943
f 896/1319/198 898/1317/942 897/1320/944
f 900/1318/943 899/1321/945 633/1084/782
f 903/1322/946 906/1323/947 641/1092/787
f 901/1324/165 904/1325/948 903/1322/946
f 902/1326/177 904/1325/948 905/1327/949
f 907/1328/164 910/1329/950 912/1330/951
f 908/1331/222 910/1329/950 909/1332/952
f 912/1330/951 911/1333/953 647/1098/792
f 915/1334/954 918/1335/955 655/1106/797
f 913/1336/192 916/1337/956 915/1334/954
f 914/1338/957 916/1337/956 917/1339/958
f 919/1340/182 922/1341/959 924/1342/960
f 920/1343/189 922/1341/959 921/1344/961
f 924/1342/960 923/1345/962 661/1346/963
f 927/1347/964 930/1348/965 667/1349/966
f 925/1350/197 928/1351/967 927/1347/964
f 926/1352/180 928/1351/967 929/1353/968
f 931/1354/191 934/1355/969 936/1356/970
f 932/1357/207 934/1355/969 933/1358/971
f 936/1356/970 935/1359/972 671/1360/973
f 939/1361/974 942/1362/975 677/1363/976
f 937/1364/186 940/1365/977 939/1361/974
f 938/1366/159 940/1365/977 941/1367/978
f 945/1368/979 948/1369/980 682/1370/981
f 943/1371/209 946/1372/982 945/1368/979
f 944/1373/195 946/1372/982 947/1374/983
f 949/1375/984 953/1376/985 955/1377/986
f 950/254/214 953/1378/985 952/1379/987
f 951/316/276 953/1380/985 954/1381/988
f 956/325/285 960/1382/989 962/1383/990
f 957/344/304 960/1384/989 959/1385/991
f 958/728/641 960/1386/989 961/1387/992
f 963/1388/993 967/1389/994 969/1390/995
f 964/1391/996 967/1392/994 966/1393/997
f 965/729/642 967/1394/994 968/1395/998
f 970/331/291 974/1396/999 976/1397/1000
f 971/1398/1001 974/1399/999 973/1400/1002
f 972/253/213 974/1401/999 975/1402/1003
f 977/1403/1004 981/1404/1005 983/1405/1006
f 978/733/646 981/1406/1005 980/1407/1007
f 979/413/373 981/1408/1005 982/1409/1008
f 984/289/249 988/1410/1009 990/1411/1010
f 985/1412/1011 988/1413/1009 987/1414/1012
f 986/731/644 988/1415/1009 989/1416/1013
f 991/322/282 995/1417/1014 997/1418/1015
f 992/1419/1016 995/1420/1014 994/1421/1017
f 993/1422/1018 995/1423/1014 996/1424/1019
f 998/295/255 1002/1425/1020 1004/1426/1021
f 999/1427/1022 1002/1428/1020 1001/1429/1023
f 1000/732/645 1002/1430/1020 1003/1431/1024
f 1005/299/259 1009/1432/1025 1011/1433/1026
f 1006/363/323 1009/1434/1025 1008/1435/1027
f 1007/355/315 1009/1436/1025 1010/1437/1028
f 1012/1438/1029 1016/1439/1030 1018/1440/1031
f 1013/1441/1032 1016/1442/1030 1015/1443/1033
f 1014/361/321 1016/1444/1030 1017/1445/1034
f 1019/358/318 1023/1446/1035 1025/1447/1036
f 1020/1448/1037 1023/1449/1035 1022/1450/1038
f 1021/1451/1039 1023/1452/1035 1024/1453/1040
f 1026/319/279 1030/1454/1041 1032/1455/1042
f 1027/1456/1043 1030/1457/1041 1029/1458/1044
f 1028/362/322 1030/1459/1041 1031/1460/1045
f 1033/293/253 1037/1461/1046 1039/1462/1047
f 1034/366/326 1037/1463/1046 1036/1464/1048
f 1035/337/297 1037/1465/1046 1038/1466/1049
f 1040/1467/1050 1044/1468/1051 1046/1469/1052
f 1041/329/289 1044/1470/1051 1043/1471/1053
f 1042/364/324 1044/1472/1051 1045/1473/1054
f 1047/1474/1055 1051/1475/1056 1053/1476/1057
f 1048/1477/1058 1051/1478/1056 1050/1479/1059
f 1049/1480/1060 1051/1481/1056 1052/1482/1061
f 1054/310/270 1058/1483/1062 1060/1484/1063
f 1055/1485/1064 1058/1486/1062 1057/1487/1065
f 1056/365/325 1058/1488/1062 1059/1489/1066
f 1061/308/268 1065/1490/1067 1067/1491/1068
f 1062/369/329 1065/1492/1067 1064/1493/1069
f 1063/352/312 1065/1494/1067 1066/1495/1070
f 1068/1496/1071 1072/1497/1072 1074/1498/1073
f 1069/1499/1074 1072/1500/1072 1071/1501/1075
f 1070/367/327 1072/1502/1072 1073/1503/1076
f 1075/346/306 1079/1504/1077 1081/1505/1078
f 1076/1506/1079 1079/1507/1077 1078/1508/1080
f 1077/1509/1081 1079/1510/1077 1080/1511/1082
f 1082/340/300 1086/1512/1083 1088/1513/1084
f 1083/1514/1085 1086/1515/1083 1085/1516/1086
f 1084/368/328 1086/1517/1083 1087/1518/1087
f 1089/302/262 1093/1519/1088 1095/1520/1089
f 1090/372/332 1093/1521/1088 1092/1522/1090
f 1091/304/264 1093/1523/1088 1094/1524/1091
f 1096/1525/1092 1100/1526/1093 1102/1527/1094
f 1097/1528/1095 1100/1529/1093 1099/1530/1096
f 1098/370/330 1100/1531/1093 1101/1532/1097
f 1103/313/273 1107/1533/1098 1109/1534/1099
f 1104/1535/1100 1107/1536/1098 1106/1537/1101
f 1105/1538/1102 1107/1539/1098 1108/1540/1103
f 1110/334/294 1114/1541/1104 1116/1542/1105
f 1111/1543/1106 1114/1544/1104 1113/1545/1107
f 1112/371/331 1114/1546/1104 1115/1547/1108
f 1242/1548/1109 1246/1549/1110 1244/1550/1111
f 1118/399/359 1121/1551/1112 1120/1552/1113
f 1119/1553/1114 1121/1554/1112 1122/1555/1115
f 1127/1556/1116 1131/1557/1117 1133/1558/1118
f 1128/1559/1119 1131/1560/1117 1130/1561/1120
f 1131/1562/1117 1132/1563/1121 1133/1564/1118
f 1137/488/438 1141/1565/1122 1143/1566/1123
f 1141/1567/1122 1140/1568/1124 1142/1569/1125
f 1139/1570/1126 1141/1571/1122 1142/1572/1125
f 1147/400/360 1151/1573/1127 1153/1574/1128
f 1253/1575/1129 1250/430/390 1254/1576/1130
f 1149/1577/1131 1151/1578/1127 1152/1579/1132
f 1163/487/437 1167/1580/1133 1169/1581/1134
f 1164/1582/1135 1167/1583/1133 1166/1584/1136
f 1167/1585/1133 1168/1586/1137 1169/1587/1134
f 1170/384/344 1174/1588/1138 1176/1589/1139
f 1174/1590/1138 1173/1591/1140 1175/1592/1141
f 1172/1593/1142 1174/1594/1138 1175/1595/1141
f 1183/378/338 1187/1596/1143 1189/1597/1144
f 1184/1598/1145 1187/1599/1143 1186/1600/1146
f 1187/1601/1143 1188/1602/1147 1189/1603/1144
f 1202/388/348 1206/1604/1148 1208/1605/1149
f 1188/1602/1147 1185/442/402 1189/1603/1144
f 1204/1606/1150 1206/1607/1148 1207/1608/1151
f 1215/379/339 1219/1609/1152 1221/1610/1153
f 1219/1611/1152 1218/1612/1154 1220/1613/1155
f 1217/392/352 1219/1614/1152 1220/1615/1155
f 1216/1616/1156 1220/1613/1155 1218/1612/1154
f 1229/387/347 1232/1617/1157 1231/1618/1158
f 1230/394/354 1232/1619/1157 1233/1620/1159
f 1241/390/350 1245/1621/1160 1247/1622/1161
f 1245/1623/1160 1244/1550/1111 1246/1549/1110
f 1243/1624/1162 1245/1625/1160 1246/1626/1110
f 1248/1627/1163 1252/1628/1164 1254/1629/1130
f 1249/1630/1165 1252/1631/1164 1251/1632/1166
f 1252/1633/1164 1253/1575/1129 1254/1576/1130
f 1261/402/362 1265/1634/1167 1267/1635/1168
f 1262/1636/1169 1266/1637/1170 1264/1638/1171
f 1263/1639/1172 1265/1640/1167 1266/1641/1170
f 1271/420/380 1275/1642/1173 1277/1643/1174
f 1272/1644/1175 1275/1645/1173 1274/1646/1176
f 1265/1647/1167 1264/1638/1171 1266/1637/1170
f 1278/1648/1177 1282/1649/1178 1284/1650/1179
f 1279/1651/1180 1282/1652/1178 1281/1653/1181
f 1295/1654/1182 1299/1655/1183 1297/1656/1184
f 1294/421/381 1298/1657/1185 1300/1658/1186
f 1298/1659/1185 1297/1656/1184 1299/1655/1183
f 1296/1660/1187 1298/1659/1185 1299/1655/1183
f 1380/1661/1188 1384/1662/1189 1382/1663/1190
f 1302/472/425 1305/1664/1191 1304/1665/1192
f 1303/1666/1193 1305/1667/1191 1306/1668/1194
f 1308/594/534 1312/1669/1195 1314/1670/1196
f 1312/1671/1195 1311/1672/1197 1313/1673/1198
f 1310/456/415 1312/1674/1195 1313/1675/1198
f 1309/1676/1199 1313/1673/1198 1311/1672/1197
f 1325/1677/1200 1328/1678/1201 1327/1679/1202
f 1326/458/417 1328/1680/1201 1329/1681/1203
f 1331/473/426 1335/1682/1204 1337/1683/1205
f 1336/1684/1206 1334/1685/1207 1332/1686/1208
f 1333/1687/1209 1335/1688/1204 1336/1684/1206
f 1344/1689/1210 1348/1690/1211 1350/1691/1212
f 1345/1692/1213 1348/1693/1211 1347/1694/1214
f 1348/1695/1211 1349/1696/1215 1350/1697/1212
f 1363/448/407 1367/1698/1216 1369/1699/1217
f 1367/1700/1216 1366/1701/1218 1368/1702/1219
f 1365/1703/1220 1367/1704/1216 1368/1705/1219
f 1379/463/420 1383/1706/1221 1385/1707/1222
f 1383/1708/1221 1382/1663/1190 1384/1662/1189
f 1381/1709/1223 1383/1710/1221 1384/1711/1189
f 1389/461/419 1393/1712/1224 1395/1713/1225
f 1393/1714/1224 1392/1715/1226 1394/1716/1227
f 1391/1717/1228 1393/1718/1224 1394/1719/1227
f 1396/451/410 1400/1720/1229 1402/1721/1230
f 1397/1722/1231 1400/1723/1229 1399/1724/1232
f 1400/1725/1229 1401/1726/1233 1402/1727/1230
f 1409/1728/1234 1413/1729/1235 1415/1730/1236
f 1410/1731/1237 1413/1732/1235 1412/1733/1238
f 1415/1734/1236 1414/1735/1239 1411/501/448
f 1416/460/418 1420/1736/1240 1422/1737/1241
f 1417/1738/1242 1420/1739/1240 1419/1740/1243
f 1420/1741/1240 1421/1742/1244 1422/1743/1241
f 1426/452/411 1430/1744/1245 1432/1745/1246
f 1430/1746/1245 1429/1747/1247 1431/1748/1248
f 1428/1749/1249 1430/1750/1245 1431/1751/1248
f 1442/494/442 1446/1752/1250 1448/1753/1251
f 1443/1754/1252 1446/1755/1250 1445/1756/1253
f 1453/1757/1254 1452/1758/1255 1454/1759/1256
f 1449/475/427 1453/1760/1254 1455/1761/1257
f 1450/1762/1258 1454/1759/1256 1452/1758/1255
f 1451/1763/1259 1453/1764/1254 1454/1765/1256
f 1465/1766/1260 1469/1767/1261 1471/1768/1262
f 1466/1769/1263 1469/1770/1261 1468/1771/1264
f 1473/1772/1265 1477/1773/1266 1475/1774/1267
f 1472/492/441 1476/1775/1268 1478/1776/1269
f 1476/1777/1268 1475/1774/1267 1477/1773/1266
f 1474/1778/1270 1476/1777/1268 1477/1773/1266
f 1677/1779/648 1681/1780/1271 1683/1781/1272
f 1678/1782/653 1681/1780/1271 1680/1783/1273
f 1683/1781/1272 1682/1784/1274 1679/779/656
f 1684/1785/651 1688/1786/1275 1690/1787/1276
f 1689/1788/1277 1687/1789/1278 1685/772/657
f 1686/1790/652 1688/1786/1275 1689/1788/1277
f 1691/1791/647 1695/1792/1279 1697/1793/1280
f 1696/1794/1281 1694/1795/1282 1692/770/654
f 1693/1796/1283 1695/1792/1279 1696/1794/1281
f 1698/1797/1284 1702/1798/1285 1704/1799/1286
f 1699/1800/649 1702/1798/1285 1701/1801/1287
f 1704/1799/1286 1703/1802/1288 1700/765/655
f 1708/1803/1281 1711/1804/1282 1705/762/654
f 1706/1805/1283 1709/1806/1279 1708/1803/1281
f 1707/1807/647 1709/1806/1279 1710/1808/1280
f 1712/1809/649 1716/1810/1285 1718/1811/1287
f 1717/1812/1286 1715/1813/1288 1713/769/655
f 1714/1814/1284 1716/1810/1285 1717/1812/1286
f 1719/1815/653 1723/1816/1271 1725/1817/1273
f 1724/1818/1272 1722/1819/1274 1720/767/656
f 1721/1820/648 1723/1816/1271 1724/1818/1272
f 1729/1821/1277 1732/1822/1278 1726/771/657
f 1727/1823/652 1730/1824/1275 1729/1821/1277
f 1728/1825/651 1730/1824/1275 1731/1826/1276
f 201/747/346 218/1827/696 215/862/412
f 207/1828/690 216/741/337 218/866/696
f 222/736/345 211/1829/693 208/734/343
f 228/1830/699 209/857/436 211/859/693
f 174/822/409 213/1831/691 209/857/436
f 176/1832/689 210/753/340 213/861/691
f 203/852/409 186/1833/691 182/742/436
f 206/1834/689 180/737/340 186/828/691
f 217/752/408 197/1835/698 194/750/334
f 220/1836/694 195/743/535 197/844/698
f 224/873/535 193/1837/694 189/838/337
f 227/1838/698 187/746/408 193/834/694
f 196/758/345 185/1839/693 181/756/343
f 199/1840/699 182/742/436 185/832/693
f 175/759/346 192/1841/696 188/835/412
f 178/1842/690 189/838/337 192/840/696
f 328/705/618 327/1843/1289 326/706/619
f 327/1844/1289 329/596/536 325/666/580
f 331/711/624 330/1845/1290 328/705/618
f 330/1846/1290 332/531/476 329/596/536
f 331/711/624 336/1847/1291 333/1848/1292
f 333/1849/1292 335/534/479 332/531/476
f 334/725/638 339/1850/1293 336/1847/1291
f 339/1851/1293 335/534/479 336/1852/1291
f 340/674/587 339/1850/1293 337/1853/1294
f 339/1854/1293 341/536/481 338/538/482
f 343/673/586 342/1855/1295 340/674/587
f 345/1856/1296 341/536/481 342/1857/1295
f 343/673/586 348/1858/1297 345/1859/1296
f 348/1860/1297 344/539/483 345/1856/1296
f 346/681/594 351/1861/1298 348/1858/1297
f 351/1862/1298 347/541/485 348/1860/1297
f 349/685/598 354/1863/1299 351/1861/1298
f 354/1864/1299 350/543/487 351/1862/1298
f 352/684/597 357/1865/1300 354/1863/1299
f 357/1866/1300 353/545/489 354/1864/1299
f 355/694/607 360/1867/1301 357/1865/1300
f 357/1866/1300 359/549/493 356/547/491
f 358/697/610 363/1868/1302 360/1867/1301
f 363/1869/1302 359/549/493 360/1870/1301
f 364/700/613 363/1868/1302 361/1871/1303
f 363/1872/1302 365/553/497 362/555/495
f 367/704/617 366/1873/1304 364/700/613
f 369/1874/1305 365/553/497 366/1875/1304
f 370/710/623 369/1876/1305 367/704/617
f 369/1874/1305 371/558/501 368/556/499
f 373/717/630 372/1877/1306 370/710/623
f 372/1878/1306 374/560/503 371/558/501
f 376/723/636 375/1879/1307 373/717/630
f 375/1880/1307 377/562/505 374/560/503
f 379/727/640 378/1881/1308 376/723/636
f 381/1882/1309 377/562/505 378/1883/1308
f 379/727/640 384/1884/1310 381/1885/1309
f 384/1886/1310 380/564/507 381/1882/1309
f 382/669/582 387/1887/1311 384/1884/1310
f 387/1888/1311 383/566/509 384/1886/1310
f 385/679/592 390/1889/1312 387/1887/1311
f 390/1890/1312 386/570/511 387/1891/1311
f 388/683/596 393/1892/1313 390/1889/1312
f 393/1893/1313 389/573/515 390/1890/1312
f 391/682/595 396/1894/1314 393/1892/1313
f 396/1895/1314 392/575/517 393/1893/1313
f 397/690/603 396/1894/1314 394/687/600
f 399/1896/1315 395/577/519 396/1895/1314
f 397/690/603 402/1897/1316 399/1898/1315
f 402/1899/1316 398/579/521 399/1896/1315
f 403/698/611 402/1897/1316 400/699/612
f 402/1899/1316 404/583/525 401/581/523
f 406/703/616 405/1900/1317 403/698/611
f 405/1901/1317 407/585/527 404/583/525
f 409/708/621 408/1902/1318 406/703/616
f 408/1903/1318 410/1904/529 407/585/527
f 412/714/627 411/1905/1319 409/708/621
f 411/1906/1319 413/590/531 410/587/529
f 415/721/634 414/1907/1320 412/714/627
f 414/1908/1320 416/592/533 413/590/531
f 415/721/634 420/1909/1321 417/1910/1322
f 417/1911/1322 419/528/473 416/592/533
f 418/599/539 327/1843/1289 420/1909/1321
f 327/1844/1289 419/528/473 420/1912/1321
f 230/603/542 234/1913/1323 231/1914/1324
f 234/1915/1323 229/598/538 231/1916/1324
f 232/667/508 237/1917/1325 234/1913/1323
f 237/1918/1325 233/712/625 234/1915/1323
f 235/604/510 240/1919/1326 237/1917/1325
f 240/1920/1326 236/713/626 237/1918/1325
f 238/606/512 243/1921/1327 240/1919/1326
f 243/1922/1327 239/720/633 240/1920/1326
f 244/609/545 243/1923/1327 241/1924/514
f 243/1922/1327 245/672/585 242/724/637
f 247/612/516 246/1925/1328 244/609/545
f 246/1926/1328 248/677/590 245/672/585
f 250/614/518 249/1927/1329 247/612/516
f 249/1928/1329 251/676/589 248/677/590
f 253/616/549 252/1929/1330 250/614/518
f 252/1930/1330 254/680/593 251/676/589
f 253/616/549 258/1931/1331 255/1932/1332
f 258/1933/1331 254/680/593 255/1934/1332
f 256/618/522 261/1935/1333 258/1931/1331
f 261/1936/1333 257/689/602 258/1933/1331
f 259/620/524 264/1937/1334 261/1935/1333
f 264/1938/1334 260/688/601 261/1936/1333
f 262/622/552 267/1939/1335 264/1937/1334
f 267/1940/1335 263/693/606 264/1938/1334
f 268/626/555 267/1941/1335 265/1942/528
f 267/1940/1335 269/701/614 266/696/609
f 271/629/532 270/1943/1336 268/626/555
f 270/1944/1336 272/709/622 269/701/614
f 274/631/475 273/1945/1337 271/629/532
f 276/1946/1338 272/709/622 273/1947/1337
f 277/633/559 276/1948/1338 274/631/475
f 279/1949/1339 275/718/631 276/1946/1338
f 277/633/559 282/1950/1340 279/1951/1339
f 282/1952/1340 278/719/632 279/1949/1339
f 283/637/478 282/1950/1340 280/635/537
f 285/1953/1341 281/726/639 282/1952/1340
f 286/639/563 285/1954/1341 283/637/478
f 285/1953/1341 287/671/584 284/670/583
f 286/639/563 291/1955/1342 288/1956/1343
f 291/1957/1342 287/671/584 288/1958/1343
f 289/643/480 294/1959/1344 291/1960/1342
f 294/1961/1344 290/675/588 291/1957/1342
f 295/647/486 294/1959/1344 292/645/567
f 297/1962/1345 293/678/591 294/1961/1344
f 298/649/488 297/1963/1345 295/647/486
f 300/1964/1346 296/686/599 297/1962/1345
f 301/651/571 300/1965/1346 298/649/488
f 303/1966/1347 299/691/604 300/1964/1346
f 301/651/571 306/1967/1348 303/1968/1347
f 303/1966/1347 305/695/608 302/692/605
f 304/653/492 309/1969/1349 306/1967/1348
f 306/1970/1348 308/702/615 305/695/608
f 310/657/575 309/1969/1349 307/655/494
f 309/1971/1349 311/707/620 308/702/615
f 313/659/498 312/1972/1350 310/657/575
f 312/1973/1350 314/715/628 311/707/620
f 313/660/498 318/1974/1351 315/1975/1352
f 318/1976/1351 314/715/628 315/1977/1352
f 316/662/500 321/1978/1353 318/1974/1351
f 321/1979/1353 317/716/629 318/1976/1351
f 319/664/502 324/1980/1354 321/1978/1353
f 324/1981/1354 320/722/635 321/1979/1353
f 322/601/504 231/1914/1324 324/1980/1354
f 231/1916/1324 323/600/540 324/1981/1354
f 428/449/408 424/1982/698 421/447/334
f 434/1983/694 422/595/535 424/879/698
f 442/450/409 441/1984/691 437/893/436
f 448/1985/689 435/459/340 441/890/691
f 456/464/361 455/1986/700 451/462/351
f 462/1987/703 449/471/365 455/904/700
f 470/922/376 469/1988/706 465/493/367
f 476/1989/709 463/476/349 469/917/706
f 484/385/345 483/1990/693 479/383/343
f 490/1991/699 477/486/436 483/930/693
f 499/377/337 497/1992/690 493/946/409
f 501/1993/696 491/386/346 497/943/690
f 512/391/351 511/1994/707 507/389/349
f 518/1995/702 505/398/358 511/958/707
f 526/419/379 525/1996/711 521/974/433
f 532/1997/704 519/403/363 525/971/711
f 690/350/310 688/1998/808 685/351/311
f 694/1999/812 686/266/226 688/2000/808
f 700/242/202 698/2001/813 695/243/203
f 704/2002/816 696/268/228 698/2003/813
f 687/2004/810 708/2005/817 705/194/154
f 688/2000/808 706/269/229 708/2006/817
f 715/2007/822 713/2008/819 710/260/220
f 719/2009/824 711/271/231 713/2010/819
f 720/209/169 729/2011/829 723/2012/825
f 729/2013/829 721/273/233 723/2014/825
f 730/224/184 719/2015/824 716/225/185
f 734/2016/831 717/270/230 719/2009/824
f 740/2017/835 738/2018/832 735/257/217
f 744/2019/837 736/276/236 738/2020/832
f 697/197/157 748/2021/838 745/198/158
f 698/2003/813 746/277/237 748/2022/838
f 755/251/211 753/2023/840 750/252/212
f 759/2024/844 751/279/239 753/2025/840
f 760/218/178 769/2026/850 763/2027/845
f 769/2028/850 761/281/241 763/2029/845
f 712/2030/821 773/2031/851 770/203/163
f 713/2010/819 771/282/242 773/2032/851
f 775/215/175 704/2033/816 701/216/176
f 779/2034/855 702/267/227 704/2002/816
f 780/221/181 789/2035/861 783/2036/856
f 789/2037/861 781/284/244 783/2038/856
f 752/2039/842 744/2040/837 741/245/205
f 753/2025/840 742/275/235 744/2019/837
f 790/230/190 783/2041/856 793/2042/862
f 783/2038/856 791/285/245 793/2043/862
f 722/206/166 769/2044/850 766/207/167
f 723/2014/825 767/280/240 769/2028/850
f 795/2045/865 694/2046/812 691/200/160
f 799/2047/867 692/265/225 694/1999/812
f 737/2048/834 759/2049/844 756/212/172
f 738/2020/832 757/278/238 759/2024/844
f 786/236/196 804/2050/870 789/2051/861
f 789/2037/861 802/287/247 787/283/243
f 747/233/193 779/2052/855 776/234/194
f 779/2034/855 746/277/237 777/288/248
f 801/248/208 793/2053/862 804/2054/870
f 793/2043/862 802/287/247 804/2055/870
f 772/2056/853 734/2057/831 731/263/223
f 773/2032/851 732/274/234 734/2016/831
f 707/227/187 799/2058/867 796/228/188
f 799/2047/867 706/269/229 797/286/246
f 762/2059/847 729/2060/829 726/239/199
f 763/2029/845 727/272/232 729/2013/829
f 540/1232/878 810/1225/872 534/1229/875
f 816/1231/877 805/1223/309 810/1225/872
f 552/1004/725 822/1239/883 544/996/720
f 828/1244/888 817/1237/201 822/1239/883
f 534/1229/875 834/1251/893 558/1255/897
f 809/1228/874 829/1249/155 834/1251/893
f 571/1022/737 840/1258/899 563/1014/732
f 846/1263/903 835/1256/221 840/1258/899
f 585/1036/747 852/1270/907 577/1028/742
f 852/1270/907 854/1278/168 847/1268/170
f 592/1043/752 843/1262/902 571/1022/737
f 864/1281/916 841/1264/183 843/1262/902
f 606/1057/762 870/1288/921 598/1049/757
f 876/1293/925 865/1286/218 870/1288/921
f 544/996/720 882/1300/929 612/1063/767
f 882/1300/929 818/1240/884 877/1298/156
f 627/1078/777 888/1306/934 619/1070/772
f 888/1306/934 890/1314/940 883/1304/210
f 633/1084/782 906/1323/947 900/1318/943
f 906/1323/947 895/1316/179 900/1318/943
f 563/1014/732 912/1330/951 647/1098/792
f 912/1330/951 836/1259/162 907/1328/164
f 655/1106/797 825/1243/887 552/1004/725
f 918/1335/955 823/1245/174 825/1243/887
f 667/1349/966 924/1342/960 661/1346/963
f 930/1348/965 919/1340/182 924/1342/960
f 619/1070/772 873/1292/924 606/1057/762
f 887/1309/936 871/1294/206 873/1292/924
f 661/1346/963 936/1356/970 671/1360/973
f 923/1345/962 931/1354/191 936/1356/970
f 577/1028/742 903/1322/946 641/1092/787
f 851/1273/910 901/1324/165 903/1322/946
f 677/1363/976 813/1230/876 540/1232/878
f 942/1362/975 811/1233/161 813/1230/876
f 598/1049/757 891/1310/937 627/1078/777
f 869/1291/923 889/1312/173 891/1310/937
f 682/1370/981 927/1347/964 667/1349/966
f 948/1369/980 925/1350/197 927/1347/964
f 612/1063/767 915/1334/954 655/1106/797
f 881/1303/932 913/1336/192 915/1334/954
f 671/1360/973 945/1368/979 682/1370/981
f 935/1359/972 943/1371/209 945/1368/979
f 647/1098/792 861/1280/915 592/1043/752
f 911/1333/953 859/1282/224 861/1280/915
f 677/1363/976 833/1254/896 939/1361/974
f 833/1254/896 937/1364/186 939/1361/974
f 585/1036/747 899/1321/945 855/1274/911
f 855/1274/911 896/1319/198 853/1276/200
f 687/1130/810 807/1227/873 689/1129/809
f 807/1227/873 685/1127/311 689/1129/809
f 691/1134/160 815/1236/881 811/1233/161
f 815/1236/881 690/1131/310 812/1235/880
f 697/1138/157 819/1241/885 699/1137/814
f 819/1241/885 695/1135/203 699/1137/814
f 701/1142/176 827/1248/891 823/1245/174
f 827/1248/891 700/1139/202 824/1247/890
f 707/1146/187 831/1253/895 709/1145/818
f 831/1253/895 705/1143/154 709/1145/818
f 712/1150/821 837/1260/900 714/1149/820
f 837/1260/900 710/1147/220 714/1149/820
f 716/1154/185 845/1267/905 841/1264/183
f 845/1267/905 715/1151/822 842/1266/219
f 722/1158/166 849/1272/909 724/1157/826
f 849/1272/909 720/1155/169 724/1157/826
f 726/1162/199 857/1279/914 853/1276/200
f 857/1279/914 725/1159/827 854/1278/168
f 731/1166/223 863/1285/919 859/1282/224
f 863/1285/919 730/1163/184 860/1284/918
f 737/1170/834 867/1290/922 739/1169/833
f 867/1290/922 735/1167/217 739/1169/833
f 741/1174/205 875/1297/927 871/1294/206
f 875/1297/927 740/1171/835 872/1296/216
f 747/1178/193 879/1302/931 749/1177/839
f 879/1302/931 745/1175/158 749/1177/839
f 752/1182/842 885/1308/935 754/1181/841
f 885/1308/935 750/1179/212 754/1181/841
f 756/1186/172 893/1315/941 889/1312/173
f 893/1315/941 755/1183/211 890/1314/940
f 762/1190/847 897/1320/944 764/1189/846
f 897/1320/944 760/1187/178 764/1189/846
f 766/1194/167 905/1327/949 901/1324/165
f 905/1327/949 765/1191/848 902/1326/177
f 772/1198/853 909/1332/952 774/1197/852
f 909/1332/952 770/1195/163 774/1197/852
f 776/1202/194 917/1339/958 913/1336/192
f 917/1339/958 775/1199/175 914/1338/957
f 782/1206/858 921/1344/961 784/1205/857
f 921/1344/961 780/1203/181 784/1205/857
f 786/1210/196 929/1353/968 925/1350/197
f 929/1353/968 785/1207/859 926/1352/180
f 792/1214/864 933/1358/971 794/1213/863
f 933/1358/971 790/1211/190 794/1213/863
f 796/1218/188 941/1367/978 937/1364/186
f 941/1367/978 795/1215/865 938/1366/159
f 801/1222/208 947/1374/983 943/1371/209
f 947/1374/983 800/1219/868 944/1373/195
f 538/414/374 536/2061/712 533/415/375
f 542/2062/715 534/1229/875 536/2063/712
f 550/338/298 546/2064/719 543/339/299
f 556/1000/722 544/996/720 546/995/719
f 535/290/250 560/2065/726 557/291/251
f 536/2063/712 558/1255/897 560/2066/726
f 569/356/316 565/2067/731 562/357/317
f 575/1018/734 563/1014/732 565/1013/731
f 576/306/266 589/2068/744 579/2069/741
f 589/1032/744 577/1028/742 579/1027/741
f 590/320/280 574/2070/736 570/321/281
f 596/1039/749 571/1022/737 574/1021/736
f 604/353/313 600/2071/756 597/354/314
f 600/1048/756 606/1057/762 598/1049/757
f 611/292/252 548/2072/718 614/2073/766
f 548/994/718 612/1063/767 614/1062/766
f 618/348/308 631/2074/774 621/2075/771
f 631/1074/774 619/1070/772 621/1069/771
f 639/314/274 635/2076/781 632/315/275
f 645/1088/784 633/1084/782 635/1083/781
f 646/298/258 567/2077/730 649/2078/791
f 567/1012/730 647/1098/792 649/1097/791
f 653/311/271 555/2079/724 551/312/272
f 555/1003/724 655/1106/797 552/1004/725
f 665/317/277 663/1107/798 660/318/278
f 669/2080/801 661/1346/963 663/2081/798
f 620/341/301 609/2082/761 605/342/302
f 609/1056/761 619/1070/772 606/1057/762
f 662/326/286 673/1115/802 670/327/287
f 663/2081/798 671/1360/973 673/2083/802
f 578/303/263 644/2084/786 640/301/261
f 644/1091/786 577/1028/742 641/1092/787
f 539/297/257 679/2085/805 542/2086/715
f 679/2087/805 540/1232/878 542/2062/715
f 599/309/269 630/2088/776 626/307/267
f 602/1047/755 627/1078/777 630/1077/776
f 680/332/292 669/1113/801 666/333/293
f 684/2089/807 667/1349/966 669/2080/801
f 613/330/290 658/2090/796 654/328/288
f 658/1105/796 612/1063/767 655/1106/797
f 672/345/305 684/1125/807 681/343/303
f 673/2083/802 682/1370/981 684/2089/807
f 648/359/319 595/2091/751 591/360/320
f 595/1042/751 647/1098/792 592/1043/752
f 559/323/283 679/2092/805 676/324/284
f 560/2066/726 677/1363/976 679/2087/805
f 634/335/295 588/2093/746 584/336/296
f 637/1082/780 585/1036/747 588/1035/746
f 950/254/214 962/2094/990 958/728/641
f 952/2095/987 956/325/285 962/1383/990
f 958/728/641 969/2096/995 965/729/642
f 961/2097/992 963/1388/993 969/1390/995
f 965/729/642 976/2098/1000 972/253/213
f 968/2099/998 970/331/291 976/1397/1000
f 972/253/213 954/2100/988 950/254/214
f 975/2101/1003 951/316/276 954/1381/988
f 672/345/305 959/1385/991 674/1117/803
f 959/2102/991 670/327/287 674/1116/803
f 660/318/278 955/2103/986 951/316/276
f 955/1377/986 662/326/286 949/1375/984
f 680/332/292 966/1393/997 683/1123/806
f 966/2104/997 681/343/303 683/1126/806
f 665/317/277 973/1400/1002 668/1111/800
f 973/2105/1002 666/333/293 668/1114/800
f 986/731/644 980/1407/1007 990/2106/1010
f 980/2107/1007 984/289/249 990/1411/1010
f 993/1422/1018 989/1416/1013 997/2108/1015
f 989/2109/1013 991/322/282 997/1418/1015
f 1000/732/645 996/1424/1019 1004/2110/1021
f 996/2111/1019 998/295/255 1004/1426/1021
f 1000/732/645 982/2112/1008 978/733/646
f 1003/2113/1024 979/413/373 982/1409/1008
f 559/323/283 987/1414/1012 561/2114/727
f 987/2115/1012 557/291/251 561/2116/727
f 533/415/375 983/2117/1006 979/413/373
f 983/1405/1006 535/290/250 977/1403/1004
f 675/296/256 994/1421/1017 678/2118/804
f 994/2119/1017 676/324/284 678/2120/804
f 538/414/374 1001/1429/1023 541/2121/714
f 1001/2122/1023 539/297/257 541/2123/714
f 1006/363/323 1018/2124/1031 1014/361/321
f 1008/2125/1027 1012/1438/1029 1018/1440/1031
f 1014/361/321 1025/2126/1036 1021/1451/1039
f 1017/2127/1034 1019/358/318 1025/1447/1036
f 1028/362/322 1024/1453/1040 1032/2128/1042
f 1032/1455/1042 1020/1448/1037 1026/319/279
f 1028/362/322 1010/2129/1028 1006/363/323
f 1031/2130/1045 1007/355/315 1010/1437/1028
f 648/359/319 1015/1443/1033 652/2131/789
f 1015/2132/1033 646/298/258 652/2133/789
f 562/357/317 1011/2134/1026 1007/355/315
f 1011/1433/1026 564/300/260 1005/299/259
f 590/320/280 1022/1450/1038 593/2135/750
f 1022/2136/1038 591/360/320 593/2137/750
f 569/356/316 1029/1458/1044 572/2138/735
f 1029/2139/1044 570/321/281 572/2140/735
f 1034/366/326 1046/2141/1052 1042/364/324
f 1036/2142/1048 1040/1467/1050 1046/1469/1052
f 1042/364/324 1053/2143/1057 1049/1480/1060
f 1045/2144/1054 1047/1474/1055 1053/1476/1057
f 1049/1480/1060 1060/2145/1063 1056/365/325
f 1052/2146/1061 1054/310/270 1060/1484/1063
f 1034/366/326 1059/1489/1066 1038/2147/1049
f 1059/2148/1066 1035/337/297 1038/1466/1049
f 613/330/290 1043/1471/1053 617/2149/764
f 1043/2150/1053 611/292/252 617/2151/764
f 543/339/299 1039/2152/1047 1035/337/297
f 1039/1462/1047 545/294/254 1033/293/253
f 653/311/271 1050/1479/1059 656/2153/795
f 1050/2154/1059 654/328/288 656/2155/795
f 550/338/298 1057/1487/1065 553/2156/723
f 1057/2157/1065 551/312/272 553/2158/723
f 1062/369/329 1074/2159/1073 1070/367/327
f 1064/2160/1069 1068/1496/1071 1074/1498/1073
f 1070/367/327 1081/2161/1078 1077/1509/1081
f 1073/2162/1076 1075/346/306 1081/1505/1078
f 1077/1509/1081 1088/2163/1084 1084/368/328
f 1080/2164/1082 1082/340/300 1088/1513/1084
f 1062/369/329 1087/1518/1087 1066/2165/1070
f 1066/1495/1070 1083/1514/1085 1063/352/312
f 625/347/307 1071/1501/1075 628/2166/775
f 1071/2167/1075 626/307/267 628/2168/775
f 597/354/314 1067/2169/1068 1063/352/312
f 1067/1491/1068 599/309/269 1061/308/268
f 620/341/301 1078/1508/1080 624/2170/769
f 1078/2171/1080 618/348/308 624/2172/769
f 604/353/313 1085/1516/1086 607/2173/760
f 1085/2174/1086 605/342/302 607/2175/760
f 1090/372/332 1102/2176/1094 1098/370/330
f 1092/2177/1090 1096/1525/1092 1102/1527/1094
f 1098/370/330 1109/2178/1099 1105/1538/1102
f 1109/1534/1099 1097/1528/1095 1103/313/273
f 1105/1538/1102 1116/2179/1105 1112/371/331
f 1116/1542/1105 1104/1535/1100 1110/334/294
f 1112/371/331 1094/2180/1091 1090/372/332
f 1115/2181/1108 1091/304/264 1094/1524/1091
f 639/314/274 1099/1530/1096 642/2182/785
f 1099/2183/1096 640/301/261 642/2184/785
f 576/306/266 1095/2185/1089 1091/304/264
f 1095/1520/1089 578/303/263 1089/302/262
f 634/335/295 1106/1537/1101 638/2186/779
f 1106/2187/1101 632/315/275 638/2188/779
f 583/305/265 1113/1545/1107 586/2189/745
f 1113/2190/1107 584/336/296 586/2191/745
f 479/383/343 1130/2192/1120 1127/1556/1116
f 482/2193/692 1128/1559/1119 1130/1561/1120
f 477/486/436 1143/1566/1123 480/2194/691
f 480/932/691 1139/1570/1126 478/380/340
f 1134/446/406 1142/1569/1125 1138/2195/1355
f 1136/2196/1356 1139/1570/1126 1142/1572/1125
f 1144/2197/382 1136/2198/1356 1134/446/406
f 1136/2196/1356 1145/2199/1357 1135/381/341
f 1144/422/382 1126/2200/1358 1146/2201/1359
f 1126/2202/1358 1145/2199/1357 1146/2203/1359
f 1124/2204/1360 1132/1563/1121 1126/2200/1358
f 1126/2202/1358 1128/1559/1119 1125/382/342
f 486/939/535 1166/2205/1136 1163/487/437
f 489/2206/698 1164/1582/1135 1166/1584/1136
f 484/385/345 1176/1589/1139 487/2207/697
f 487/938/697 1172/1593/1142 485/374/334
f 1177/444/404 1175/1592/1141 1171/2208/1361
f 1179/2209/1362 1172/1593/1142 1175/1595/1141
f 1180/2210/384 1179/2211/1362 1177/444/404
f 1179/2209/1362 1181/2212/1363 1178/375/335
f 1180/424/384 1162/2213/1364 1182/2214/1365
f 1162/2215/1364 1181/2212/1363 1182/2216/1365
f 1160/2217/1366 1168/1586/1137 1162/2213/1364
f 1162/2215/1364 1164/1582/1135 1161/376/336
f 1171/2208/1361 1133/1564/1118 1129/443/403
f 1173/2218/1140 1127/1556/1116 1133/1558/1118
f 1138/2195/1355 1169/1587/1134 1165/441/401
f 1140/2219/1124 1163/487/437 1169/1581/1134
f 493/946/409 1186/2220/1146 1183/378/338
f 496/2221/689 1184/1598/1145 1186/1600/1146
f 491/386/346 1208/1605/1149 494/2222/688
f 494/945/688 1204/1606/1150 492/395/355
f 1196/431/391 1207/2223/1151 1203/2224/1367
f 1198/2225/1368 1204/1606/1150 1207/1608/1151
f 1196/431/391 1195/2226/1369 1198/2227/1368
f 1198/2225/1368 1194/2228/1370 1197/396/356
f 1190/2229/1371 1195/2230/1369 1193/433/393
f 1192/2231/1372 1194/2228/1370 1195/2232/1369
f 1190/2229/1371 1188/1602/1147 1192/2233/1372
f 1192/2231/1372 1184/1598/1145 1191/397/357
f 499/377/337 1221/1610/1153 503/2234/694
f 503/956/694 1217/392/352 500/954/408
f 1212/425/385 1220/1613/1155 1216/1616/1156
f 1214/2235/1373 1217/392/352 1220/1615/1155
f 1222/2236/392 1214/2237/1373 1212/425/385
f 1214/2235/1373 1223/393/353 1213/2238/1374
f 1225/2239/1375 1224/2240/1376 1222/432/392
f 1227/2241/1377 1223/393/353 1224/2242/1376
f 1225/2239/1375 1234/2243/1378 1227/2244/1377
f 1227/2241/1377 1230/394/354 1226/2245/1379
f 498/949/412 1233/2246/1159 1229/387/347
f 504/2247/695 1230/394/354 1233/1620/1159
f 1203/2224/1367 1231/2248/1158 1228/429/389
f 1205/2249/1380 1229/387/347 1231/1618/1158
f 1216/1616/1156 1189/1603/1144 1185/442/402
f 1218/2250/1154 1183/378/338 1189/1597/1144
f 507/389/349 1251/2251/1166 1248/1627/1163
f 510/2252/706 1249/1630/1165 1251/1632/1166
f 505/398/358 1153/1574/1128 508/2253/708
f 508/960/708 1149/2254/1131 506/407/367
f 1154/445/405 1152/1579/1132 1148/2255/1381
f 1156/2256/1382 1149/2254/1131 1152/2257/1132
f 1209/2258/386 1156/2259/1382 1154/445/405
f 1156/2256/1382 1210/2260/1383 1155/408/368
f 1209/426/386 1240/2261/1384 1211/2262/1385
f 1240/2263/1384 1210/2260/1383 1211/2264/1385
f 1238/2265/1386 1253/1575/1129 1240/2261/1384
f 1240/2263/1384 1249/1630/1165 1239/409/369
f 1157/2266/1387 1201/2267/1388 1200/423/383
f 1159/2268/1389 1199/2269/1390 1201/2270/1388
f 1157/2266/1387 1123/2271/1391 1159/2272/1389
f 1159/2268/1389 1119/2273/1114 1158/404/364
f 514/967/430 1122/2274/1115 1118/399/359
f 517/2275/701 1119/2273/1114 1122/2276/1115
f 512/391/351 1247/1622/1161 515/2277/700
f 515/966/700 1243/1624/1162 513/405/365
f 1235/428/388 1246/1549/1110 1242/1548/1109
f 1237/2278/1392 1243/1624/1162 1246/1626/1110
f 1200/2279/383 1237/2280/1392 1235/428/388
f 1237/2278/1392 1199/2269/1390 1236/406/366
f 1148/2255/1381 1120/2281/1113 1117/373/333
f 1150/2282/1393 1118/399/359 1120/1552/1113
f 1242/1548/1109 1254/1576/1130 1250/430/390
f 1244/2283/1111 1248/1627/1163 1254/1629/1130
f 521/974/433 1274/2284/1176 1271/420/380
f 524/2285/710 1272/2286/1175 1274/2287/1176
f 519/403/363 1267/1635/1168 522/2288/709
f 522/973/709 1263/1639/1172 520/416/376
f 1258/427/387 1266/1637/1170 1262/1636/1169
f 1260/2289/1394 1263/1639/1172 1266/1641/1170
f 1255/2290/399 1260/2291/1394 1258/427/387
f 1260/2289/1394 1256/2292/1395 1259/417/377
f 1255/439/399 1270/2293/1396 1257/2294/1397
f 1270/2295/1396 1256/2292/1395 1257/2296/1397
f 1268/2297/1398 1276/2298/1399 1270/2293/1396
f 1270/2295/1396 1272/2286/1175 1269/418/378
f 528/401/361 1281/2299/1181 1278/1648/1177
f 531/2300/703 1279/1651/1180 1281/1653/1181
f 526/419/379 1300/1658/1186 529/2301/705
f 529/980/705 1296/2302/1187 527/410/370
f 1291/438/398 1299/1655/1183 1295/1654/1182
f 1293/2303/1400 1296/2302/1187 1299/2304/1183
f 1288/2305/395 1293/2306/1400 1291/438/398
f 1293/2303/1400 1289/2307/1401 1292/411/371
f 1285/434/394 1290/2308/1402 1288/435/395
f 1287/2309/1403 1289/2307/1401 1290/2310/1402
f 1285/434/394 1283/2311/1404 1287/2312/1403
f 1287/2309/1403 1279/1651/1180 1286/412/372
f 1295/1654/1182 1277/2313/1174 1273/440/400
f 1297/2314/1184 1271/420/380 1277/1643/1174
f 1262/1636/1169 1284/2315/1179 1280/437/397
f 1264/2316/1171 1278/1648/1177 1284/1650/1179
f 422/595/535 1314/1670/1196 426/2317/699
f 426/882/699 1310/456/415 423/880/345
f 1315/517/463 1313/1673/1198 1309/1676/1199
f 1317/2318/1405 1310/456/415 1313/1675/1198
f 1318/2319/462 1317/2320/1405 1315/517/463
f 1317/2318/1405 1319/457/416 1316/2321/1406
f 1321/515/461 1320/2322/1407 1318/516/462
f 1323/2323/1408 1319/457/416 1320/2324/1407
f 1321/515/461 1330/2325/1409 1323/2326/1408
f 1323/2323/1408 1326/458/417 1322/2327/1410
f 421/447/334 1329/2328/1203 1325/1677/1200
f 427/2329/697 1326/458/417 1329/1681/1203
f 430/593/337 1347/2330/1214 1344/1689/1210
f 433/2331/696 1345/1692/1213 1347/1694/1214
f 428/449/408 1369/1699/1217 431/2332/695
f 431/886/695 1365/1703/1220 429/453/412
f 1360/499/447 1368/1702/1219 1364/2333/1411
f 1362/2334/1412 1365/1703/1220 1368/1705/1219
f 1360/499/447 1359/2335/1413 1362/2336/1412
f 1362/2334/1412 1358/2337/1414 1361/454/413
f 1351/2338/1415 1359/2339/1413 1357/498/446
f 1353/2340/1416 1358/2337/1414 1359/2341/1413
f 1351/2338/1415 1349/1696/1215 1353/2342/1416
f 1353/2340/1416 1345/1692/1213 1352/455/414
f 1364/2333/1411 1327/2343/1202 1324/513/459
f 1366/2344/1218 1325/1677/1200 1327/1679/1202
f 1309/1676/1199 1350/1697/1212 1346/495/443
f 1311/2345/1197 1344/1689/1210 1350/1691/1212
f 437/893/436 1399/2346/1232 1396/451/410
f 440/2347/693 1397/1722/1231 1399/1724/1232
f 435/459/340 1395/1713/1225 438/2348/692
f 438/892/692 1391/1717/1228 436/468/343
f 1386/504/451 1394/1716/1227 1390/2349/1417
f 1388/2350/1418 1391/1717/1228 1394/1719/1227
f 1386/504/451 1408/2351/1419 1388/2352/1418
f 1388/2350/1418 1407/2353/1420 1387/469/423
f 1403/2354/1421 1408/2355/1419 1406/510/450
f 1405/2356/1422 1407/2353/1420 1408/2357/1419
f 1403/2354/1421 1401/1726/1233 1405/2358/1422
f 1405/2356/1422 1397/1722/1231 1404/470/424
f 444/900/355 1419/2359/1243 1416/460/418
f 447/2360/688 1417/1738/1242 1419/1740/1243
f 442/450/409 1432/1745/1246 445/2361/690
f 445/899/690 1428/1749/1249 443/465/346
f 1423/507/454 1431/1748/1248 1427/2362/1423
f 1425/2363/1424 1428/1749/1249 1431/1751/1248
f 1423/507/454 1438/2364/1425 1425/2365/1424
f 1425/2363/1424 1437/2366/1426 1424/466/421
f 1433/508/455 1438/2367/1425 1436/509/456
f 1435/2368/1427 1437/2366/1426 1438/2369/1425
f 1433/508/455 1421/1742/1244 1435/2370/1427
f 1435/2368/1427 1417/1738/1242 1434/467/422
f 1390/2349/1417 1422/1743/1241 1418/502/449
f 1392/2371/1226 1416/460/418 1422/1737/1241
f 1427/2362/1423 1402/1727/1230 1398/505/452
f 1429/2372/1247 1396/451/410 1402/1721/1230
f 451/462/351 1412/2373/1238 1409/1728/1234
f 454/2374/702 1410/1731/1237 1412/1733/1238
f 449/471/365 1337/1683/1205 452/2375/701
f 452/906/701 1333/2376/1209 450/480/430
f 1338/511/457 1336/1684/1206 1332/1686/1208
f 1340/2377/1428 1333/2376/1209 1336/2378/1206
f 1354/2379/460 1340/2380/1428 1338/511/457
f 1340/2377/1428 1355/2381/1429 1339/481/431
f 1376/2382/1430 1356/2383/1431 1354/514/460
f 1378/2384/1432 1355/2381/1429 1356/2385/1431
f 1376/2382/1430 1414/1735/1239 1378/2386/1432
f 1378/2384/1432 1410/1731/1237 1377/482/432
f 1371/497/445 1343/2387/1433 1372/2388/1434
f 1343/2389/1433 1370/2390/1435 1372/2391/1434
f 1341/496/444 1307/2392/1436 1343/2387/1433
f 1343/2389/1433 1303/2393/1193 1342/477/428
f 458/913/370 1306/2394/1194 1302/472/425
f 461/2395/705 1303/2393/1193 1306/2396/1194
f 456/464/361 1385/1707/1222 459/2397/704
f 459/912/704 1381/1709/1223 457/478/379
f 1373/512/458 1384/1662/1189 1380/1661/1188
f 1375/2398/1437 1381/1709/1223 1384/1711/1189
f 1371/2399/445 1375/2400/1437 1373/512/458
f 1375/2398/1437 1370/2390/1435 1374/479/429
f 1332/1686/1208 1304/2401/1192 1301/436/396
f 1334/2402/1207 1302/472/425 1304/1665/1192
f 1380/1661/1188 1415/1734/1236 1411/501/448
f 1382/2403/1190 1409/1728/1234 1415/1730/1236
f 465/493/367 1445/2404/1253 1442/494/442
f 468/2405/708 1443/2406/1252 1445/2407/1253
f 463/476/349 1455/1761/1257 466/2408/707
f 466/919/707 1451/1763/1259 464/489/358
f 1456/527/472 1454/1759/1256 1450/1762/1258
f 1458/2409/1438 1451/1763/1259 1454/1765/1256
f 1459/2410/453 1458/2411/1438 1456/527/472
f 1458/2409/1438 1460/2412/1439 1457/490/439
f 1459/506/453 1441/2413/1440 1461/2414/1441
f 1441/2415/1440 1460/2412/1439 1461/2416/1441
f 1439/2417/1442 1447/2418/1443 1441/2413/1440
f 1441/2415/1440 1443/2406/1252 1440/491/440
f 472/474/363 1468/2419/1264 1465/1766/1260
f 475/2420/711 1466/1769/1263 1468/1771/1264
f 470/922/376 1478/1776/1269 473/2421/710
f 473/926/710 1474/2422/1270 471/483/433
f 1479/524/470 1477/1773/1266 1473/1772/1265
f 1481/2423/1444 1474/2422/1270 1477/2424/1266
f 1482/523/469 1481/2425/1444 1479/524/470
f 1481/2423/1444 1483/2426/1445 1480/484/434
f 1462/525/471 1484/2427/1446 1482/526/469
f 1464/2428/1447 1483/2426/1445 1484/2429/1446
f 1462/525/471 1470/2430/1448 1464/2431/1447
f 1464/2428/1447 1466/1769/1263 1463/485/435
f 1473/1772/1265 1448/2432/1251 1444/522/468
f 1448/1753/1251 1472/492/441 1442/494/442
f 1450/1762/1258 1471/2433/1262 1467/518/464
f 1452/2434/1255 1465/1766/1260 1471/1768/1262
f 1491/2435/1449 1487/2436/1450 1493/2437/1340
f 1493/2438/1340 1486/529/474 1492/597/537
f 1500/2439/583 1493/2437/1340 1502/2440/1341
f 1493/2438/1340 1501/533/478 1502/2441/1341
f 1509/2442/1451 1502/2440/1341 1511/2443/1452
f 1502/2441/1341 1510/532/477 1511/2444/1452
f 1513/2445/588 1511/2443/1452 1514/2446/1342
f 1511/2444/1452 1512/535/480 1514/2447/1342
f 1513/2445/588 1520/2448/1453 1518/2449/1454
f 1520/2450/1453 1512/537/480 1519/540/484
f 1518/2449/1454 1526/2451/1455 1524/2452/599
f 1526/2453/1455 1519/540/484 1525/542/486
f 1524/2452/599 1532/2454/1456 1530/2455/1457
f 1532/2456/1456 1525/542/486 1531/544/488
f 1530/2455/1457 1538/2457/1458 1536/2458/605
f 1532/2456/1456 1537/546/490 1538/2459/1458
f 1542/2460/1459 1538/2457/1458 1544/2461/1348
f 1544/2462/1348 1537/546/490 1543/548/492
f 1542/2460/1459 1550/2463/1460 1548/2464/615
f 1550/2465/1460 1543/548/492 1549/550/494
f 1548/2464/615 1556/2466/1461 1554/2467/1462
f 1550/2465/1460 1555/552/496 1556/2468/1461
f 1560/2469/628 1556/2466/1461 1562/2470/1463
f 1556/2468/1461 1561/2471/498 1562/2472/1463
f 1560/2469/628 1568/2473/1464 1566/2474/1465
f 1568/2475/1464 1561/554/498 1567/557/500
f 1572/2476/635 1568/2473/1464 1574/2477/1353
f 1574/2478/1353 1567/557/500 1573/559/502
f 1578/2479/1466 1574/2477/1353 1580/2480/1467
f 1574/2478/1353 1579/561/504 1580/2481/1467
f 1578/2479/1466 1586/2482/1468 1584/255/215
f 1580/2481/1467 1585/563/506 1586/2483/1468
f 1590/2484/1469 1586/2482/1468 1592/2485/1470
f 1592/2486/1470 1585/563/506 1591/565/508
f 1596/2487/626 1592/2485/1470 1598/2488/1471
f 1598/2489/1471 1591/565/508 1597/567/510
f 1599/2490/1472 1598/2488/1471 1601/2491/1473
f 1601/2492/1473 1597/567/510 1600/569/512
f 1602/2493/1474 1601/2491/1473 1604/2494/1327
f 1604/2495/1327 1600/569/512 1603/2496/514
f 1608/2497/1475 1604/2494/1327 1610/2498/1328
f 1610/2499/1328 1603/572/514 1609/571/513
f 1614/2500/590 1610/2498/1328 1616/2501/1476
f 1610/2499/1328 1615/574/516 1616/2502/1476
f 1620/2503/1477 1616/2501/1476 1622/2504/1330
f 1616/2502/1476 1621/576/518 1622/2505/1330
f 1626/2506/1478 1622/2504/1330 1628/2507/1479
f 1622/2505/1330 1627/578/520 1628/2508/1479
f 1626/2506/1478 1634/2509/1480 1632/2510/1481
f 1634/2511/1480 1627/578/520 1633/580/522
f 1632/2510/1481 1640/2512/1482 1638/2513/601
f 1640/2514/1482 1633/580/522 1639/582/524
f 1644/2515/1483 1640/2512/1482 1646/2516/1334
f 1646/2517/1334 1639/582/524 1645/584/526
f 1644/2515/1483 1652/2518/1335 1651/2519/1484
f 1652/2520/1335 1645/584/526 1650/586/528
f 1656/2521/1485 1652/2518/1335 1658/2522/1486
f 1652/2523/1335 1657/588/530 1658/2524/1486
f 1662/2525/622 1658/2522/1486 1664/2526/1487
f 1658/2524/1486 1663/591/532 1664/2527/1487
f 1662/2525/622 1670/2528/1488 1668/2529/1489
f 1664/2527/1487 1669/530/475 1670/2530/1488
f 1668/2529/1489 1487/2436/1450 1485/730/643
f 1670/2530/1488 1486/529/474 1487/2531/1450
f 1488/520/466 1676/2532/1490 1675/521/467
f 1490/2533/1491 1674/665/579 1676/2534/1490
f 1495/808/677 1499/2535/1492 1496/2536/1493
f 1496/2537/1493 1498/640/564 1494/638/562
f 1504/796/665 1508/2538/1494 1505/2539/1495
f 1505/2540/1495 1507/613/547 1503/611/546
f 1515/799/668 1499/2535/1492 1497/807/676
f 1517/2541/1496 1498/640/564 1499/2542/1492
f 1521/795/664 1508/2538/1494 1506/809/678
f 1523/2543/1497 1507/613/547 1508/2544/1494
f 1527/798/667 1517/2545/1496 1515/799/668
f 1529/2546/1498 1516/2547/565 1517/2548/1496
f 1533/794/663 1523/2549/1497 1521/795/664
f 1535/2550/1315 1522/615/548 1523/2543/1497
f 1527/798/667 1541/2551/1499 1529/2552/1498
f 1529/2546/1498 1540/646/568 1528/644/566
f 1533/794/663 1547/2553/1500 1535/2554/1315
f 1535/2550/1315 1546/619/550 1534/617/521
f 1551/800/669 1541/2551/1499 1539/801/670
f 1553/2555/1501 1540/646/568 1541/2556/1499
f 1557/811/680 1547/2553/1500 1545/810/679
f 1559/2557/1502 1546/619/550 1547/2558/1500
f 1563/802/671 1553/2559/1501 1551/800/669
f 1565/2560/1503 1552/648/569 1553/2555/1501
f 1569/818/687 1559/2561/1502 1557/811/680
f 1571/2562/1504 1558/621/551 1559/2557/1502
f 1563/802/671 1577/2563/1505 1565/2564/1503
f 1565/2560/1503 1576/652/572 1564/650/570
f 1569/818/687 1583/2565/1506 1571/2566/1504
f 1571/2562/1504 1582/625/554 1570/623/553
f 1587/804/673 1577/2563/1505 1575/803/672
f 1589/2567/1507 1576/652/572 1577/2568/1505
f 1593/812/681 1583/2565/1506 1581/813/682
f 1595/2569/1508 1582/627/554 1583/2570/1506
f 1605/805/674 1589/2571/1507 1587/804/673
f 1607/2572/1509 1588/654/573 1589/2567/1507
f 1611/814/683 1595/2573/1508 1593/812/681
f 1613/2574/1510 1594/628/556 1595/2569/1508
f 1488/520/466 1619/2575/1511 1490/2576/1491
f 1490/2533/1491 1618/740/650 1489/602/541
f 1605/805/674 1625/2577/1512 1607/2578/1509
f 1607/2572/1509 1624/658/576 1606/656/574
f 1611/814/683 1631/2579/1513 1613/2580/1510
f 1613/2574/1510 1630/632/558 1612/630/557
f 1635/792/661 1619/2575/1511 1617/789/658
f 1637/2581/1514 1618/740/650 1619/2582/1511
f 1641/790/659 1625/2577/1512 1623/791/660
f 1643/2583/1515 1624/2584/576 1625/2585/1512
f 1647/816/685 1631/2579/1513 1629/815/684
f 1649/2586/1516 1630/632/558 1631/2587/1513
f 1635/792/661 1655/2588/1517 1637/2589/1514
f 1637/2581/1514 1654/605/543 1636/668/581
f 1659/793/662 1643/2590/1515 1641/790/659
f 1661/2591/1518 1642/661/577 1643/2583/1515
f 1647/816/685 1667/2592/1519 1649/2593/1516
f 1649/2586/1516 1666/636/561 1648/634/560
f 1671/797/666 1655/2588/1517 1653/806/675
f 1673/2594/1520 1654/605/543 1655/2595/1517
f 1659/793/662 1676/2532/1490 1661/2596/1518
f 1661/2591/1518 1674/665/579 1660/663/578
f 1495/808/677 1667/2592/1519 1665/817/686
f 1496/2537/1493 1666/636/561 1667/2597/1519
f 1504/796/665 1673/2598/1520 1671/797/666
f 1505/2540/1495 1672/610/544 1673/2599/1520
f 202/849/355 1680/2600/1273 1677/738/648
f 204/2601/688 1678/749/653 1680/2602/1273
f 1684/751/651 221/2603/695 217/752/408
f 1690/2604/1276 215/862/412 221/864/695
f 1679/779/656 1689/1788/1277 1685/772/657
f 1682/2605/1274 1686/748/652 1689/2606/1277
f 180/737/340 1701/2607/1287 183/2608/692
f 1701/2609/1287 181/756/343 183/830/692
f 194/750/334 1697/2610/1280 1693/2611/1283
f 200/2612/697 1691/757/647 1697/2613/1280
f 1712/755/649 214/2614/692 210/753/340
f 1718/2615/1287 208/734/343 214/856/692
f 1705/762/654 1717/1812/1286 1713/769/655
f 1711/2616/1282 1714/2617/1284 1717/2618/1286
f 223/744/334 1710/2619/1280 1706/2620/1283
f 225/2621/697 1707/735/647 1710/2622/1280
f 1719/761/653 179/2623/688 175/759/346
f 179/821/688 1721/754/648 173/819/355
f 1713/769/655 1724/1818/1272 1720/767/656
f 1715/2624/1288 1721/754/648 1724/2625/1272
f 1700/765/655 1683/1781/1272 1679/779/656
f 1703/2626/1288 1677/738/648 1683/2627/1272
f 1685/772/657 1696/1794/1281 1692/770/654
f 1687/2628/1278 1693/2611/1283 1696/2629/1281
f 1726/771/657 1708/1803/1281 1705/762/654
f 1732/2630/1278 1706/2620/1283 1708/2631/1281
f 188/835/412 1731/2632/1276 1727/760/652
f 190/2633/695 1728/745/651 1731/2634/1276
f 1720/767/656 1729/1821/1277 1726/771/657
f 1722/2635/1274 1727/760/652 1729/2636/1277
f 1692/770/654 1704/1799/1286 1700/765/655
f 1694/2637/1282 1698/2638/1284 1704/2639/1286
f 209/857/436 189/838/337 174/822/409
f 1390/2349/1417 1394/1716/1227 1392/1715/1226
f 1401/1726/1233 1398/505/452 1402/1727/1230
f 1427/2362/1423 1431/1748/1248 1429/1747/1247
f 1421/1742/1244 1418/502/449 1422/1743/1241
f 1171/2208/1361 1175/1592/1141 1173/1591/1140
f 1168/1586/1137 1165/441/401 1169/1587/1134
f 1138/2195/1355 1142/1569/1125 1140/1568/1124
f 1132/1563/1121 1129/443/403 1133/1564/1118
f 1364/2333/1411 1368/1702/1219 1366/1701/1218
f 1349/1696/1215 1346/495/443 1350/1697/1212
f 1328/2640/1201 1330/2325/1409 1327/2343/1202
f 1330/2325/1409 1324/513/459 1327/2343/1202
f 1206/2641/1148 1205/2642/1380 1207/2223/1151
f 1203/2224/1367 1207/2223/1151 1205/2642/1380
f 1232/2643/1157 1234/2243/1378 1231/2248/1158
f 1234/2243/1378 1228/429/389 1231/2248/1158
f 1275/1645/1173 1276/2298/1399 1277/2313/1174
f 1276/2298/1399 1273/440/400 1277/2313/1174
f 1282/2644/1178 1283/2311/1404 1284/2315/1179
f 1283/2311/1404 1280/437/397 1284/2315/1179
f 1446/1755/1250 1447/2418/1443 1448/2432/1251
f 1447/2418/1443 1444/522/468 1448/2432/1251
f 1469/2645/1261 1470/2430/1448 1471/2433/1262
f 1470/2430/1448 1467/518/464 1471/2433/1262
f 1121/1554/1112 1123/2271/1391 1120/2281/1113
f 1123/2271/1391 1117/373/333 1120/2281/1113
f 1151/1578/1127 1150/2646/1393 1152/1579/1132
f 1148/2255/1381 1152/1579/1132 1150/2646/1393
f 1305/1667/1191 1307/2392/1436 1304/2401/1192
f 1307/2392/1436 1301/436/396 1304/2401/1192
f 1415/1734/1236 1413/2647/1235 1414/1735/1239
f 1336/1684/1206 1335/1688/1204 1334/1685/1207
f 1/1/1 4/5/5 3/2/2
f 2/4/4 5/2648/14 4/5/5
f 4/5/5 16/8/8 13/6/6
f 4/5/5 5/2648/14 6/7/7
f 7/9/9 10/13/13 9/10/10
f 8/12/12 11/2649/19 10/13/13
f 10/13/13 5/16/14 2/14/4
f 10/13/13 11/2649/19 6/15/7
f 12/17/15 15/21/18 14/18/16
f 13/20/6 16/2650/8 15/21/18
f 15/21/18 11/24/19 8/22/12
f 15/21/18 16/2650/8 6/23/7
f 17/25/20 20/29/24 19/26/21
f 18/28/23 21/2651/33 20/29/24
f 20/29/24 32/32/27 29/30/25
f 20/29/24 21/2651/33 22/31/26
f 23/33/28 26/37/32 25/34/29
f 24/36/31 27/2652/38 26/37/32
f 26/37/32 21/40/33 18/38/23
f 26/37/32 27/2652/38 22/39/26
f 28/41/34 31/45/37 30/42/35
f 29/44/25 32/2653/27 31/45/37
f 31/45/37 27/48/38 24/46/31
f 31/45/37 32/2653/27 22/47/26
f 33/49/39 36/53/43 35/50/40
f 34/52/42 37/2654/52 36/53/43
f 36/53/43 48/56/46 45/54/44
f 36/53/43 37/2654/52 38/55/45
f 39/57/47 42/61/51 41/58/48
f 40/60/50 43/2655/57 42/61/51
f 42/61/51 37/64/52 34/62/42
f 42/61/51 43/2655/57 38/63/45
f 44/65/53 47/69/56 46/66/54
f 45/68/44 48/2656/46 47/69/56
f 47/69/56 43/72/57 40/70/50
f 47/69/56 48/2656/46 38/71/45
f 49/73/58 52/77/62 51/74/59
f 50/76/61 53/2657/71 52/77/62
f 52/77/62 64/80/65 61/78/63
f 52/77/62 53/2657/71 54/79/64
f 55/81/66 58/85/70 57/82/67
f 56/84/69 59/2658/76 58/85/70
f 58/85/70 53/88/71 50/86/61
f 58/85/70 59/2658/76 54/87/64
f 60/89/72 63/93/75 62/90/73
f 61/92/63 64/2659/65 63/93/75
f 63/93/75 59/96/76 56/94/69
f 63/93/75 64/2659/65 54/95/64
f 65/97/77 68/101/81 67/98/78
f 66/100/80 69/2660/90 68/101/81
f 68/101/81 80/104/84 77/102/82
f 68/101/81 69/2660/90 70/103/83
f 71/105/85 74/109/89 73/106/86
f 72/108/88 75/2661/95 74/109/89
f 74/109/89 69/112/90 66/110/80
f 74/109/89 75/2661/95 70/111/83
f 76/113/91 79/117/94 78/114/92
f 77/116/82 80/2662/84 79/117/94
f 79/117/94 75/120/95 72/118/88
f 79/117/94 80/2662/84 70/119/83
f 81/121/96 84/125/100 83/122/97
f 82/124/99 85/2663/109 84/125/100
f 84/125/100 96/128/103 93/126/101
f 84/125/100 85/2663/109 86/127/102
f 87/129/104 90/133/108 89/130/105
f 88/132/107 91/2664/114 90/133/108
f 90/133/108 85/136/109 82/134/99
f 90/133/108 91/2664/114 86/135/102
f 92/137/110 95/141/113 94/138/111
f 93/140/101 96/2665/103 95/141/113
f 95/141/113 91/144/114 88/142/107
f 95/141/113 96/2665/103 86/143/102
f 97/145/115 100/149/119 99/146/116
f 98/148/118 101/2666/128 100/149/119
f 100/149/119 112/152/122 109/150/120
f 100/149/119 101/2666/128 102/151/121
f 103/153/123 106/157/127 105/154/124
f 104/156/126 107/2667/133 106/157/127
f 106/157/127 101/160/128 98/158/118
f 106/157/127 107/2667/133 102/159/121
f 108/161/129 111/165/132 110/162/130
f 109/164/120 112/2668/122 111/165/132
f 111/165/132 107/168/133 104/166/126
f 111/165/132 112/2668/122 102/167/121
f 113/169/134 116/173/138 115/170/135
f 114/172/137 117/2669/147 116/173/138
f 116/173/138 128/176/141 125/174/139
f 116/173/138 117/2669/147 118/175/140
f 119/177/142 122/181/146 121/178/143
f 120/180/145 123/2670/152 122/181/146
f 122/181/146 117/184/147 114/182/137
f 122/181/146 123/2670/152 118/183/140
f 124/185/148 127/189/151 126/186/149
f 125/188/139 128/2671/141 127/189/151
f 127/189/151 123/192/152 120/190/145
f 127/189/151 128/2671/141 118/191/140
f 137/43/36 30/42/35 12/17/15
f 30/42/35 24/46/31 13/20/6
f 24/36/31 23/33/28 3/2/2
f 23/33/28 135/35/30 138/3/3
f 140/155/125 105/154/124 119/177/142
f 119/177/142 105/154/124 98/158/118
f 98/148/118 97/145/115 126/186/149
f 97/145/115 141/147/117 131/187/150
f 143/83/68 57/82/67 44/65/53
f 57/82/67 50/86/61 45/68/44
f 50/76/61 49/73/58 35/50/40
f 49/73/58 144/75/60 145/51/41
f 134/131/106 89/130/105 65/97/77
f 65/97/77 89/130/105 82/134/99
f 82/124/99 81/121/96 73/106/86
f 81/121/96 132/123/98 147/107/87
f 806/193/153 687/2004/810 705/194/154
f 877/196/156 818/2672/884 697/197/157
f 938/199/159 795/2045/865 691/200/160
f 836/202/162 712/2030/821 770/203/163
f 901/205/165 848/2673/908 722/206/166
f 854/208/168 725/2674/827 720/209/169
f 866/211/171 737/2048/834 756/212/172
f 823/214/174 914/2675/957 775/215/175
f 902/217/177 765/2676/848 760/218/178
f 926/220/180 785/2677/859 780/221/181
f 841/223/183 860/2678/918 730/224/184
f 937/226/186 830/2679/894 707/227/187
f 920/229/189 782/2680/858 790/230/190
f 913/232/192 878/2681/930 747/233/193
f 944/235/195 800/2682/868 786/236/196
f 896/238/198 762/2059/847 726/239/199
f 817/241/201 824/2683/890 700/242/202
f 884/244/204 752/2039/842 741/245/205
f 932/247/207 792/2684/864 801/248/208
f 883/250/210 890/2685/940 755/251/211
f 1644/2515/1483 1651/2519/1484 965/729/642
f 958/728/641 1513/2445/588 1518/2449/1454
f 958/728/641 1518/2449/1454 1524/2452/599
f 1638/2513/601 1644/2515/1483 965/729/642
f 1632/2510/1481 1638/2513/601 965/729/642
f 958/728/641 1524/2452/599 1530/2455/1457
f 958/728/641 1530/2455/1457 1536/2458/605
f 1632/2510/1481 965/729/642 972/253/213
f 1626/2506/1478 1632/2510/1481 972/253/213
f 950/254/214 958/728/641 1536/2458/605
f 950/254/214 1536/2458/605 1542/2460/1459
f 1620/2503/1477 1626/2506/1478 972/253/213
f 1614/2500/590 1620/2503/1477 972/253/213
f 950/254/214 1542/2460/1459 1548/2464/615
f 950/254/214 1548/2464/615 1554/2467/1462
f 1608/2497/1475 1614/2500/590 972/253/213
f 1602/2493/1474 1608/2497/1475 972/253/213
f 950/254/214 1554/2467/1462 1560/2469/628
f 950/254/214 1560/2469/628 1566/2474/1465
f 1599/2490/1472 1602/2493/1474 972/253/213
f 1596/2487/626 1599/2490/1472 972/253/213
f 950/254/214 1566/2474/1465 1572/2476/635
f 950/254/214 1572/2476/635 1578/2479/1466
f 1590/2484/1469 1596/2487/626 972/253/213
f 950/254/214 1578/2479/1466 1584/255/215
f 1584/255/215 1590/2484/1469 972/253/213
f 872/256/216 740/2017/835 735/257/217
f 842/259/219 715/2007/822 710/260/220
f 908/262/222 772/2056/853 731/263/223
f 692/265/225 130/171/136 129/139/112
f 702/267/227 132/123/98 131/187/150
f 686/266/226 129/139/112 133/27/22
f 717/270/230 135/35/30 134/131/106
f 727/272/232 137/43/36 136/19/17
f 732/274/234 138/3/3 135/35/30
f 742/275/235 140/155/125 139/179/144
f 696/268/228 131/187/150 141/147/117
f 757/278/238 143/83/68 142/67/55
f 767/280/240 145/51/41 144/75/60
f 711/271/231 134/131/106 146/99/79
f 702/267/227 777/288/248 147/107/87
f 787/283/243 149/163/131 148/59/49
f 751/279/239 142/67/55 140/155/125
f 781/284/244 148/59/49 150/11/11
f 721/273/233 136/19/17 145/51/41
f 797/286/246 151/91/74 130/171/136
f 736/276/236 139/179/144 143/83/68
f 802/287/247 152/115/93 149/163/131
f 746/277/237 141/147/117 147/107/87
f 791/285/245 150/11/11 152/115/93
f 771/282/242 146/99/79 138/3/3
f 706/269/229 133/27/22 151/91/74
f 761/281/241 144/75/60 137/43/36
f 984/289/249 977/1403/1004 535/290/250
f 611/292/252 1040/1467/1050 1033/293/253
f 998/295/255 992/1419/1016 675/296/256
f 646/298/258 1012/1438/1029 1005/299/259
f 640/301/261 1096/1525/1092 1089/302/262
f 1091/304/264 1111/1543/1106 583/305/265
f 626/307/267 1068/1496/1071 1061/308/268
f 1054/310/270 1048/1477/1058 653/311/271
f 1103/313/273 1097/1528/1095 639/314/274
f 951/316/276 971/1398/1001 665/317/277
f 1026/319/279 1020/1448/1037 590/320/280
f 991/322/282 985/1412/1011 559/323/283
f 956/325/285 949/1375/984 662/326/286
f 654/328/288 1047/1474/1055 1041/329/289
f 970/331/291 964/1391/996 680/332/292
f 1110/334/294 1104/1535/1100 634/335/295
f 1035/337/297 1055/1485/1064 550/338/298
f 1082/340/300 1076/1506/1079 620/341/301
f 681/343/303 963/1388/993 957/344/304
f 1075/346/306 1069/1499/1074 625/347/307
f 805/349/309 812/2686/880 690/350/310
f 1063/352/312 1083/1514/1085 604/353/313
f 1007/355/315 1027/1456/1043 569/356/316
f 1019/358/318 1013/1441/1032 648/359/319
f 1014/361/321 1021/1451/1039 1028/362/322
f 1042/364/324 1049/1480/1060 1056/365/325
f 1070/367/327 1077/1509/1081 1084/368/328
f 1098/370/330 1105/1538/1102 1112/371/331
f 1117/373/333 1157/2266/1387 17/25/20
f 129/139/112 94/138/111 1154/445/405
f 129/139/112 1154/445/405 1148/2255/1381
f 1117/373/333 17/25/20 133/27/22
f 129/139/112 1148/2255/1381 1117/373/333
f 1161/376/336 1164/1582/1135 485/374/334
f 485/374/334 1172/1593/1142 1178/375/335
f 1178/375/335 1181/2212/1363 1161/376/336
f 499/377/337 493/946/409 1183/378/338
f 1125/382/342 1128/1559/1119 478/380/340
f 478/380/340 1139/1570/1126 1135/381/341
f 1135/381/341 1145/2199/1357 1125/382/342
f 479/383/343 1127/1556/1116 1170/384/344
f 491/386/346 498/949/412 1229/387/347
f 507/389/349 1248/1627/1163 1241/390/350
f 1230/394/354 500/954/408 1217/392/352
f 1217/392/352 1213/2238/1374 1223/393/353
f 1223/393/353 1226/2245/1379 1230/394/354
f 1191/397/357 1184/1598/1145 492/395/355
f 492/395/355 1204/1606/1150 1197/396/356
f 1197/396/356 1194/2228/1370 1191/397/357
f 505/398/358 514/967/430 1118/399/359
f 528/401/361 1278/1648/1177 1261/402/362
f 1236/406/366 1199/2269/1390 1158/404/364
f 1158/404/364 1119/2273/1114 513/405/365
f 513/405/365 1243/1624/1162 1236/406/366
f 1239/409/369 1249/1630/1165 506/407/367
f 506/407/367 1149/2254/1131 1155/408/368
f 1155/408/368 1210/2260/1383 1239/409/369
f 1286/412/372 1279/1651/1180 527/410/370
f 527/410/370 1296/2302/1187 1292/411/371
f 1292/411/371 1289/2307/1401 1286/412/372
f 979/413/373 999/1427/1022 538/414/374
f 1269/418/378 1272/2286/1175 520/416/376
f 520/416/376 1263/1639/1172 1259/417/377
f 1259/417/377 1256/2292/1395 1269/418/378
f 526/419/379 521/974/433 1271/420/380
f 76/113/91 1124/2204/1360 1144/422/382
f 17/25/20 1157/2266/1387 1200/423/383
f 1/1/1 1160/2217/1366 1180/424/384
f 40/70/50 1222/2236/392 1212/425/385
f 87/129/104 1238/2265/1386 1209/426/386
f 114/182/137 1255/2290/399 1258/427/387
f 18/38/23 1200/2279/383 1235/428/388
f 1228/429/389 1225/2239/1375 39/57/47
f 149/163/131 110/162/130 1196/431/391
f 149/163/131 1196/431/391 1203/2224/1367
f 1228/429/389 39/57/47 148/59/49
f 149/163/131 1203/2224/1367 1228/429/389
f 1238/2265/1386 87/129/104 134/131/106
f 135/35/30 25/34/29 1235/428/388
f 135/35/30 1235/428/388 1242/1548/1109
f 1250/430/390 1238/2265/1386 134/131/106
f 135/35/30 1242/1548/1109 1250/430/390
f 104/166/126 1193/2687/393 1196/431/391
f 39/57/47 1225/2239/1375 1222/432/392
f 103/153/123 1190/2229/1371 1193/433/393
f 56/84/69 55/81/66 1285/434/394
f 1341/496/444 92/137/110 129/139/112
f 130/171/136 115/170/135 1338/511/457
f 130/171/136 1338/511/457 1332/1686/1208
f 1301/436/396 1341/496/444 129/139/112
f 130/171/136 1332/1686/1208 1301/436/396
f 1285/434/394 55/81/66 143/83/68
f 139/179/144 121/178/143 1258/427/387
f 139/179/144 1258/427/387 1262/1636/1169
f 1280/437/397 1285/434/394 143/83/68
f 139/179/144 1262/1636/1169 1280/437/397
f 56/94/69 1288/2305/395 1291/438/398
f 113/169/134 1268/2297/1398 1255/439/399
f 1268/2297/1398 113/169/134 130/171/136
f 151/91/74 62/90/73 1291/438/398
f 151/91/74 1291/438/398 1295/1654/1182
f 1273/440/400 1268/2297/1398 130/171/136
f 151/91/74 1295/1654/1182 1273/440/400
f 1160/2217/1366 1/1/1 138/3/3
f 146/99/79 67/98/78 1134/446/406
f 146/99/79 1134/446/406 1138/2195/1355
f 1165/441/401 1160/2217/1366 138/3/3
f 146/99/79 1138/2195/1355 1165/441/401
f 1190/2229/1371 103/153/123 140/155/125
f 142/67/55 46/66/54 1212/425/385
f 142/67/55 1212/425/385 1216/1616/1156
f 1185/442/402 1190/2229/1371 140/155/125
f 142/67/55 1216/1616/1156 1185/442/402
f 1124/2204/1360 76/113/91 152/115/93
f 150/11/11 9/10/10 1177/444/404
f 150/11/11 1177/444/404 1171/2208/1361
f 1129/443/403 1124/2204/1360 152/115/93
f 150/11/11 1171/2208/1361 1129/443/403
f 2/14/4 1180/2210/384 1177/444/404
f 88/142/107 1209/2258/386 1154/445/405
f 77/102/82 1144/2197/382 1134/446/406
f 421/447/334 1325/1677/1200 1363/448/407
f 442/450/409 437/893/436 1396/451/410
f 1352/455/414 1345/1692/1213 429/453/412
f 429/453/412 1365/1703/1220 1361/454/413
f 1361/454/413 1358/2337/1414 1352/455/414
f 1326/458/417 423/880/345 1310/456/415
f 1310/456/415 1316/2321/1406 1319/457/416
f 1319/457/416 1322/2327/1410 1326/458/417
f 435/459/340 444/900/355 1416/460/418
f 451/462/351 1409/1728/1234 1379/463/420
f 1434/467/422 1417/1738/1242 443/465/346
f 443/465/346 1428/1749/1249 1424/466/421
f 1424/466/421 1437/2366/1426 1434/467/422
f 1404/470/424 1397/1722/1231 436/468/343
f 436/468/343 1391/1717/1228 1387/469/423
f 1387/469/423 1407/2353/1420 1404/470/424
f 449/471/365 458/913/370 1302/472/425
f 472/474/363 1465/1766/1260 1449/475/427
f 1374/479/429 1370/2390/1435 1342/477/428
f 1342/477/428 1303/2393/1193 457/478/379
f 457/478/379 1381/1709/1223 1374/479/429
f 1377/482/432 1410/1731/1237 450/480/430
f 450/480/430 1333/2376/1209 1339/481/431
f 1339/481/431 1355/2381/1429 1377/482/432
f 1463/485/435 1466/1769/1263 471/483/433
f 471/483/433 1474/2422/1270 1480/484/434
f 1480/484/434 1483/2426/1445 1463/485/435
f 477/486/436 486/939/535 1163/487/437
f 1440/491/440 1443/2406/1252 464/489/358
f 464/489/358 1451/1763/1259 1457/490/439
f 1457/490/439 1460/2412/1439 1440/491/440
f 1472/492/441 470/922/376 465/493/367
f 1351/2338/1415 71/105/85 147/107/87
f 141/147/117 99/146/116 1315/517/463
f 141/147/117 1315/517/463 1309/1676/1199
f 1346/495/443 1351/2338/1415 147/107/87
f 141/147/117 1309/1676/1199 1346/495/443
f 93/140/101 92/137/110 1341/496/444
f 71/105/85 1351/2338/1415 1357/498/446
f 1360/499/447 78/114/92 72/118/88
f 1376/2382/1430 124/185/148 131/187/150
f 132/123/98 83/122/97 1373/512/458
f 132/123/98 1373/512/458 1380/1661/1188
f 1411/501/448 1376/2382/1430 131/187/150
f 132/123/98 1380/1661/1188 1411/501/448
f 1418/502/449 1433/508/455 7/9/9
f 148/59/49 41/58/48 1386/504/451
f 148/59/49 1386/504/451 1390/2349/1417
f 1418/502/449 7/9/9 150/11/11
f 148/59/49 1390/2349/1417 1418/502/449
f 41/58/48 34/62/42 1406/503/450
f 1403/2354/1421 33/49/39 145/51/41
f 136/19/17 14/18/16 1423/507/454
f 136/19/17 1423/507/454 1427/2362/1423
f 1398/505/452 1403/2354/1421 145/51/41
f 136/19/17 1427/2362/1423 1398/505/452
f 60/89/72 1439/2417/1442 1459/506/453
f 8/22/12 1436/2688/456 1423/507/454
f 8/12/12 7/9/9 1433/508/455
f 33/49/39 1403/2354/1421 1406/510/450
f 125/174/139 1354/2379/460 1338/511/457
f 93/126/101 1371/2399/445 1373/512/458
f 1324/513/459 1321/515/461 108/161/129
f 152/115/93 78/114/92 1360/499/447
f 152/115/93 1360/499/447 1364/2333/1411
f 1324/513/459 108/161/129 149/163/131
f 152/115/93 1364/2333/1411 1324/513/459
f 124/185/148 1376/2382/1430 1354/514/460
f 109/164/120 108/161/129 1321/515/461
f 109/150/120 1318/2319/462 1315/517/463
f 1462/525/471 28/41/34 137/43/36
f 144/75/60 51/74/59 1456/527/472
f 144/75/60 1456/527/472 1450/1762/1258
f 1467/518/464 1462/525/471 137/43/36
f 144/75/60 1450/1762/1258 1467/518/464
f 1439/2417/1442 60/89/72 151/91/74
f 133/27/22 19/26/21 1479/524/470
f 133/27/22 1479/524/470 1473/1772/1265
f 1444/522/468 1439/2417/1442 151/91/74
f 133/27/22 1473/1772/1265 1444/522/468
f 19/26/21 29/30/25 1482/523/469
f 29/44/25 28/41/34 1462/525/471
f 61/78/63 1459/2410/453 1456/527/472
f 419/528/473 325/666/580 1486/529/474
f 332/531/476 335/534/479 1510/532/477
f 335/534/479 338/2689/482 1512/535/480
f 341/536/481 1519/540/484 1512/537/480
f 344/539/483 1525/542/486 1519/540/484
f 347/541/485 1531/544/488 1525/542/486
f 350/543/487 1537/546/490 1531/544/488
f 353/545/489 1543/548/492 1537/546/490
f 356/547/491 1549/550/494 1543/548/492
f 359/549/493 1555/552/496 1549/550/494
f 362/551/495 1561/2471/498 1555/552/496
f 365/553/497 1567/557/500 1561/554/498
f 368/556/499 1573/559/502 1567/557/500
f 371/558/501 1579/561/504 1573/559/502
f 374/560/503 1585/563/506 1579/561/504
f 377/562/505 1591/565/508 1585/563/506
f 380/564/507 1597/567/510 1591/565/508
f 383/566/509 1600/569/512 1597/567/510
f 386/568/511 1603/2496/514 1600/569/512
f 386/570/511 389/573/515 1609/571/513
f 389/573/515 392/575/517 1615/574/516
f 392/575/517 395/577/519 1621/576/518
f 395/577/519 398/579/521 1627/578/520
f 398/579/521 401/581/523 1633/580/522
f 401/581/523 404/583/525 1639/582/524
f 404/583/525 407/585/527 1645/584/526
f 407/585/527 410/1904/529 1650/586/528
f 410/587/529 413/590/531 1657/588/530
f 413/590/531 416/592/533 1663/591/532
f 416/592/533 419/528/473 1669/530/475
f 430/593/337 1344/1689/1210 1308/594/534
f 329/596/536 332/531/476 1501/533/478
f 229/598/538 326/706/619 418/599/539
f 322/601/504 1674/665/579 1489/602/541
f 235/604/510 1636/668/581 1654/605/543
f 238/606/512 1654/605/543 1672/607/544
f 244/609/545 241/1924/514 1672/610/544
f 247/612/516 244/609/545 1503/611/546
f 250/614/518 247/612/516 1507/613/547
f 253/616/549 250/614/518 1522/615/548
f 256/618/522 253/616/549 1534/617/521
f 259/620/524 256/618/522 1546/619/550
f 262/622/552 259/620/524 1558/621/551
f 265/624/528 262/622/552 1570/623/553
f 268/626/555 265/1942/528 1582/627/554
f 271/629/532 268/626/555 1594/628/556
f 274/631/475 271/629/532 1612/630/557
f 277/633/559 274/631/475 1630/632/558
f 280/635/537 277/633/559 1648/634/560
f 283/637/478 280/635/537 1666/636/561
f 286/639/563 283/637/478 1494/638/562
f 289/641/480 286/639/563 1498/640/564
f 289/643/480 1516/2547/565 1528/644/566
f 292/645/567 1528/644/566 1540/646/568
f 295/647/486 1540/646/568 1552/648/569
f 298/649/488 1552/648/569 1564/650/570
f 301/651/571 1564/650/570 1576/652/572
f 304/653/492 1576/652/572 1588/654/573
f 307/655/494 1588/654/573 1606/656/574
f 310/657/575 1606/656/574 1624/658/576
f 313/660/498 1624/2584/576 1642/661/577
f 316/662/500 1642/661/577 1660/663/578
f 319/664/502 1660/663/578 1674/665/579
f 325/666/580 329/596/536 1492/597/537
f 232/667/508 1618/740/650 1636/668/581
f 382/669/582 379/727/640 284/670/583
f 245/672/585 248/677/590 343/673/586
f 290/675/588 385/679/592 382/669/582
f 251/676/589 346/681/594 343/673/586
f 293/678/591 388/683/596 385/679/592
f 254/680/593 349/685/598 346/681/594
f 293/678/591 296/686/599 391/682/595
f 254/680/593 257/689/602 352/684/597
f 296/686/599 299/691/604 394/687/600
f 260/688/601 355/694/607 352/684/597
f 397/690/603 394/687/600 299/691/604
f 263/693/606 358/697/610 355/694/607
f 305/695/608 400/699/612 397/690/603
f 266/696/609 361/1871/1303 358/697/610
f 305/695/608 308/702/615 403/698/611
f 364/700/613 361/1871/1303 266/696/609
f 308/702/615 311/707/620 406/703/616
f 269/701/614 272/709/622 367/704/617
f 229/598/538 233/712/625 328/705/618
f 311/707/620 314/715/628 409/708/621
f 272/709/622 275/718/631 370/710/623
f 331/711/624 328/705/618 233/712/625
f 412/714/627 409/708/621 314/715/628
f 373/717/630 370/710/623 275/718/631
f 239/720/633 334/725/638 331/711/624
f 415/721/634 412/714/627 317/716/629
f 278/719/632 281/726/639 376/723/636
f 242/724/637 337/1853/1294 334/725/638
f 323/600/540 418/599/539 415/721/634
f 281/726/639 284/670/583 379/727/640
f 340/674/587 337/1853/1294 242/724/637
f 1509/2442/1451 1513/2445/588 958/728/641
f 965/729/642 1651/2519/1484 1656/2521/1485
f 965/729/642 1656/2521/1485 1662/2525/622
f 1500/2439/583 1509/2442/1451 958/728/641
f 1491/2435/1449 1500/2439/583 958/728/641
f 965/729/642 1662/2525/622 1668/2529/1489
f 1485/730/643 1491/2435/1449 958/728/641
f 965/729/642 1668/2529/1489 1485/730/643
f 986/731/644 993/1422/1018 1000/732/645
f 208/734/343 1714/2617/1284 1707/735/647
f 180/737/340 202/849/355 1677/738/648
f 230/603/542 1489/602/541 1618/740/650
f 216/741/337 203/852/409 182/742/436
f 223/744/334 1706/2620/1283 1728/745/651
f 201/747/346 215/862/412 1686/748/652
f 194/750/334 1693/2611/1283 1684/751/651
f 210/753/340 173/819/355 1721/754/648
f 181/756/343 1698/2638/1284 1691/757/647
f 175/759/346 188/835/412 1727/760/652
f 1705/762/654 153/783/465 167/763/465
f 1700/765/655 158/777/465 160/766/465
f 1720/767/656 160/766/465 159/768/465
f 1692/770/654 1700/765/655 1720/767/656
f 1685/772/657 163/781/465 168/773/465
f 1726/771/657 1705/762/654 165/764/465
f 1700/765/655 1679/779/656 157/776/465
f 1692/770/654 1726/771/657 166/775/465
f 1679/779/656 155/785/465 162/780/465
f 1692/770/654 164/778/465 163/781/465
f 1705/762/654 1713/769/655 154/782/465
f 1713/769/655 159/768/465 161/784/465
f 155/785/465 156/774/465 170/786/465
f 153/783/465 154/782/465 172/787/465
f 1685/772/657 156/774/465 155/785/465
f 173/819/355 176/1832/689 177/820/45
f 174/822/409 178/1842/690 177/823/45
f 175/759/346 179/2623/688 177/825/45
f 180/737/340 183/2608/692 184/827/7
f 181/756/343 185/1839/693 184/829/7
f 182/742/436 186/1833/691 184/831/7
f 187/746/408 190/2633/695 191/833/121
f 188/835/412 192/1841/696 191/836/121
f 189/838/337 193/1837/694 191/839/121
f 194/750/334 197/1835/698 198/841/83
f 195/743/535 199/1840/699 198/843/83
f 196/758/345 200/2612/697 198/845/83
f 201/747/346 204/2601/688 205/847/45
f 202/849/355 206/1834/689 205/850/45
f 203/852/409 207/1828/690 205/853/45
f 208/734/343 211/1829/693 212/855/7
f 209/857/436 213/1831/691 212/858/7
f 210/753/340 214/2614/692 212/860/7
f 215/862/412 218/1827/696 219/863/121
f 216/741/337 220/1836/694 219/865/121
f 217/752/408 221/2603/695 219/867/121
f 222/736/345 225/2621/697 226/869/83
f 223/744/334 227/1838/698 226/871/83
f 224/873/535 228/1830/699 226/874/83
f 421/447/334 424/1982/698 425/876/83
f 422/595/535 426/2317/699 425/878/83
f 423/880/345 427/2329/697 425/881/83
f 428/449/408 431/2332/695 432/883/121
f 429/453/412 433/2331/696 432/885/121
f 430/593/337 434/1983/694 432/887/121
f 435/459/340 438/2348/692 439/889/7
f 436/468/343 440/2347/693 439/891/7
f 437/893/436 441/1984/691 439/894/7
f 442/450/409 445/2361/690 446/896/45
f 443/465/346 447/2360/688 446/898/45
f 444/900/355 448/1985/689 446/901/45
f 449/471/365 452/2375/701 453/903/102
f 450/480/430 454/2374/702 453/905/102
f 451/462/351 455/1986/700 453/907/102
f 456/464/361 459/2397/704 460/909/140
f 457/478/379 461/2395/705 460/911/140
f 458/913/370 462/1987/703 460/914/140
f 463/476/349 466/2408/707 467/916/26
f 464/489/358 468/2405/708 467/918/26
f 465/493/367 469/1988/706 467/920/26
f 470/922/376 473/2421/710 474/923/64
f 471/483/433 475/2420/711 474/925/64
f 472/474/363 476/1989/709 474/927/64
f 477/486/436 480/2194/691 481/929/7
f 478/380/340 482/2193/692 481/931/7
f 479/383/343 483/1990/693 481/933/7
f 484/385/345 487/2207/697 488/935/83
f 485/374/334 489/2206/698 488/937/83
f 486/939/535 490/1991/699 488/940/83
f 491/386/346 494/2222/688 495/942/45
f 492/395/355 496/2221/689 495/944/45
f 493/946/409 497/1992/690 495/947/45
f 498/949/412 501/1993/696 502/950/121
f 499/377/337 503/2234/694 502/952/121
f 500/954/408 504/2247/695 502/955/121
f 505/398/358 508/2253/708 509/957/26
f 506/407/367 510/2252/706 509/959/26
f 507/389/349 511/1994/707 509/961/26
f 512/391/351 515/2277/700 516/963/102
f 513/405/365 517/2275/701 516/965/102
f 514/967/430 518/1995/702 516/968/102
f 519/403/363 522/2288/709 523/970/64
f 520/416/376 524/2285/710 523/972/64
f 521/974/433 525/1996/711 523/975/64
f 526/419/379 529/2301/705 530/977/140
f 527/410/370 531/2300/703 530/979/140
f 528/401/361 532/1997/704 530/981/140
f 543/991/299 546/995/719 547/992/716
f 548/994/718 547/992/716 546/995/719
f 545/997/254 549/993/717 547/992/716
f 550/998/298 553/1002/723 554/999/721
f 551/1001/272 555/1003/724 554/999/721
f 556/1000/722 554/999/721 555/1003/724
f 562/1009/317 565/1013/731 566/1010/728
f 567/1012/730 566/1010/728 565/1013/731
f 564/1015/260 568/1011/729 566/1010/728
f 569/1016/316 572/1020/735 573/1017/733
f 570/1019/281 574/1021/736 573/1017/733
f 575/1018/734 573/1017/733 574/1021/736
f 576/1023/266 579/1027/741 580/1024/738
f 581/1026/740 580/1024/738 579/1027/741
f 578/1029/263 582/1025/739 580/1024/738
f 583/1030/265 586/1034/745 587/1031/743
f 584/1033/296 588/1035/746 587/1031/743
f 589/1032/744 587/1031/743 588/1035/746
f 590/1037/280 593/1041/750 594/1038/748
f 591/1040/320 595/1042/751 594/1038/748
f 596/1039/749 594/1038/748 595/1042/751
f 597/1044/314 600/1048/756 601/1045/753
f 602/1047/755 601/1045/753 600/1048/756
f 599/1050/269 603/1046/754 601/1045/753
f 604/1051/313 607/1055/760 608/1052/758
f 605/1054/302 609/1056/761 608/1052/758
f 610/1053/759 608/1052/758 609/1056/761
f 611/1058/252 614/1062/766 615/1059/763
f 616/1061/765 615/1059/763 614/1062/766
f 613/1064/290 617/1060/764 615/1059/763
f 618/1065/308 621/1069/771 622/1066/768
f 623/1068/770 622/1066/768 621/1069/771
f 620/1071/301 624/1067/769 622/1066/768
f 625/1072/307 628/1076/775 629/1073/773
f 626/1075/267 630/1077/776 629/1073/773
f 631/1074/774 629/1073/773 630/1077/776
f 632/1079/275 635/1083/781 636/1080/778
f 637/1082/780 636/1080/778 635/1083/781
f 634/1085/295 638/1081/779 636/1080/778
f 639/1086/274 642/1090/785 643/1087/783
f 640/1089/261 644/1091/786 643/1087/783
f 645/1088/784 643/1087/783 644/1091/786
f 646/1093/258 649/1097/791 650/1094/788
f 651/1096/790 650/1094/788 649/1097/791
f 648/1099/319 652/1095/789 650/1094/788
f 653/1100/271 656/1104/795 657/1101/793
f 654/1103/288 658/1105/796 657/1101/793
f 659/1102/794 657/1101/793 658/1105/796
f 805/1223/309 807/1227/873 808/1224/871
f 806/1226/153 809/1228/874 808/1224/871
f 810/1225/872 808/1224/871 809/1228/874
f 813/1230/876 814/1234/879 816/1231/877
f 811/1233/161 815/1236/881 814/1234/879
f 812/1235/880 816/1231/877 814/1234/879
f 817/1237/201 819/1241/885 820/1238/882
f 818/1240/884 821/1242/886 820/1238/882
f 822/1239/883 820/1238/882 821/1242/886
f 825/1243/887 826/1246/889 828/1244/888
f 823/1245/174 827/1248/891 826/1246/889
f 824/1247/890 828/1244/888 826/1246/889
f 829/1249/155 831/1253/895 832/1250/892
f 830/1252/894 833/1254/896 832/1250/892
f 834/1251/893 832/1250/892 833/1254/896
f 835/1256/221 837/1260/900 838/1257/898
f 836/1259/162 839/1261/901 838/1257/898
f 840/1258/899 838/1257/898 839/1261/901
f 843/1262/902 844/1265/904 846/1263/903
f 841/1264/183 845/1267/905 844/1265/904
f 842/1266/219 846/1263/903 844/1265/904
f 847/1268/170 849/1272/909 850/1269/906
f 848/1271/908 851/1273/910 850/1269/906
f 852/1270/907 850/1269/906 851/1273/910
f 855/1274/911 856/1277/913 858/1275/912
f 853/1276/200 857/1279/914 856/1277/913
f 854/1278/168 858/1275/912 856/1277/913
f 861/1280/915 862/1283/917 864/1281/916
f 859/1282/224 863/1285/919 862/1283/917
f 860/1284/918 864/1281/916 862/1283/917
f 865/1286/218 867/1290/922 868/1287/920
f 866/1289/171 869/1291/923 868/1287/920
f 870/1288/921 868/1287/920 869/1291/923
f 873/1292/924 874/1295/926 876/1293/925
f 871/1294/206 875/1297/927 874/1295/926
f 872/1296/216 876/1293/925 874/1295/926
f 877/1298/156 879/1302/931 880/1299/928
f 878/1301/930 881/1303/932 880/1299/928
f 882/1300/929 880/1299/928 881/1303/932
f 883/1304/210 885/1308/935 886/1305/933
f 884/1307/204 887/1309/936 886/1305/933
f 888/1306/934 886/1305/933 887/1309/936
f 891/1310/937 892/1313/939 894/1311/938
f 889/1312/173 893/1315/941 892/1313/939
f 890/1314/940 894/1311/938 892/1313/939
f 895/1316/179 897/1320/944 898/1317/942
f 896/1319/198 899/1321/945 898/1317/942
f 900/1318/943 898/1317/942 899/1321/945
f 903/1322/946 904/1325/948 906/1323/947
f 901/1324/165 905/1327/949 904/1325/948
f 902/1326/177 906/1323/947 904/1325/948
f 907/1328/164 909/1332/952 910/1329/950
f 908/1331/222 911/1333/953 910/1329/950
f 912/1330/951 910/1329/950 911/1333/953
f 915/1334/954 916/1337/956 918/1335/955
f 913/1336/192 917/1339/958 916/1337/956
f 914/1338/957 918/1335/955 916/1337/956
f 919/1340/182 921/1344/961 922/1341/959
f 920/1343/189 923/1345/962 922/1341/959
f 924/1342/960 922/1341/959 923/1345/962
f 927/1347/964 928/1351/967 930/1348/965
f 925/1350/197 929/1353/968 928/1351/967
f 926/1352/180 930/1348/965 928/1351/967
f 931/1354/191 933/1358/971 934/1355/969
f 932/1357/207 935/1359/972 934/1355/969
f 936/1356/970 934/1355/969 935/1359/972
f 939/1361/974 940/1365/977 942/1362/975
f 937/1364/186 941/1367/978 940/1365/977
f 938/1366/159 942/1362/975 940/1365/977
f 945/1368/979 946/1372/982 948/1369/980
f 943/1371/209 947/1374/983 946/1372/982
f 944/1373/195 948/1369/980 946/1372/982
f 949/1375/984 952/2095/987 953/1376/985
f 950/254/214 954/2100/988 953/1378/985
f 951/316/276 955/2103/986 953/1380/985
f 956/325/285 959/2102/991 960/1382/989
f 957/344/304 961/2097/992 960/1384/989
f 958/728/641 962/2094/990 960/1386/989
f 963/1388/993 966/2104/997 967/1389/994
f 964/1391/996 968/2099/998 967/1392/994
f 965/729/642 969/2096/995 967/1394/994
f 970/331/291 973/2105/1002 974/1396/999
f 971/1398/1001 975/2101/1003 974/1399/999
f 972/253/213 976/2098/1000 974/1401/999
f 977/1403/1004 980/2107/1007 981/1404/1005
f 978/733/646 982/2112/1008 981/1406/1005
f 979/413/373 983/2117/1006 981/1408/1005
f 984/289/249 987/2115/1012 988/1410/1009
f 985/1412/1011 989/2109/1013 988/1413/1009
f 986/731/644 990/2106/1010 988/1415/1009
f 991/322/282 994/2119/1017 995/1417/1014
f 992/1419/1016 996/2111/1019 995/1420/1014
f 993/1422/1018 997/2108/1015 995/1423/1014
f 998/295/255 1001/2122/1023 1002/1425/1020
f 999/1427/1022 1003/2113/1024 1002/1428/1020
f 1000/732/645 1004/2110/1021 1002/1430/1020
f 1005/299/259 1008/2125/1027 1009/1432/1025
f 1006/363/323 1010/2129/1028 1009/1434/1025
f 1007/355/315 1011/2134/1026 1009/1436/1025
f 1012/1438/1029 1015/2132/1033 1016/1439/1030
f 1013/1441/1032 1017/2127/1034 1016/1442/1030
f 1014/361/321 1018/2124/1031 1016/1444/1030
f 1019/358/318 1022/2136/1038 1023/1446/1035
f 1020/1448/1037 1024/2690/1040 1023/1449/1035
f 1021/1451/1039 1025/2126/1036 1023/1452/1035
f 1026/319/279 1029/2139/1044 1030/1454/1041
f 1027/1456/1043 1031/2130/1045 1030/1457/1041
f 1028/362/322 1032/2128/1042 1030/1459/1041
f 1033/293/253 1036/2142/1048 1037/1461/1046
f 1034/366/326 1038/2147/1049 1037/1463/1046
f 1035/337/297 1039/2152/1047 1037/1465/1046
f 1040/1467/1050 1043/2150/1053 1044/1468/1051
f 1041/329/289 1045/2144/1054 1044/1470/1051
f 1042/364/324 1046/2141/1052 1044/1472/1051
f 1047/1474/1055 1050/2154/1059 1051/1475/1056
f 1048/1477/1058 1052/2146/1061 1051/1478/1056
f 1049/1480/1060 1053/2143/1057 1051/1481/1056
f 1054/310/270 1057/2157/1065 1058/1483/1062
f 1055/1485/1064 1059/2148/1066 1058/1486/1062
f 1056/365/325 1060/2145/1063 1058/1488/1062
f 1061/308/268 1064/2160/1069 1065/1490/1067
f 1062/369/329 1066/2165/1070 1065/1492/1067
f 1063/352/312 1067/2169/1068 1065/1494/1067
f 1068/1496/1071 1071/2167/1075 1072/1497/1072
f 1069/1499/1074 1073/2162/1076 1072/1500/1072
f 1070/367/327 1074/2159/1073 1072/1502/1072
f 1075/346/306 1078/2171/1080 1079/1504/1077
f 1076/1506/1079 1080/2164/1082 1079/1507/1077
f 1077/1509/1081 1081/2161/1078 1079/1510/1077
f 1082/340/300 1085/2174/1086 1086/1512/1083
f 1083/1514/1085 1087/2691/1087 1086/1515/1083
f 1084/368/328 1088/2163/1084 1086/1517/1083
f 1089/302/262 1092/2177/1090 1093/1519/1088
f 1090/372/332 1094/2180/1091 1093/1521/1088
f 1091/304/264 1095/2185/1089 1093/1523/1088
f 1096/1525/1092 1099/2183/1096 1100/1526/1093
f 1097/1528/1095 1101/2692/1097 1100/1529/1093
f 1098/370/330 1102/2176/1094 1100/1531/1093
f 1103/313/273 1106/2187/1101 1107/1533/1098
f 1104/1535/1100 1108/2693/1103 1107/1536/1098
f 1105/1538/1102 1109/2178/1099 1107/1539/1098
f 1110/334/294 1113/2190/1107 1114/1541/1104
f 1111/1543/1106 1115/2181/1108 1114/1544/1104
f 1112/371/331 1116/2179/1105 1114/1546/1104
f 1118/399/359 1122/2274/1115 1121/1551/1112
f 1119/1553/1114 1123/2271/1391 1121/1554/1112
f 1127/1556/1116 1130/2192/1120 1131/1557/1117
f 1128/1559/1119 1132/2694/1121 1131/1560/1117
f 1137/488/438 1140/2219/1124 1141/1565/1122
f 1139/1570/1126 1143/2695/1123 1141/1571/1122
f 1147/400/360 1150/2282/1393 1151/1573/1127
f 1149/1577/1131 1153/2696/1128 1151/1578/1127
f 1163/487/437 1166/2205/1136 1167/1580/1133
f 1164/1582/1135 1168/2697/1137 1167/1583/1133
f 1170/384/344 1173/2218/1140 1174/1588/1138
f 1172/1593/1142 1176/2698/1139 1174/1594/1138
f 1183/378/338 1186/2220/1146 1187/1596/1143
f 1184/1598/1145 1188/2699/1147 1187/1599/1143
f 1202/388/348 1205/2249/1380 1206/1604/1148
f 1204/1606/1150 1208/2700/1149 1206/1607/1148
f 1215/379/339 1218/2250/1154 1219/1609/1152
f 1217/392/352 1221/2701/1153 1219/1614/1152
f 1229/387/347 1233/2246/1159 1232/1617/1157
f 1230/394/354 1234/2702/1378 1232/1619/1157
f 1241/390/350 1244/2283/1111 1245/1621/1160
f 1243/1624/1162 1247/2703/1161 1245/1625/1160
f 1248/1627/1163 1251/2251/1166 1252/1628/1164
f 1249/1630/1165 1253/2704/1129 1252/1631/1164
f 1261/402/362 1264/2316/1171 1265/1634/1167
f 1263/1639/1172 1267/2705/1168 1265/1640/1167
f 1271/420/380 1274/2284/1176 1275/1642/1173
f 1272/1644/1175 1276/2298/1399 1275/1645/1173
f 1278/1648/1177 1281/2299/1181 1282/1649/1178
f 1279/1651/1180 1283/2706/1404 1282/1652/1178
f 1294/421/381 1297/2314/1184 1298/1657/1185
f 1296/1660/1187 1300/2707/1186 1298/1659/1185
f 1302/472/425 1306/2394/1194 1305/1664/1191
f 1303/1666/1193 1307/2392/1436 1305/1667/1191
f 1308/594/534 1311/2345/1197 1312/1669/1195
f 1310/456/415 1314/2708/1196 1312/1674/1195
f 1325/1677/1200 1329/2328/1203 1328/1678/1201
f 1326/458/417 1330/2709/1409 1328/1680/1201
f 1331/473/426 1334/2402/1207 1335/1682/1204
f 1333/1687/1209 1337/2710/1205 1335/1688/1204
f 1344/1689/1210 1347/2330/1214 1348/1690/1211
f 1345/1692/1213 1349/2711/1215 1348/1693/1211
f 1363/448/407 1366/2344/1218 1367/1698/1216
f 1365/1703/1220 1369/2712/1217 1367/1704/1216
f 1379/463/420 1382/2403/1190 1383/1706/1221
f 1381/1709/1223 1385/2713/1222 1383/1710/1221
f 1389/461/419 1392/2371/1226 1393/1712/1224
f 1391/1717/1228 1395/2714/1225 1393/1718/1224
f 1396/451/410 1399/2346/1232 1400/1720/1229
f 1397/1722/1231 1401/2715/1233 1400/1723/1229
f 1409/1728/1234 1412/2373/1238 1413/1729/1235
f 1410/1731/1237 1414/2716/1239 1413/1732/1235
f 1416/460/418 1419/2359/1243 1420/1736/1240
f 1417/1738/1242 1421/2717/1244 1420/1739/1240
f 1426/452/411 1429/2372/1247 1430/1744/1245
f 1428/1749/1249 1432/2718/1246 1430/1750/1245
f 1442/494/442 1445/2404/1253 1446/1752/1250
f 1443/1754/1252 1447/2418/1443 1446/1755/1250
f 1449/475/427 1452/2434/1255 1453/1760/1254
f 1451/1763/1259 1455/2719/1257 1453/1764/1254
f 1465/1766/1260 1468/2419/1264 1469/1767/1261
f 1466/1769/1263 1470/2720/1448 1469/1770/1261
f 1472/492/441 1475/2721/1267 1476/1775/1268
f 1474/1778/1270 1478/2722/1269 1476/1777/1268
f 1677/1779/648 1680/1783/1273 1681/1780/1271
f 1678/1782/653 1682/1784/1274 1681/1780/1271
f 1683/1781/1272 1681/1780/1271 1682/1784/1274
f 1684/1785/651 1687/1789/1278 1688/1786/1275
f 1689/1788/1277 1688/1786/1275 1687/1789/1278
f 1686/1790/652 1690/1787/1276 1688/1786/1275
f 1691/1791/647 1694/1795/1282 1695/1792/1279
f 1696/1794/1281 1695/1792/1279 1694/1795/1282
f 1693/1796/1283 1697/1793/1280 1695/1792/1279
f 1698/1797/1284 1701/1801/1287 1702/1798/1285
f 1699/1800/649 1703/1802/1288 1702/1798/1285
f 1704/1799/1286 1702/1798/1285 1703/1802/1288
f 1708/1803/1281 1709/1806/1279 1711/1804/1282
f 1706/1805/1283 1710/1808/1280 1709/1806/1279
f 1707/1807/647 1711/1804/1282 1709/1806/1279
f 1712/1809/649 1715/1813/1288 1716/1810/1285
f 1717/1812/1286 1716/1810/1285 1715/1813/1288
f 1714/1814/1284 1718/1811/1287 1716/1810/1285
f 1719/1815/653 1722/1819/1274 1723/1816/1271
f 1724/1818/1272 1723/1816/1271 1722/1819/1274
f 1721/1820/648 1725/1817/1273 1723/1816/1271
f 1729/1821/1277 1730/1824/1275 1732/1822/1278
f 1727/1823/652 1731/1826/1276 1730/1824/1275
f 1728/1825/651 1732/1822/1278 1730/1824/1275
f 201/747/346 207/848/690 218/1827/696
f 207/1828/690 203/852/409 216/741/337
f 222/736/345 228/870/699 211/1829/693
f 228/1830/699 224/873/535 209/857/436
f 174/822/409 176/824/689 213/1831/691
f 176/1832/689 173/819/355 210/753/340
f 203/852/409 206/854/689 186/1833/691
f 206/1834/689 202/849/355 180/737/340
f 217/752/408 220/868/694 197/1835/698
f 220/1836/694 216/741/337 195/743/535
f 224/873/535 227/875/698 193/1837/694
f 227/1838/698 223/744/334 187/746/408
f 196/758/345 199/846/699 185/1839/693
f 199/1840/699 195/743/535 182/742/436
f 175/759/346 178/826/690 192/1841/696
f 178/1842/690 174/822/409 189/838/337
f 328/705/618 330/1845/1290 327/1843/1289
f 327/1844/1289 330/1846/1290 329/596/536
f 331/711/624 333/1848/1292 330/1845/1290
f 330/1846/1290 333/1849/1292 332/531/476
f 331/711/624 334/725/638 336/1847/1291
f 333/1849/1292 336/1852/1291 335/534/479
f 334/725/638 337/1853/1294 339/1850/1293
f 339/1851/1293 338/2689/482 335/534/479
f 340/674/587 342/1855/1295 339/1850/1293
f 339/1854/1293 342/1857/1295 341/536/481
f 343/673/586 345/1859/1296 342/1855/1295
f 345/1856/1296 344/539/483 341/536/481
f 343/673/586 346/681/594 348/1858/1297
f 348/1860/1297 347/541/485 344/539/483
f 346/681/594 349/685/598 351/1861/1298
f 351/1862/1298 350/543/487 347/541/485
f 349/685/598 352/684/597 354/1863/1299
f 354/1864/1299 353/545/489 350/543/487
f 352/684/597 355/694/607 357/1865/1300
f 357/1866/1300 356/547/491 353/545/489
f 355/694/607 358/697/610 360/1867/1301
f 357/1866/1300 360/1870/1301 359/549/493
f 358/697/610 361/1871/1303 363/1868/1302
f 363/1869/1302 362/551/495 359/549/493
f 364/700/613 366/1873/1304 363/1868/1302
f 363/1872/1302 366/1875/1304 365/553/497
f 367/704/617 369/1876/1305 366/1873/1304
f 369/1874/1305 368/556/499 365/553/497
f 370/710/623 372/1877/1306 369/1876/1305
f 369/1874/1305 372/1878/1306 371/558/501
f 373/717/630 375/1879/1307 372/1877/1306
f 372/1878/1306 375/1880/1307 374/560/503
f 376/723/636 378/1881/1308 375/1879/1307
f 375/1880/1307 378/1883/1308 377/562/505
f 379/727/640 381/1885/1309 378/1881/1308
f 381/1882/1309 380/564/507 377/562/505
f 379/727/640 382/669/582 384/1884/1310
f 384/1886/1310 383/566/509 380/564/507
f 382/669/582 385/679/592 387/1887/1311
f 387/1888/1311 386/568/511 383/566/509
f 385/679/592 388/683/596 390/1889/1312
f 390/1890/1312 389/573/515 386/570/511
f 388/683/596 391/682/595 393/1892/1313
f 393/1893/1313 392/575/517 389/573/515
f 391/682/595 394/687/600 396/1894/1314
f 396/1895/1314 395/577/519 392/575/517
f 397/690/603 399/1898/1315 396/1894/1314
f 399/1896/1315 398/579/521 395/577/519
f 397/690/603 400/699/612 402/1897/1316
f 402/1899/1316 401/581/523 398/579/521
f 403/698/611 405/1900/1317 402/1897/1316
f 402/1899/1316 405/1901/1317 404/583/525
f 406/703/616 408/1902/1318 405/1900/1317
f 405/1901/1317 408/1903/1318 407/585/527
f 409/708/621 411/1905/1319 408/1902/1318
f 408/1903/1318 411/2723/1319 410/1904/529
f 412/714/627 414/1907/1320 411/1905/1319
f 411/1906/1319 414/1908/1320 413/590/531
f 415/721/634 417/1910/1322 414/1907/1320
f 414/1908/1320 417/1911/1322 416/592/533
f 415/721/634 418/599/539 420/1909/1321
f 417/1911/1322 420/1912/1321 419/528/473
f 418/599/539 326/706/619 327/1843/1289
f 327/1844/1289 325/666/580 419/528/473
f 230/603/542 232/667/508 234/1913/1323
f 234/1915/1323 233/712/625 229/598/538
f 232/667/508 235/604/510 237/1917/1325
f 237/1918/1325 236/713/626 233/712/625
f 235/604/510 238/606/512 240/1919/1326
f 240/1920/1326 239/720/633 236/713/626
f 238/606/512 241/608/514 243/1921/1327
f 243/1922/1327 242/724/637 239/720/633
f 244/609/545 246/1925/1328 243/1923/1327
f 243/1922/1327 246/1926/1328 245/672/585
f 247/612/516 249/1927/1329 246/1925/1328
f 246/1926/1328 249/1928/1329 248/677/590
f 250/614/518 252/1929/1330 249/1927/1329
f 249/1928/1329 252/1930/1330 251/676/589
f 253/616/549 255/1932/1332 252/1929/1330
f 252/1930/1330 255/1934/1332 254/680/593
f 253/616/549 256/618/522 258/1931/1331
f 258/1933/1331 257/689/602 254/680/593
f 256/618/522 259/620/524 261/1935/1333
f 261/1936/1333 260/688/601 257/689/602
f 259/620/524 262/622/552 264/1937/1334
f 264/1938/1334 263/693/606 260/688/601
f 262/622/552 265/624/528 267/1939/1335
f 267/1940/1335 266/696/609 263/693/606
f 268/626/555 270/1943/1336 267/1941/1335
f 267/1940/1335 270/1944/1336 269/701/614
f 271/629/532 273/1945/1337 270/1943/1336
f 270/1944/1336 273/1947/1337 272/709/622
f 274/631/475 276/1948/1338 273/1945/1337
f 276/1946/1338 275/718/631 272/709/622
f 277/633/559 279/1951/1339 276/1948/1338
f 279/1949/1339 278/719/632 275/718/631
f 277/633/559 280/635/537 282/1950/1340
f 282/1952/1340 281/726/639 278/719/632
f 283/637/478 285/1954/1341 282/1950/1340
f 285/1953/1341 284/670/583 281/726/639
f 286/639/563 288/1956/1343 285/1954/1341
f 285/1953/1341 288/1958/1343 287/671/584
f 286/639/563 289/641/480 291/1955/1342
f 291/1957/1342 290/675/588 287/671/584
f 289/643/480 292/645/567 294/1959/1344
f 294/1961/1344 293/678/591 290/675/588
f 295/647/486 297/1963/1345 294/1959/1344
f 297/1962/1345 296/686/599 293/678/591
f 298/649/488 300/1965/1346 297/1963/1345
f 300/1964/1346 299/691/604 296/686/599
f 301/651/571 303/1968/1347 300/1965/1346
f 303/1966/1347 302/692/605 299/691/604
f 301/651/571 304/653/492 306/1967/1348
f 303/1966/1347 306/1970/1348 305/695/608
f 304/653/492 307/655/494 309/1969/1349
f 306/1970/1348 309/1971/1349 308/702/615
f 310/657/575 312/1972/1350 309/1969/1349
f 309/1971/1349 312/1973/1350 311/707/620
f 313/659/498 315/2724/1352 312/1972/1350
f 312/1973/1350 315/1977/1352 314/715/628
f 313/660/498 316/662/500 318/1974/1351
f 318/1976/1351 317/716/629 314/715/628
f 316/662/500 319/664/502 321/1978/1353
f 321/1979/1353 320/722/635 317/716/629
f 319/664/502 322/601/504 324/1980/1354
f 324/1981/1354 323/600/540 320/722/635
f 322/601/504 230/603/542 231/1914/1324
f 231/1916/1324 229/598/538 323/600/540
f 428/449/408 434/884/694 424/1982/698
f 434/1983/694 430/593/337 422/595/535
f 442/450/409 448/897/689 441/1984/691
f 448/1985/689 444/900/355 435/459/340
f 456/464/361 462/910/703 455/1986/700
f 462/1987/703 458/913/370 449/471/365
f 470/922/376 476/924/709 469/1988/706
f 476/1989/709 472/474/363 463/476/349
f 484/385/345 490/936/699 483/1990/693
f 490/1991/699 486/939/535 477/486/436
f 499/377/337 501/953/696 497/1992/690
f 501/1993/696 498/949/412 491/386/346
f 512/391/351 518/964/702 511/1994/707
f 518/1995/702 514/967/430 505/398/358
f 526/419/379 532/978/704 525/1996/711
f 532/1997/704 528/401/361 519/403/363
f 690/350/310 694/2725/812 688/1998/808
f 694/1999/812 692/265/225 686/266/226
f 700/242/202 704/2726/816 698/2001/813
f 704/2002/816 702/267/227 696/268/228
f 687/2004/810 688/2727/808 708/2005/817
f 688/2000/808 686/266/226 706/269/229
f 715/2007/822 719/2728/824 713/2008/819
f 719/2009/824 717/270/230 711/271/231
f 720/209/169 725/2674/827 729/2011/829
f 729/2013/829 727/272/232 721/273/233
f 730/224/184 734/2729/831 719/2015/824
f 734/2016/831 732/274/234 717/270/230
f 740/2017/835 744/2730/837 738/2018/832
f 744/2019/837 742/275/235 736/276/236
f 697/197/157 698/2731/813 748/2021/838
f 698/2003/813 696/268/228 746/277/237
f 755/251/211 759/2732/844 753/2023/840
f 759/2024/844 757/278/238 751/279/239
f 760/218/178 765/2676/848 769/2026/850
f 769/2028/850 767/280/240 761/281/241
f 712/2030/821 713/2733/819 773/2031/851
f 713/2010/819 711/271/231 771/282/242
f 775/215/175 779/2734/855 704/2033/816
f 779/2034/855 777/288/248 702/267/227
f 780/221/181 785/2677/859 789/2035/861
f 789/2037/861 787/283/243 781/284/244
f 752/2039/842 753/2735/840 744/2040/837
f 753/2025/840 751/279/239 742/275/235
f 790/230/190 782/2680/858 783/2041/856
f 783/2038/856 781/284/244 791/285/245
f 722/206/166 723/2736/825 769/2044/850
f 723/2014/825 721/273/233 767/280/240
f 795/2045/865 799/2737/867 694/2046/812
f 799/2047/867 797/286/246 692/265/225
f 737/2048/834 738/2738/832 759/2049/844
f 738/2020/832 736/276/236 757/278/238
f 786/236/196 800/2682/868 804/2050/870
f 789/2037/861 804/2055/870 802/287/247
f 747/233/193 748/2739/838 779/2052/855
f 779/2034/855 748/2022/838 746/277/237
f 801/248/208 792/2684/864 793/2053/862
f 793/2043/862 791/285/245 802/287/247
f 772/2056/853 773/2740/851 734/2057/831
f 773/2032/851 771/282/242 732/274/234
f 707/227/187 708/2741/817 799/2058/867
f 799/2047/867 708/2006/817 706/269/229
f 762/2059/847 763/2742/845 729/2060/829
f 763/2029/845 761/281/241 727/272/232
f 540/1232/878 816/1231/877 810/1225/872
f 816/1231/877 812/1235/880 805/1223/309
f 552/1004/725 828/1244/888 822/1239/883
f 828/1244/888 824/1247/890 817/1237/201
f 534/1229/875 809/1228/874 834/1251/893
f 809/1228/874 806/1226/153 829/1249/155
f 571/1022/737 846/1263/903 840/1258/899
f 846/1263/903 842/1266/219 835/1256/221
f 585/1036/747 858/1275/912 852/1270/907
f 852/1270/907 858/1275/912 854/1278/168
f 592/1043/752 864/1281/916 843/1262/902
f 864/1281/916 860/1284/918 841/1264/183
f 606/1057/762 876/1293/925 870/1288/921
f 876/1293/925 872/1296/216 865/1286/218
f 544/996/720 821/1242/886 882/1300/929
f 882/1300/929 821/1242/886 818/1240/884
f 627/1078/777 894/1311/938 888/1306/934
f 888/1306/934 894/1311/938 890/1314/940
f 633/1084/782 641/1092/787 906/1323/947
f 906/1323/947 902/1326/177 895/1316/179
f 563/1014/732 839/1261/901 912/1330/951
f 912/1330/951 839/1261/901 836/1259/162
f 655/1106/797 918/1335/955 825/1243/887
f 918/1335/955 914/1338/957 823/1245/174
f 667/1349/966 930/1348/965 924/1342/960
f 930/1348/965 926/1352/180 919/1340/182
f 619/1070/772 887/1309/936 873/1292/924
f 887/1309/936 884/1307/204 871/1294/206
f 661/1346/963 923/1345/962 936/1356/970
f 923/1345/962 920/1343/189 931/1354/191
f 577/1028/742 851/1273/910 903/1322/946
f 851/1273/910 848/1271/908 901/1324/165
f 677/1363/976 942/1362/975 813/1230/876
f 942/1362/975 938/1366/159 811/1233/161
f 598/1049/757 869/1291/923 891/1310/937
f 869/1291/923 866/1289/171 889/1312/173
f 682/1370/981 948/1369/980 927/1347/964
f 948/1369/980 944/1373/195 925/1350/197
f 612/1063/767 881/1303/932 915/1334/954
f 881/1303/932 878/1301/930 913/1336/192
f 671/1360/973 935/1359/972 945/1368/979
f 935/1359/972 932/1357/207 943/1371/209
f 647/1098/792 911/1333/953 861/1280/915
f 911/1333/953 908/1331/222 859/1282/224
f 677/1363/976 558/1255/897 833/1254/896
f 833/1254/896 830/1252/894 937/1364/186
f 585/1036/747 633/1084/782 899/1321/945
f 855/1274/911 899/1321/945 896/1319/198
f 687/1130/810 806/1226/153 807/1227/873
f 807/1227/873 805/1223/309 685/1127/311
f 691/1134/160 693/1132/811 815/1236/881
f 815/1236/881 693/1132/811 690/1131/310
f 697/1138/157 818/1240/884 819/1241/885
f 819/1241/885 817/1237/201 695/1135/203
f 701/1142/176 703/1140/815 827/1248/891
f 827/1248/891 703/1140/815 700/1139/202
f 707/1146/187 830/1252/894 831/1253/895
f 831/1253/895 829/1249/155 705/1143/154
f 712/1150/821 836/1259/162 837/1260/900
f 837/1260/900 835/1256/221 710/1147/220
f 716/1154/185 718/1152/823 845/1267/905
f 845/1267/905 718/1152/823 715/1151/822
f 722/1158/166 848/1271/908 849/1272/909
f 849/1272/909 847/1268/170 720/1155/169
f 726/1162/199 728/1160/828 857/1279/914
f 857/1279/914 728/1160/828 725/1159/827
f 731/1166/223 733/1164/830 863/1285/919
f 863/1285/919 733/1164/830 730/1163/184
f 737/1170/834 866/1289/171 867/1290/922
f 867/1290/922 865/1286/218 735/1167/217
f 741/1174/205 743/1172/836 875/1297/927
f 875/1297/927 743/1172/836 740/1171/835
f 747/1178/193 878/1301/930 879/1302/931
f 879/1302/931 877/1298/156 745/1175/158
f 752/1182/842 884/1307/204 885/1308/935
f 885/1308/935 883/1304/210 750/1179/212
f 756/1186/172 758/1184/843 893/1315/941
f 893/1315/941 758/1184/843 755/1183/211
f 762/1190/847 896/1319/198 897/1320/944
f 897/1320/944 895/1316/179 760/1187/178
f 766/1194/167 768/1192/849 905/1327/949
f 905/1327/949 768/1192/849 765/1191/848
f 772/1198/853 908/1331/222 909/1332/952
f 909/1332/952 907/1328/164 770/1195/163
f 776/1202/194 778/1200/854 917/1339/958
f 917/1339/958 778/1200/854 775/1199/175
f 782/1206/858 920/1343/189 921/1344/961
f 921/1344/961 919/1340/182 780/1203/181
f 786/1210/196 788/1208/860 929/1353/968
f 929/1353/968 788/1208/860 785/1207/859
f 792/1214/864 932/1357/207 933/1358/971
f 933/1358/971 931/1354/191 790/1211/190
f 796/1218/188 798/1216/866 941/1367/978
f 941/1367/978 798/1216/866 795/1215/865
f 801/1222/208 803/1220/869 947/1374/983
f 947/1374/983 803/1220/869 800/1219/868
f 538/414/374 542/2743/715 536/2061/712
f 542/2062/715 540/1232/878 534/1229/875
f 550/338/298 556/2744/722 546/2064/719
f 556/1000/722 552/1004/725 544/996/720
f 535/290/250 536/2745/712 560/2065/726
f 536/2063/712 534/1229/875 558/1255/897
f 569/356/316 575/2746/734 565/2067/731
f 575/1018/734 571/1022/737 563/1014/732
f 576/306/266 583/305/265 589/2068/744
f 589/1032/744 585/1036/747 577/1028/742
f 590/320/280 596/2747/749 574/2070/736
f 596/1039/749 592/1043/752 571/1022/737
f 604/353/313 610/2748/759 600/2071/756
f 600/1048/756 610/1053/759 606/1057/762
f 611/292/252 545/294/254 548/2072/718
f 548/994/718 544/996/720 612/1063/767
f 618/348/308 625/347/307 631/2074/774
f 631/1074/774 627/1078/777 619/1070/772
f 639/314/274 645/2749/784 635/2076/781
f 645/1088/784 641/1092/787 633/1084/782
f 646/298/258 564/300/260 567/2077/730
f 567/1012/730 563/1014/732 647/1098/792
f 653/311/271 659/2750/794 555/2079/724
f 555/1003/724 659/1102/794 655/1106/797
f 665/317/277 669/1112/801 663/1107/798
f 669/2080/801 667/1349/966 661/1346/963
f 620/341/301 623/2751/770 609/2082/761
f 609/1056/761 623/1068/770 619/1070/772
f 662/326/286 663/1110/798 673/1115/802
f 663/2081/798 661/1346/963 671/1360/973
f 578/303/263 581/2752/740 644/2084/786
f 644/1091/786 581/1026/740 577/1028/742
f 539/297/257 675/296/256 679/2085/805
f 679/2087/805 677/1363/976 540/1232/878
f 599/309/269 602/2753/755 630/2088/776
f 602/1047/755 598/1049/757 627/1078/777
f 680/332/292 684/1124/807 669/1113/801
f 684/2089/807 682/1370/981 667/1349/966
f 613/330/290 616/2754/765 658/2090/796
f 658/1105/796 616/1061/765 612/1063/767
f 672/345/305 673/1118/802 684/1125/807
f 673/2083/802 671/1360/973 682/1370/981
f 648/359/319 651/2755/790 595/2091/751
f 595/1042/751 651/1096/790 647/1098/792
f 559/323/283 560/2756/726 679/2092/805
f 560/2066/726 558/1255/897 677/1363/976
f 634/335/295 637/2757/780 588/2093/746
f 637/1082/780 633/1084/782 585/1036/747
f 950/254/214 952/1379/987 962/2094/990
f 952/2095/987 949/1375/984 956/325/285
f 958/728/641 961/1387/992 969/2096/995
f 961/2097/992 957/344/304 963/1388/993
f 965/729/642 968/1395/998 976/2098/1000
f 968/2099/998 964/1391/996 970/331/291
f 972/253/213 975/1402/1003 954/2100/988
f 975/2101/1003 971/1398/1001 951/316/276
f 672/345/305 957/344/304 959/1385/991
f 959/2102/991 956/325/285 670/327/287
f 660/318/278 664/1108/799 955/2103/986
f 955/1377/986 664/1109/799 662/326/286
f 680/332/292 964/1391/996 966/1393/997
f 966/2104/997 963/1388/993 681/343/303
f 665/317/277 971/1398/1001 973/1400/1002
f 973/2105/1002 970/331/291 666/333/293
f 986/731/644 978/733/646 980/1407/1007
f 980/2107/1007 977/1403/1004 984/289/249
f 993/1422/1018 986/731/644 989/1416/1013
f 989/2109/1013 985/1412/1011 991/322/282
f 1000/732/645 993/1422/1018 996/1424/1019
f 996/2111/1019 992/1419/1016 998/295/255
f 1000/732/645 1003/1431/1024 982/2112/1008
f 1003/2113/1024 999/1427/1022 979/413/373
f 559/323/283 985/1412/1011 987/1414/1012
f 987/2115/1012 984/289/249 557/291/251
f 533/415/375 537/2758/713 983/2117/1006
f 983/1405/1006 537/2759/713 535/290/250
f 675/296/256 992/1419/1016 994/1421/1017
f 994/2119/1017 991/322/282 676/324/284
f 538/414/374 999/1427/1022 1001/1429/1023
f 1001/2122/1023 998/295/255 539/297/257
f 1006/363/323 1008/1435/1027 1018/2124/1031
f 1008/2125/1027 1005/299/259 1012/1438/1029
f 1014/361/321 1017/1445/1034 1025/2126/1036
f 1017/2127/1034 1013/1441/1032 1019/358/318
f 1028/362/322 1021/1451/1039 1024/1453/1040
f 1032/1455/1042 1024/2690/1040 1020/1448/1037
f 1028/362/322 1031/1460/1045 1010/2129/1028
f 1031/2130/1045 1027/1456/1043 1007/355/315
f 648/359/319 1013/1441/1032 1015/1443/1033
f 1015/2132/1033 1012/1438/1029 646/298/258
f 562/357/317 568/2760/729 1011/2134/1026
f 1011/1433/1026 568/2761/729 564/300/260
f 590/320/280 1020/1448/1037 1022/1450/1038
f 1022/2136/1038 1019/358/318 591/360/320
f 569/356/316 1027/1456/1043 1029/1458/1044
f 1029/2139/1044 1026/319/279 570/321/281
f 1034/366/326 1036/1464/1048 1046/2141/1052
f 1036/2142/1048 1033/293/253 1040/1467/1050
f 1042/364/324 1045/1473/1054 1053/2143/1057
f 1045/2144/1054 1041/329/289 1047/1474/1055
f 1049/1480/1060 1052/1482/1061 1060/2145/1063
f 1052/2146/1061 1048/1477/1058 1054/310/270
f 1034/366/326 1056/365/325 1059/1489/1066
f 1059/2148/1066 1055/1485/1064 1035/337/297
f 613/330/290 1041/329/289 1043/1471/1053
f 1043/2150/1053 1040/1467/1050 611/292/252
f 543/339/299 549/2762/717 1039/2152/1047
f 1039/1462/1047 549/2763/717 545/294/254
f 653/311/271 1048/1477/1058 1050/1479/1059
f 1050/2154/1059 1047/1474/1055 654/328/288
f 550/338/298 1055/1485/1064 1057/1487/1065
f 1057/2157/1065 1054/310/270 551/312/272
f 1062/369/329 1064/1493/1069 1074/2159/1073
f 1064/2160/1069 1061/308/268 1068/1496/1071
f 1070/367/327 1073/1503/1076 1081/2161/1078
f 1073/2162/1076 1069/1499/1074 1075/346/306
f 1077/1509/1081 1080/1511/1082 1088/2163/1084
f 1080/2164/1082 1076/1506/1079 1082/340/300
f 1062/369/329 1084/368/328 1087/1518/1087
f 1066/1495/1070 1087/2691/1087 1083/1514/1085
f 625/347/307 1069/1499/1074 1071/1501/1075
f 1071/2167/1075 1068/1496/1071 626/307/267
f 597/354/314 603/2764/754 1067/2169/1068
f 1067/1491/1068 603/2765/754 599/309/269
f 620/341/301 1076/1506/1079 1078/1508/1080
f 1078/2171/1080 1075/346/306 618/348/308
f 604/353/313 1083/1514/1085 1085/1516/1086
f 1085/2174/1086 1082/340/300 605/342/302
f 1090/372/332 1092/1522/1090 1102/2176/1094
f 1092/2177/1090 1089/302/262 1096/1525/1092
f 1098/370/330 1101/1532/1097 1109/2178/1099
f 1109/1534/1099 1101/2692/1097 1097/1528/1095
f 1105/1538/1102 1108/1540/1103 1116/2179/1105
f 1116/1542/1105 1108/2693/1103 1104/1535/1100
f 1112/371/331 1115/1547/1108 1094/2180/1091
f 1115/2181/1108 1111/1543/1106 1091/304/264
f 639/314/274 1097/1528/1095 1099/1530/1096
f 1099/2183/1096 1096/1525/1092 640/301/261
f 576/306/266 582/2766/739 1095/2185/1089
f 1095/1520/1089 582/2767/739 578/303/263
f 634/335/295 1104/1535/1100 1106/1537/1101
f 1106/2187/1101 1103/313/273 632/315/275
f 583/305/265 1111/1543/1106 1113/1545/1107
f 1113/2190/1107 1110/334/294 584/336/296
f 479/383/343 482/934/692 1130/2192/1120
f 482/2193/692 478/380/340 1128/1559/1119
f 477/486/436 1137/488/438 1143/1566/1123
f 480/932/691 1143/2695/1123 1139/1570/1126
f 1134/446/406 1136/2198/1356 1142/1569/1125
f 1136/2196/1356 1135/381/341 1139/1570/1126
f 1144/2197/382 1146/2768/1359 1136/2198/1356
f 1136/2196/1356 1146/2203/1359 1145/2199/1357
f 1144/422/382 1124/2204/1360 1126/2200/1358
f 1126/2202/1358 1125/382/342 1145/2199/1357
f 1124/2204/1360 1129/443/403 1132/1563/1121
f 1126/2202/1358 1132/2694/1121 1128/1559/1119
f 486/939/535 489/941/698 1166/2205/1136
f 489/2206/698 485/374/334 1164/1582/1135
f 484/385/345 1170/384/344 1176/1589/1139
f 487/938/697 1176/2698/1139 1172/1593/1142
f 1177/444/404 1179/2211/1362 1175/1592/1141
f 1179/2209/1362 1178/375/335 1172/1593/1142
f 1180/2210/384 1182/2769/1365 1179/2211/1362
f 1179/2209/1362 1182/2216/1365 1181/2212/1363
f 1180/424/384 1160/2217/1366 1162/2213/1364
f 1162/2215/1364 1161/376/336 1181/2212/1363
f 1160/2217/1366 1165/441/401 1168/1586/1137
f 1162/2215/1364 1168/2697/1137 1164/1582/1135
f 1171/2208/1361 1173/1591/1140 1133/1564/1118
f 1173/2218/1140 1170/384/344 1127/1556/1116
f 1138/2195/1355 1140/1568/1124 1169/1587/1134
f 1140/2219/1124 1137/488/438 1163/487/437
f 493/946/409 496/948/689 1186/2220/1146
f 496/2221/689 492/395/355 1184/1598/1145
f 491/386/346 1202/388/348 1208/1605/1149
f 494/945/688 1208/2700/1149 1204/1606/1150
f 1196/431/391 1198/2227/1368 1207/2223/1151
f 1198/2225/1368 1197/396/356 1204/1606/1150
f 1196/431/391 1193/2687/393 1195/2226/1369
f 1198/2225/1368 1195/2232/1369 1194/2228/1370
f 1190/2229/1371 1192/2233/1372 1195/2230/1369
f 1192/2231/1372 1191/397/357 1194/2228/1370
f 1190/2229/1371 1185/442/402 1188/1602/1147
f 1192/2231/1372 1188/2699/1147 1184/1598/1145
f 499/377/337 1215/379/339 1221/1610/1153
f 503/956/694 1221/2701/1153 1217/392/352
f 1212/425/385 1214/2237/1373 1220/1613/1155
f 1214/2235/1373 1213/2238/1374 1217/392/352
f 1222/2236/392 1224/2770/1376 1214/2237/1373
f 1214/2235/1373 1224/2242/1376 1223/393/353
f 1225/2239/1375 1227/2244/1377 1224/2240/1376
f 1227/2241/1377 1226/2245/1379 1223/393/353
f 1225/2239/1375 1228/429/389 1234/2243/1378
f 1227/2241/1377 1234/2702/1378 1230/394/354
f 498/949/412 504/951/695 1233/2246/1159
f 504/2247/695 500/954/408 1230/394/354
f 1203/2224/1367 1205/2642/1380 1231/2248/1158
f 1205/2249/1380 1202/388/348 1229/387/347
f 1216/1616/1156 1218/1612/1154 1189/1603/1144
f 1218/2250/1154 1215/379/339 1183/378/338
f 507/389/349 510/962/706 1251/2251/1166
f 510/2252/706 506/407/367 1249/1630/1165
f 505/398/358 1147/400/360 1153/1574/1128
f 508/960/708 1153/2771/1128 1149/2254/1131
f 1154/445/405 1156/2259/1382 1152/1579/1132
f 1156/2256/1382 1155/408/368 1149/2254/1131
f 1209/2258/386 1211/2772/1385 1156/2259/1382
f 1156/2256/1382 1211/2264/1385 1210/2260/1383
f 1209/426/386 1238/2265/1386 1240/2261/1384
f 1240/2263/1384 1239/409/369 1210/2260/1383
f 1238/2265/1386 1250/430/390 1253/1575/1129
f 1240/2263/1384 1253/2704/1129 1249/1630/1165
f 1157/2266/1387 1159/2272/1389 1201/2267/1388
f 1159/2268/1389 1158/404/364 1199/2269/1390
f 1157/2266/1387 1117/373/333 1123/2271/1391
f 1159/2268/1389 1123/2773/1391 1119/2273/1114
f 514/967/430 517/969/701 1122/2274/1115
f 517/2275/701 513/405/365 1119/2273/1114
f 512/391/351 1241/390/350 1247/1622/1161
f 515/966/700 1247/2703/1161 1243/1624/1162
f 1235/428/388 1237/2280/1392 1246/1549/1110
f 1237/2278/1392 1236/406/366 1243/1624/1162
f 1200/2279/383 1201/2774/1388 1237/2280/1392
f 1237/2278/1392 1201/2270/1388 1199/2269/1390
f 1148/2255/1381 1150/2646/1393 1120/2281/1113
f 1150/2282/1393 1147/400/360 1118/399/359
f 1242/1548/1109 1244/1550/1111 1254/1576/1130
f 1244/2283/1111 1241/390/350 1248/1627/1163
f 521/974/433 524/976/710 1274/2284/1176
f 524/2285/710 520/416/376 1272/2286/1175
f 519/403/363 1261/402/362 1267/1635/1168
f 522/973/709 1267/2705/1168 1263/1639/1172
f 1258/427/387 1260/2291/1394 1266/1637/1170
f 1260/2289/1394 1259/417/377 1263/1639/1172
f 1255/2290/399 1257/2775/1397 1260/2291/1394
f 1260/2289/1394 1257/2296/1397 1256/2292/1395
f 1255/439/399 1268/2297/1398 1270/2293/1396
f 1270/2295/1396 1269/418/378 1256/2292/1395
f 1268/2297/1398 1273/440/400 1276/2298/1399
f 1270/2295/1396 1276/2776/1399 1272/2286/1175
f 528/401/361 531/982/703 1281/2299/1181
f 531/2300/703 527/410/370 1279/1651/1180
f 526/419/379 1294/421/381 1300/1658/1186
f 529/980/705 1300/2777/1186 1296/2302/1187
f 1291/438/398 1293/2306/1400 1299/1655/1183
f 1293/2303/1400 1292/411/371 1296/2302/1187
f 1288/2305/395 1290/2778/1402 1293/2306/1400
f 1293/2303/1400 1290/2310/1402 1289/2307/1401
f 1285/434/394 1287/2312/1403 1290/2308/1402
f 1287/2309/1403 1286/412/372 1289/2307/1401
f 1285/434/394 1280/437/397 1283/2311/1404
f 1287/2309/1403 1283/2706/1404 1279/1651/1180
f 1295/1654/1182 1297/1656/1184 1277/2313/1174
f 1297/2314/1184 1294/421/381 1271/420/380
f 1262/1636/1169 1264/1638/1171 1284/2315/1179
f 1264/2316/1171 1261/402/362 1278/1648/1177
f 422/595/535 1308/594/534 1314/1670/1196
f 426/882/699 1314/2708/1196 1310/456/415
f 1315/517/463 1317/2320/1405 1313/1673/1198
f 1317/2318/1405 1316/2321/1406 1310/456/415
f 1318/2319/462 1320/2779/1407 1317/2320/1405
f 1317/2318/1405 1320/2324/1407 1319/457/416
f 1321/515/461 1323/2326/1408 1320/2322/1407
f 1323/2323/1408 1322/2327/1410 1319/457/416
f 1321/515/461 1324/513/459 1330/2325/1409
f 1323/2323/1408 1330/2709/1409 1326/458/417
f 421/447/334 427/877/697 1329/2328/1203
f 427/2329/697 423/880/345 1326/458/417
f 430/593/337 433/888/696 1347/2330/1214
f 433/2331/696 429/453/412 1345/1692/1213
f 428/449/408 1363/448/407 1369/1699/1217
f 431/886/695 1369/2712/1217 1365/1703/1220
f 1360/499/447 1362/2336/1412 1368/1702/1219
f 1362/2334/1412 1361/454/413 1365/1703/1220
f 1360/499/447 1357/500/446 1359/2335/1413
f 1362/2334/1412 1359/2341/1413 1358/2337/1414
f 1351/2338/1415 1353/2342/1416 1359/2339/1413
f 1353/2340/1416 1352/455/414 1358/2337/1414
f 1351/2338/1415 1346/495/443 1349/1696/1215
f 1353/2340/1416 1349/2711/1215 1345/1692/1213
f 1364/2333/1411 1366/1701/1218 1327/2343/1202
f 1366/2344/1218 1363/448/407 1325/1677/1200
f 1309/1676/1199 1311/1672/1197 1350/1697/1212
f 1311/2345/1197 1308/594/534 1344/1689/1210
f 437/893/436 440/895/693 1399/2346/1232
f 440/2347/693 436/468/343 1397/1722/1231
f 435/459/340 1389/461/419 1395/1713/1225
f 438/892/692 1395/2714/1225 1391/1717/1228
f 1386/504/451 1388/2352/1418 1394/1716/1227
f 1388/2350/1418 1387/469/423 1391/1717/1228
f 1386/504/451 1406/503/450 1408/2351/1419
f 1388/2350/1418 1408/2357/1419 1407/2353/1420
f 1403/2354/1421 1405/2358/1422 1408/2355/1419
f 1405/2356/1422 1404/470/424 1407/2353/1420
f 1403/2354/1421 1398/505/452 1401/1726/1233
f 1405/2356/1422 1401/2715/1233 1397/1722/1231
f 444/900/355 447/902/688 1419/2359/1243
f 447/2360/688 443/465/346 1417/1738/1242
f 442/450/409 1426/452/411 1432/1745/1246
f 445/899/690 1432/2718/1246 1428/1749/1249
f 1423/507/454 1425/2365/1424 1431/1748/1248
f 1425/2363/1424 1424/466/421 1428/1749/1249
f 1423/507/454 1436/2688/456 1438/2364/1425
f 1425/2363/1424 1438/2369/1425 1437/2366/1426
f 1433/508/455 1435/2370/1427 1438/2367/1425
f 1435/2368/1427 1434/467/422 1437/2366/1426
f 1433/508/455 1418/502/449 1421/1742/1244
f 1435/2368/1427 1421/2717/1244 1417/1738/1242
f 1390/2349/1417 1392/1715/1226 1422/1743/1241
f 1392/2371/1226 1389/461/419 1416/460/418
f 1427/2362/1423 1429/1747/1247 1402/1727/1230
f 1429/2372/1247 1426/452/411 1396/451/410
f 451/462/351 454/908/702 1412/2373/1238
f 454/2374/702 450/480/430 1410/1731/1237
f 449/471/365 1331/473/426 1337/1683/1205
f 452/906/701 1337/2780/1205 1333/2376/1209
f 1338/511/457 1340/2380/1428 1336/1684/1206
f 1340/2377/1428 1339/481/431 1333/2376/1209
f 1354/2379/460 1356/2781/1431 1340/2380/1428
f 1340/2377/1428 1356/2385/1431 1355/2381/1429
f 1376/2382/1430 1378/2386/1432 1356/2383/1431
f 1378/2384/1432 1377/482/432 1355/2381/1429
f 1376/2382/1430 1411/501/448 1414/1735/1239
f 1378/2384/1432 1414/2716/1239 1410/1731/1237
f 1371/497/445 1341/496/444 1343/2387/1433
f 1343/2389/1433 1342/477/428 1370/2390/1435
f 1341/496/444 1301/436/396 1307/2392/1436
f 1343/2389/1433 1307/2782/1436 1303/2393/1193
f 458/913/370 461/915/705 1306/2394/1194
f 461/2395/705 457/478/379 1303/2393/1193
f 456/464/361 1379/463/420 1385/1707/1222
f 459/912/704 1385/2713/1222 1381/1709/1223
f 1373/512/458 1375/2400/1437 1384/1662/1189
f 1375/2398/1437 1374/479/429 1381/1709/1223
f 1371/2399/445 1372/2783/1434 1375/2400/1437
f 1375/2398/1437 1372/2391/1434 1370/2390/1435
f 1332/1686/1208 1334/1685/1207 1304/2401/1192
f 1334/2402/1207 1331/473/426 1302/472/425
f 1380/1661/1188 1382/1663/1190 1415/1734/1236
f 1382/2403/1190 1379/463/420 1409/1728/1234
f 465/493/367 468/921/708 1445/2404/1253
f 468/2405/708 464/489/358 1443/2406/1252
f 463/476/349 1449/475/427 1455/1761/1257
f 466/919/707 1455/2719/1257 1451/1763/1259
f 1456/527/472 1458/2411/1438 1454/1759/1256
f 1458/2409/1438 1457/490/439 1451/1763/1259
f 1459/2410/453 1461/2784/1441 1458/2411/1438
f 1458/2409/1438 1461/2416/1441 1460/2412/1439
f 1459/506/453 1439/2417/1442 1441/2413/1440
f 1441/2415/1440 1440/491/440 1460/2412/1439
f 1439/2417/1442 1444/522/468 1447/2418/1443
f 1441/2415/1440 1447/2785/1443 1443/2406/1252
f 472/474/363 475/928/711 1468/2419/1264
f 475/2420/711 471/483/433 1466/1769/1263
f 470/922/376 1472/492/441 1478/1776/1269
f 473/926/710 1478/2786/1269 1474/2422/1270
f 1479/524/470 1481/2425/1444 1477/1773/1266
f 1481/2423/1444 1480/484/434 1474/2422/1270
f 1482/523/469 1484/2787/1446 1481/2425/1444
f 1481/2423/1444 1484/2429/1446 1483/2426/1445
f 1462/525/471 1464/2431/1447 1484/2427/1446
f 1464/2428/1447 1463/485/435 1483/2426/1445
f 1462/525/471 1467/518/464 1470/2430/1448
f 1464/2428/1447 1470/2720/1448 1466/1769/1263
f 1473/1772/1265 1475/1774/1267 1448/2432/1251
f 1448/1753/1251 1475/2721/1267 1472/492/441
f 1450/1762/1258 1452/1758/1255 1471/2433/1262
f 1452/2434/1255 1449/475/427 1465/1766/1260
f 1491/2435/1449 1485/730/643 1487/2436/1450
f 1493/2438/1340 1487/2531/1450 1486/529/474
f 1500/2439/583 1491/2435/1449 1493/2437/1340
f 1493/2438/1340 1492/597/537 1501/533/478
f 1509/2442/1451 1500/2439/583 1502/2440/1341
f 1502/2441/1341 1501/533/478 1510/532/477
f 1513/2445/588 1509/2442/1451 1511/2443/1452
f 1511/2444/1452 1510/532/477 1512/535/480
f 1513/2445/588 1514/2446/1342 1520/2448/1453
f 1520/2450/1453 1514/2788/1342 1512/537/480
f 1518/2449/1454 1520/2448/1453 1526/2451/1455
f 1526/2453/1455 1520/2450/1453 1519/540/484
f 1524/2452/599 1526/2451/1455 1532/2454/1456
f 1532/2456/1456 1526/2453/1455 1525/542/486
f 1530/2455/1457 1532/2454/1456 1538/2457/1458
f 1532/2456/1456 1531/544/488 1537/546/490
f 1542/2460/1459 1536/2458/605 1538/2457/1458
f 1544/2462/1348 1538/2459/1458 1537/546/490
f 1542/2460/1459 1544/2461/1348 1550/2463/1460
f 1550/2465/1460 1544/2462/1348 1543/548/492
f 1548/2464/615 1550/2463/1460 1556/2466/1461
f 1550/2465/1460 1549/550/494 1555/552/496
f 1560/2469/628 1554/2467/1462 1556/2466/1461
f 1556/2468/1461 1555/552/496 1561/2471/498
f 1560/2469/628 1562/2470/1463 1568/2473/1464
f 1568/2475/1464 1562/2789/1463 1561/554/498
f 1572/2476/635 1566/2474/1465 1568/2473/1464
f 1574/2478/1353 1568/2475/1464 1567/557/500
f 1578/2479/1466 1572/2476/635 1574/2477/1353
f 1574/2478/1353 1573/559/502 1579/561/504
f 1578/2479/1466 1580/2480/1467 1586/2482/1468
f 1580/2481/1467 1579/561/504 1585/563/506
f 1590/2484/1469 1584/255/215 1586/2482/1468
f 1592/2486/1470 1586/2483/1468 1585/563/506
f 1596/2487/626 1590/2484/1469 1592/2485/1470
f 1598/2489/1471 1592/2486/1470 1591/565/508
f 1599/2490/1472 1596/2487/626 1598/2488/1471
f 1601/2492/1473 1598/2489/1471 1597/567/510
f 1602/2493/1474 1599/2490/1472 1601/2491/1473
f 1604/2495/1327 1601/2492/1473 1600/569/512
f 1608/2497/1475 1602/2493/1474 1604/2494/1327
f 1610/2499/1328 1604/2790/1327 1603/572/514
f 1614/2500/590 1608/2497/1475 1610/2498/1328
f 1610/2499/1328 1609/571/513 1615/574/516
f 1620/2503/1477 1614/2500/590 1616/2501/1476
f 1616/2502/1476 1615/574/516 1621/576/518
f 1626/2506/1478 1620/2503/1477 1622/2504/1330
f 1622/2505/1330 1621/576/518 1627/578/520
f 1626/2506/1478 1628/2507/1479 1634/2509/1480
f 1634/2511/1480 1628/2508/1479 1627/578/520
f 1632/2510/1481 1634/2509/1480 1640/2512/1482
f 1640/2514/1482 1634/2511/1480 1633/580/522
f 1644/2515/1483 1638/2513/601 1640/2512/1482
f 1646/2517/1334 1640/2514/1482 1639/582/524
f 1644/2515/1483 1646/2516/1334 1652/2518/1335
f 1652/2520/1335 1646/2517/1334 1645/584/526
f 1656/2521/1485 1651/2519/1484 1652/2518/1335
f 1652/2523/1335 1650/589/528 1657/588/530
f 1662/2525/622 1656/2521/1485 1658/2522/1486
f 1658/2524/1486 1657/588/530 1663/591/532
f 1662/2525/622 1664/2526/1487 1670/2528/1488
f 1664/2527/1487 1663/591/532 1669/530/475
f 1668/2529/1489 1670/2528/1488 1487/2436/1450
f 1670/2530/1488 1669/530/475 1486/529/474
f 1488/520/466 1490/2576/1491 1676/2532/1490
f 1490/2533/1491 1489/602/541 1674/665/579
f 1495/808/677 1497/807/676 1499/2535/1492
f 1496/2537/1493 1499/2542/1492 1498/640/564
f 1504/796/665 1506/809/678 1508/2538/1494
f 1505/2540/1495 1508/2544/1494 1507/613/547
f 1515/799/668 1517/2545/1496 1499/2535/1492
f 1517/2541/1496 1516/642/565 1498/640/564
f 1521/795/664 1523/2549/1497 1508/2538/1494
f 1523/2543/1497 1522/615/548 1507/613/547
f 1527/798/667 1529/2552/1498 1517/2545/1496
f 1529/2546/1498 1528/644/566 1516/2547/565
f 1533/794/663 1535/2554/1315 1523/2549/1497
f 1535/2550/1315 1534/617/521 1522/615/548
f 1527/798/667 1539/801/670 1541/2551/1499
f 1529/2546/1498 1541/2556/1499 1540/646/568
f 1533/794/663 1545/810/679 1547/2553/1500
f 1535/2550/1315 1547/2558/1500 1546/619/550
f 1551/800/669 1553/2559/1501 1541/2551/1499
f 1553/2555/1501 1552/648/569 1540/646/568
f 1557/811/680 1559/2561/1502 1547/2553/1500
f 1559/2557/1502 1558/621/551 1546/619/550
f 1563/802/671 1565/2564/1503 1553/2559/1501
f 1565/2560/1503 1564/650/570 1552/648/569
f 1569/818/687 1571/2566/1504 1559/2561/1502
f 1571/2562/1504 1570/623/553 1558/621/551
f 1563/802/671 1575/803/672 1577/2563/1505
f 1565/2560/1503 1577/2568/1505 1576/652/572
f 1569/818/687 1581/813/682 1583/2565/1506
f 1571/2562/1504 1583/2791/1506 1582/625/554
f 1587/804/673 1589/2571/1507 1577/2563/1505
f 1589/2567/1507 1588/654/573 1576/652/572
f 1593/812/681 1595/2573/1508 1583/2565/1506
f 1595/2569/1508 1594/628/556 1582/627/554
f 1605/805/674 1607/2578/1509 1589/2571/1507
f 1607/2572/1509 1606/656/574 1588/654/573
f 1611/814/683 1613/2580/1510 1595/2573/1508
f 1613/2574/1510 1612/630/557 1594/628/556
f 1488/520/466 1617/789/658 1619/2575/1511
f 1490/2533/1491 1619/2582/1511 1618/740/650
f 1605/805/674 1623/791/660 1625/2577/1512
f 1607/2572/1509 1625/2792/1512 1624/658/576
f 1611/814/683 1629/815/684 1631/2579/1513
f 1613/2574/1510 1631/2587/1513 1630/632/558
f 1635/792/661 1637/2589/1514 1619/2575/1511
f 1637/2581/1514 1636/668/581 1618/740/650
f 1641/790/659 1643/2590/1515 1625/2577/1512
f 1643/2583/1515 1642/661/577 1624/2584/576
f 1647/816/685 1649/2593/1516 1631/2579/1513
f 1649/2586/1516 1648/634/560 1630/632/558
f 1635/792/661 1653/806/675 1655/2588/1517
f 1637/2581/1514 1655/2595/1517 1654/605/543
f 1659/793/662 1661/2596/1518 1643/2590/1515
f 1661/2591/1518 1660/663/578 1642/661/577
f 1647/816/685 1665/817/686 1667/2592/1519
f 1649/2586/1516 1667/2597/1519 1666/636/561
f 1671/797/666 1673/2598/1520 1655/2588/1517
f 1673/2594/1520 1672/607/544 1654/605/543
f 1659/793/662 1675/521/467 1676/2532/1490
f 1661/2591/1518 1676/2534/1490 1674/665/579
f 1495/808/677 1496/2536/1493 1667/2592/1519
f 1496/2537/1493 1494/638/562 1666/636/561
f 1504/796/665 1505/2539/1495 1673/2598/1520
f 1505/2540/1495 1503/611/546 1672/610/544
f 202/849/355 204/851/688 1680/2600/1273
f 204/2601/688 201/747/346 1678/749/653
f 1684/751/651 1690/2793/1276 221/2603/695
f 1690/2604/1276 1686/748/652 215/862/412
f 1679/779/656 1682/1784/1274 1689/1788/1277
f 1682/2605/1274 1678/749/653 1686/748/652
f 180/737/340 1699/739/649 1701/2607/1287
f 1701/2609/1287 1698/2638/1284 181/756/343
f 194/750/334 200/842/697 1697/2610/1280
f 200/2612/697 196/758/345 1691/757/647
f 1712/755/649 1718/2794/1287 214/2614/692
f 1718/2615/1287 1714/2617/1284 208/734/343
f 1705/762/654 1711/1804/1282 1717/1812/1286
f 1711/2616/1282 1707/735/647 1714/2617/1284
f 223/744/334 225/872/697 1710/2619/1280
f 225/2621/697 222/736/345 1707/735/647
f 1719/761/653 1725/2795/1273 179/2623/688
f 179/821/688 1725/2796/1273 1721/754/648
f 1713/769/655 1715/1813/1288 1724/1818/1272
f 1715/2624/1288 1712/755/649 1721/754/648
f 1700/765/655 1703/1802/1288 1683/1781/1272
f 1703/2626/1288 1699/739/649 1677/738/648
f 1685/772/657 1687/1789/1278 1696/1794/1281
f 1687/2628/1278 1684/751/651 1693/2611/1283
f 1726/771/657 1732/1822/1278 1708/1803/1281
f 1732/2630/1278 1728/745/651 1706/2620/1283
f 188/835/412 190/837/695 1731/2632/1276
f 190/2633/695 187/746/408 1728/745/651
f 1720/767/656 1722/1819/1274 1729/1821/1277
f 1722/2635/1274 1719/761/653 1727/760/652
f 1692/770/654 1694/1795/1282 1704/1799/1286
f 1694/2637/1282 1691/757/647 1698/2638/1284
f 209/857/436 224/873/535 189/838/337
